09/08/27 02:04:05 Started
09/08/27 02:04:06 fiduciaweb: JDevOJSP: init
09/08/27 02:04:06 fiduciaweb: Started
09/08/27 02:06:41 Started
09/08/27 02:06:42 fiduciaweb: JDevOJSP: init
09/08/27 02:06:42 fiduciaweb: Started
09/08/27 02:07:57 Started
09/08/27 02:07:58 fiduciaweb: JDevOJSP: init
09/08/27 02:07:58 fiduciaweb: Started
09/08/28 00:27:37 Started
09/08/28 00:27:38 fiduciaweb: JDevOJSP: init
09/08/28 00:27:38 fiduciaweb: Started
09/08/28 00:30:52 Started
09/08/28 00:30:53 fiduciaweb: JDevOJSP: init
09/08/28 00:30:53 fiduciaweb: Started
09/08/28 00:31:00 Started
09/08/28 00:31:01 fiduciaweb: JDevOJSP: init
09/08/28 00:31:01 fiduciaweb: Started
09/08/28 00:44:49 Started
09/08/28 00:44:51 fiduciaweb: JDevOJSP: init
09/08/28 00:44:51 fiduciaweb: Started
09/08/28 00:49:24 Started
09/08/28 00:49:25 fiduciaweb: JDevOJSP: init
09/08/28 00:49:25 fiduciaweb: Started
09/08/28 00:54:58 Started
09/08/28 00:54:59 fiduciaweb: JDevOJSP: init
09/08/28 00:54:59 fiduciaweb: Started
09/08/28 01:32:22 Started
09/08/28 01:32:23 fiduciaweb: JDevOJSP: init
09/08/28 01:32:23 fiduciaweb: Started
09/08/28 01:36:38 Started
09/08/28 01:36:39 fiduciaweb: JDevOJSP: init
09/08/28 01:36:39 fiduciaweb: Started
09/09/04 03:31:11 Started
09/09/04 03:31:12 fiduciaweb: JDevOJSP: init
09/09/04 03:31:12 fiduciaweb: Started
09/09/04 03:31:20 fiduciaweb: Servlet error
java.lang.NullPointerException
	at _FI__ValidUser._jspService(FI_ValidUser.jsp:97)
	at com.orionserver[Oracle Application Server Containers for J2EE 10g (10.1.2.2.0)].http.OrionHttpJspPage.service(OrionHttpJspPage.java:56)
	at oracle.jsp.runtimev2.JspPageTable.service(JspPageTable.java:356)
	at oracle.jsp.runtimev2.JspServlet.internalService(JspServlet.java:498)
	at oracle.jsp.runtimev2.JspServlet.service(JspServlet.java:402)
	at javax.servlet.http.HttpServlet.service(HttpServlet.java:853)
	at com.evermind[Oracle Application Server Containers for J2EE 10g (10.1.2.2.0)].server.http.ResourceFilterChain.doFilter(ResourceFilterChain.java:65)
	at oracle.security.jazn.oc4j.JAZNFilter.doFilter(Unknown Source)
	at com.evermind[Oracle Application Server Containers for J2EE 10g (10.1.2.2.0)].server.http.ServletRequestDispatcher.invoke(ServletRequestDispatcher.java:673)
	at com.evermind[Oracle Application Server Containers for J2EE 10g (10.1.2.2.0)].server.http.ServletRequestDispatcher.forwardInternal(ServletRequestDispatcher.java:340)
	at com.evermind[Oracle Application Server Containers for J2EE 10g (10.1.2.2.0)].server.http.HttpRequestHandler.processRequest(HttpRequestHandler.java:830)
	at com.evermind[Oracle Application Server Containers for J2EE 10g (10.1.2.2.0)].server.http.HttpRequestHandler.run(HttpRequestHandler.java:285)
	at com.evermind[Oracle Application Server Containers for J2EE 10g (10.1.2.2.0)].server.http.HttpRequestHandler.run(HttpRequestHandler.java:126)
	at com.evermind[Oracle Application Server Containers for J2EE 10g (10.1.2.2.0)].util.ReleasableResourcePooledExecutor$MyWorker.run(ReleasableResourcePooledExecutor.java:192)
	at java.lang.Thread.run(Thread.java:534)
09/09/04 03:31:33 fiduciaweb: Servlet error
java.lang.NullPointerException
	at _FI__ValidUser._jspService(FI_ValidUser.jsp:97)
	at com.orionserver[Oracle Application Server Containers for J2EE 10g (10.1.2.2.0)].http.OrionHttpJspPage.service(OrionHttpJspPage.java:56)
	at oracle.jsp.runtimev2.JspPageTable.service(JspPageTable.java:356)
	at oracle.jsp.runtimev2.JspServlet.internalService(JspServlet.java:498)
	at oracle.jsp.runtimev2.JspServlet.service(JspServlet.java:402)
	at javax.servlet.http.HttpServlet.service(HttpServlet.java:853)
	at com.evermind[Oracle Application Server Containers for J2EE 10g (10.1.2.2.0)].server.http.ResourceFilterChain.doFilter(ResourceFilterChain.java:65)
	at oracle.security.jazn.oc4j.JAZNFilter.doFilter(Unknown Source)
	at com.evermind[Oracle Application Server Containers for J2EE 10g (10.1.2.2.0)].server.http.ServletRequestDispatcher.invoke(ServletRequestDispatcher.java:673)
	at com.evermind[Oracle Application Server Containers for J2EE 10g (10.1.2.2.0)].server.http.ServletRequestDispatcher.forwardInternal(ServletRequestDispatcher.java:340)
	at com.evermind[Oracle Application Server Containers for J2EE 10g (10.1.2.2.0)].server.http.HttpRequestHandler.processRequest(HttpRequestHandler.java:830)
	at com.evermind[Oracle Application Server Containers for J2EE 10g (10.1.2.2.0)].server.http.HttpRequestHandler.run(HttpRequestHandler.java:285)
	at com.evermind[Oracle Application Server Containers for J2EE 10g (10.1.2.2.0)].server.http.HttpRequestHandler.run(HttpRequestHandler.java:126)
	at com.evermind[Oracle Application Server Containers for J2EE 10g (10.1.2.2.0)].util.ReleasableResourcePooledExecutor$MyWorker.run(ReleasableResourcePooledExecutor.java:192)
	at java.lang.Thread.run(Thread.java:534)
09/09/04 03:48:14 Started
09/09/04 03:48:15 fiduciaweb: JDevOJSP: init
09/09/04 03:48:15 fiduciaweb: Started
09/09/04 03:59:02 Started
09/09/04 03:59:04 fiduciaweb: JDevOJSP: init
09/09/04 03:59:04 fiduciaweb: Started
09/09/04 04:13:29 Started
09/09/04 04:13:30 fiduciaweb: JDevOJSP: init
09/09/04 04:13:30 fiduciaweb: Started
09/09/04 04:25:15 Started
09/09/04 04:25:17 fiduciaweb: JDevOJSP: init
09/09/04 04:25:17 fiduciaweb: Started
09/09/04 04:30:54 fiduciaweb: Connection reset by peer: socket write error
09/09/04 04:30:54 fiduciaweb: Connection reset by peer: socket write error
09/09/04 04:30:54 fiduciaweb: Connection reset by peer: socket write error
09/09/04 04:30:54 fiduciaweb: Connection reset by peer: socket write error
09/09/04 04:45:56 Started
09/09/04 04:45:57 fiduciaweb: JDevOJSP: init
09/09/04 04:45:57 fiduciaweb: Started
09/09/04 04:51:14 fiduciaweb: Servlet error
java.lang.NullPointerException
	at _instruccion1._jspService(instruccion1.jsp:103)
	at com.orionserver[Oracle Application Server Containers for J2EE 10g (10.1.2.2.0)].http.OrionHttpJspPage.service(OrionHttpJspPage.java:56)
	at oracle.jsp.runtimev2.JspPageTable.service(JspPageTable.java:356)
	at oracle.jsp.runtimev2.JspServlet.internalService(JspServlet.java:498)
	at oracle.jsp.runtimev2.JspServlet.service(JspServlet.java:402)
	at javax.servlet.http.HttpServlet.service(HttpServlet.java:853)
	at com.evermind[Oracle Application Server Containers for J2EE 10g (10.1.2.2.0)].server.http.ResourceFilterChain.doFilter(ResourceFilterChain.java:65)
	at oracle.security.jazn.oc4j.JAZNFilter.doFilter(Unknown Source)
	at com.evermind[Oracle Application Server Containers for J2EE 10g (10.1.2.2.0)].server.http.ServletRequestDispatcher.invoke(ServletRequestDispatcher.java:673)
	at com.evermind[Oracle Application Server Containers for J2EE 10g (10.1.2.2.0)].server.http.ServletRequestDispatcher.forwardInternal(ServletRequestDispatcher.java:340)
	at com.evermind[Oracle Application Server Containers for J2EE 10g (10.1.2.2.0)].server.http.HttpRequestHandler.processRequest(HttpRequestHandler.java:830)
	at com.evermind[Oracle Application Server Containers for J2EE 10g (10.1.2.2.0)].server.http.HttpRequestHandler.run(HttpRequestHandler.java:285)
	at com.evermind[Oracle Application Server Containers for J2EE 10g (10.1.2.2.0)].server.http.HttpRequestHandler.run(HttpRequestHandler.java:126)
	at com.evermind[Oracle Application Server Containers for J2EE 10g (10.1.2.2.0)].util.ReleasableResourcePooledExecutor$MyWorker.run(ReleasableResourcePooledExecutor.java:192)
	at java.lang.Thread.run(Thread.java:534)
09/09/04 04:51:14 fiduciaweb: Connection reset by peer: socket write error
09/09/04 04:51:14 fiduciaweb: Connection reset by peer: socket write error
09/09/04 04:51:14 fiduciaweb: Connection reset by peer: socket write error
09/09/04 04:51:14 fiduciaweb: Connection reset by peer: socket write error
09/09/04 04:52:42 fiduciaweb: Servlet error
java.lang.NullPointerException
	at _instruccion1._jspService(instruccion1.jsp:103)
	at com.orionserver[Oracle Application Server Containers for J2EE 10g (10.1.2.2.0)].http.OrionHttpJspPage.service(OrionHttpJspPage.java:56)
	at oracle.jsp.runtimev2.JspPageTable.service(JspPageTable.java:356)
	at oracle.jsp.runtimev2.JspServlet.internalService(JspServlet.java:498)
	at oracle.jsp.runtimev2.JspServlet.service(JspServlet.java:402)
	at javax.servlet.http.HttpServlet.service(HttpServlet.java:853)
	at com.evermind[Oracle Application Server Containers for J2EE 10g (10.1.2.2.0)].server.http.ResourceFilterChain.doFilter(ResourceFilterChain.java:65)
	at oracle.security.jazn.oc4j.JAZNFilter.doFilter(Unknown Source)
	at com.evermind[Oracle Application Server Containers for J2EE 10g (10.1.2.2.0)].server.http.ServletRequestDispatcher.invoke(ServletRequestDispatcher.java:673)
	at com.evermind[Oracle Application Server Containers for J2EE 10g (10.1.2.2.0)].server.http.ServletRequestDispatcher.forwardInternal(ServletRequestDispatcher.java:340)
	at com.evermind[Oracle Application Server Containers for J2EE 10g (10.1.2.2.0)].server.http.HttpRequestHandler.processRequest(HttpRequestHandler.java:830)
	at com.evermind[Oracle Application Server Containers for J2EE 10g (10.1.2.2.0)].server.http.HttpRequestHandler.run(HttpRequestHandler.java:285)
	at com.evermind[Oracle Application Server Containers for J2EE 10g (10.1.2.2.0)].server.http.HttpRequestHandler.run(HttpRequestHandler.java:126)
	at com.evermind[Oracle Application Server Containers for J2EE 10g (10.1.2.2.0)].util.ReleasableResourcePooledExecutor$MyWorker.run(ReleasableResourcePooledExecutor.java:186)
	at java.lang.Thread.run(Thread.java:534)
09/09/04 04:52:42 fiduciaweb: Connection reset by peer: socket write error
09/09/04 04:52:42 fiduciaweb: Connection reset by peer: socket write error
09/09/04 04:52:42 fiduciaweb: Connection reset by peer: socket write error
09/09/04 04:52:42 fiduciaweb: Connection reset by peer: socket write error
09/09/04 04:55:06 Started
09/09/04 04:55:07 fiduciaweb: JDevOJSP: init
09/09/04 04:55:07 fiduciaweb: Started
09/09/04 04:56:55 fiduciaweb: Servlet error
java.lang.NullPointerException
	at _instruccion1._jspService(instruccion1.jsp:103)
	at com.orionserver[Oracle Application Server Containers for J2EE 10g (10.1.2.2.0)].http.OrionHttpJspPage.service(OrionHttpJspPage.java:56)
	at oracle.jsp.runtimev2.JspPageTable.service(JspPageTable.java:356)
	at oracle.jsp.runtimev2.JspServlet.internalService(JspServlet.java:498)
	at oracle.jsp.runtimev2.JspServlet.service(JspServlet.java:402)
	at javax.servlet.http.HttpServlet.service(HttpServlet.java:853)
	at com.evermind[Oracle Application Server Containers for J2EE 10g (10.1.2.2.0)].server.http.ResourceFilterChain.doFilter(ResourceFilterChain.java:65)
	at oracle.security.jazn.oc4j.JAZNFilter.doFilter(Unknown Source)
	at com.evermind[Oracle Application Server Containers for J2EE 10g (10.1.2.2.0)].server.http.ServletRequestDispatcher.invoke(ServletRequestDispatcher.java:673)
	at com.evermind[Oracle Application Server Containers for J2EE 10g (10.1.2.2.0)].server.http.ServletRequestDispatcher.forwardInternal(ServletRequestDispatcher.java:340)
	at com.evermind[Oracle Application Server Containers for J2EE 10g (10.1.2.2.0)].server.http.HttpRequestHandler.processRequest(HttpRequestHandler.java:830)
	at com.evermind[Oracle Application Server Containers for J2EE 10g (10.1.2.2.0)].server.http.HttpRequestHandler.run(HttpRequestHandler.java:285)
	at com.evermind[Oracle Application Server Containers for J2EE 10g (10.1.2.2.0)].server.http.HttpRequestHandler.run(HttpRequestHandler.java:126)
	at com.evermind[Oracle Application Server Containers for J2EE 10g (10.1.2.2.0)].util.ReleasableResourcePooledExecutor$MyWorker.run(ReleasableResourcePooledExecutor.java:192)
	at java.lang.Thread.run(Thread.java:534)
09/09/04 05:00:25 Started
09/09/04 05:00:26 fiduciaweb: JDevOJSP: init
09/09/04 05:00:26 fiduciaweb: Started
09/09/04 05:06:39 fiduciaweb: Servlet error
java.lang.IllegalStateException: IOException: Connection reset
	at com.evermind[Oracle Application Server Containers for J2EE 10g (10.1.2.2.0)].server.http.EvermindHttpServletRequest.getParameter(EvermindHttpServletRequest.java:2459)
	at _FI__Instruccion2._jspService(FI_Instruccion2.jsp:23)
	at com.orionserver[Oracle Application Server Containers for J2EE 10g (10.1.2.2.0)].http.OrionHttpJspPage.service(OrionHttpJspPage.java:56)
	at oracle.jsp.runtimev2.JspPageTable.service(JspPageTable.java:356)
	at oracle.jsp.runtimev2.JspServlet.internalService(JspServlet.java:498)
	at oracle.jsp.runtimev2.JspServlet.service(JspServlet.java:402)
	at javax.servlet.http.HttpServlet.service(HttpServlet.java:853)
	at com.evermind[Oracle Application Server Containers for J2EE 10g (10.1.2.2.0)].server.http.ResourceFilterChain.doFilter(ResourceFilterChain.java:65)
	at oracle.security.jazn.oc4j.JAZNFilter.doFilter(Unknown Source)
	at com.evermind[Oracle Application Server Containers for J2EE 10g (10.1.2.2.0)].server.http.ServletRequestDispatcher.invoke(ServletRequestDispatcher.java:673)
	at com.evermind[Oracle Application Server Containers for J2EE 10g (10.1.2.2.0)].server.http.ServletRequestDispatcher.forwardInternal(ServletRequestDispatcher.java:340)
	at com.evermind[Oracle Application Server Containers for J2EE 10g (10.1.2.2.0)].server.http.HttpRequestHandler.processRequest(HttpRequestHandler.java:830)
	at com.evermind[Oracle Application Server Containers for J2EE 10g (10.1.2.2.0)].server.http.HttpRequestHandler.run(HttpRequestHandler.java:285)
	at com.evermind[Oracle Application Server Containers for J2EE 10g (10.1.2.2.0)].server.http.HttpRequestHandler.run(HttpRequestHandler.java:126)
	at com.evermind[Oracle Application Server Containers for J2EE 10g (10.1.2.2.0)].util.ReleasableResourcePooledExecutor$MyWorker.run(ReleasableResourcePooledExecutor.java:192)
	at java.lang.Thread.run(Thread.java:534)
09/09/04 05:06:39 fiduciaweb: Connection reset by peer: socket write error
09/09/04 05:07:13 fiduciaweb: JspServlet: unable to dispatch to requested page: java.lang.ClassNotFoundException: _imagenes._msur01
	at oracle.jsp.runtimev2.JspClassLoader.loadClass(JspClassLoader.java:875)
	at java.lang.ClassLoader.loadClass(ClassLoader.java:235)
	at oracle.jsp.runtimev2.JspPageInfo.getInstFacade(JspPageInfo.java:172)
	at oracle.jsp.runtimev2.JspPageInfo.compileAndLoad(JspPageInfo.java:516)
	at oracle.jsp.runtimev2.JspPageTable.compileAndServe(JspPageTable.java:548)
	at oracle.jsp.runtimev2.JspPageTable.service(JspPageTable.java:311)
	at oracle.jsp.runtimev2.JspServlet.internalService(JspServlet.java:498)
	at oracle.jsp.runtimev2.JspServlet.service(JspServlet.java:402)
	at javax.servlet.http.HttpServlet.service(HttpServlet.java:853)
	at com.evermind.server.http.ResourceFilterChain.doFilter(ResourceFilterChain.java:65)
	at oracle.security.jazn.oc4j.JAZNFilter.doFilter(Unknown Source)
	at com.evermind.server.http.ServletRequestDispatcher.invoke(ServletRequestDispatcher.java:673)
	at com.evermind.server.http.ServletRequestDispatcher.forwardInternal(ServletRequestDispatcher.java:340)
	at com.evermind.server.http.HttpRequestHandler.processRequest(HttpRequestHandler.java:830)
	at com.evermind.server.http.HttpRequestHandler.run(HttpRequestHandler.java:285)
	at com.evermind.server.http.HttpRequestHandler.run(HttpRequestHandler.java:126)
	at com.evermind.util.ReleasableResourcePooledExecutor$MyWorker.run(ReleasableResourcePooledExecutor.java:192)
	at java.lang.Thread.run(Thread.java:534)

09/09/04 05:25:06 Started
09/09/04 05:25:08 fiduciaweb: JDevOJSP: init
09/09/04 05:25:08 fiduciaweb: Started
09/09/04 05:45:14 Started
09/09/04 05:45:15 fiduciaweb: JDevOJSP: init
09/09/04 05:45:15 fiduciaweb: Started
09/09/04 05:56:43 Started
09/09/04 05:56:44 fiduciaweb: JDevOJSP: init
09/09/04 05:56:44 fiduciaweb: Started
09/09/04 20:02:16 Started
09/09/04 20:02:19 fiduciaweb: JDevOJSP: init
09/09/04 20:02:19 fiduciaweb: Started
09/09/04 20:05:09 Started
09/09/04 20:05:11 fiduciaweb: JDevOJSP: init
09/09/04 20:05:11 fiduciaweb: Started
09/09/04 20:11:32 fiduciaweb: Servlet error
java.lang.ArrayIndexOutOfBoundsException: 2
	at _confirmarInst__10._jspService(confirmarInst_10.jsp:31)
	at com.orionserver[Oracle Application Server Containers for J2EE 10g (10.1.2.2.0)].http.OrionHttpJspPage.service(OrionHttpJspPage.java:56)
	at oracle.jsp.runtimev2.JspPageTable.compileAndServe(JspPageTable.java:575)
	at oracle.jsp.runtimev2.JspPageTable.service(JspPageTable.java:311)
	at oracle.jsp.runtimev2.JspServlet.internalService(JspServlet.java:498)
	at oracle.jsp.runtimev2.JspServlet.service(JspServlet.java:402)
	at javax.servlet.http.HttpServlet.service(HttpServlet.java:853)
	at com.evermind[Oracle Application Server Containers for J2EE 10g (10.1.2.2.0)].server.http.ResourceFilterChain.doFilter(ResourceFilterChain.java:65)
	at oracle.security.jazn.oc4j.JAZNFilter.doFilter(Unknown Source)
	at com.evermind[Oracle Application Server Containers for J2EE 10g (10.1.2.2.0)].server.http.ServletRequestDispatcher.invoke(ServletRequestDispatcher.java:673)
	at com.evermind[Oracle Application Server Containers for J2EE 10g (10.1.2.2.0)].server.http.ServletRequestDispatcher.forwardInternal(ServletRequestDispatcher.java:340)
	at com.evermind[Oracle Application Server Containers for J2EE 10g (10.1.2.2.0)].server.http.HttpRequestHandler.processRequest(HttpRequestHandler.java:830)
	at com.evermind[Oracle Application Server Containers for J2EE 10g (10.1.2.2.0)].server.http.HttpRequestHandler.run(HttpRequestHandler.java:285)
	at com.evermind[Oracle Application Server Containers for J2EE 10g (10.1.2.2.0)].server.http.HttpRequestHandler.run(HttpRequestHandler.java:126)
	at com.evermind[Oracle Application Server Containers for J2EE 10g (10.1.2.2.0)].util.ReleasableResourcePooledExecutor$MyWorker.run(ReleasableResourcePooledExecutor.java:186)
	at java.lang.Thread.run(Thread.java:534)
09/09/04 20:17:29 Started
09/09/04 20:17:30 fiduciaweb: JDevOJSP: init
09/09/04 20:17:30 fiduciaweb: Started
09/09/04 21:28:51 Started
09/09/04 21:28:53 fiduciaweb: JDevOJSP: init
09/09/04 21:28:53 fiduciaweb: Started
09/09/04 21:36:30 fiduciaweb: JspServlet: unable to dispatch to requested page: java.lang.ClassNotFoundException: _imagenes._msur01
	at oracle.jsp.runtimev2.JspClassLoader.loadClass(JspClassLoader.java:875)
	at java.lang.ClassLoader.loadClass(ClassLoader.java:235)
	at oracle.jsp.runtimev2.JspPageInfo.getInstFacade(JspPageInfo.java:172)
	at oracle.jsp.runtimev2.JspPageInfo.compileAndLoad(JspPageInfo.java:516)
	at oracle.jsp.runtimev2.JspPageTable.compileAndServe(JspPageTable.java:548)
	at oracle.jsp.runtimev2.JspPageTable.service(JspPageTable.java:311)
	at oracle.jsp.runtimev2.JspServlet.internalService(JspServlet.java:498)
	at oracle.jsp.runtimev2.JspServlet.service(JspServlet.java:402)
	at javax.servlet.http.HttpServlet.service(HttpServlet.java:853)
	at com.evermind.server.http.ResourceFilterChain.doFilter(ResourceFilterChain.java:65)
	at oracle.security.jazn.oc4j.JAZNFilter.doFilter(Unknown Source)
	at com.evermind.server.http.ServletRequestDispatcher.invoke(ServletRequestDispatcher.java:673)
	at com.evermind.server.http.ServletRequestDispatcher.forwardInternal(ServletRequestDispatcher.java:340)
	at com.evermind.server.http.HttpRequestHandler.processRequest(HttpRequestHandler.java:830)
	at com.evermind.server.http.HttpRequestHandler.run(HttpRequestHandler.java:285)
	at com.evermind.server.http.HttpRequestHandler.run(HttpRequestHandler.java:126)
	at com.evermind.util.ReleasableResourcePooledExecutor$MyWorker.run(ReleasableResourcePooledExecutor.java:192)
	at java.lang.Thread.run(Thread.java:534)

09/09/04 22:35:42 Started
09/09/04 22:35:43 fiduciaweb: JDevOJSP: init
09/09/04 22:35:43 fiduciaweb: Started
09/09/04 22:39:13 fiduciaweb: JspServlet: unable to dispatch to requested page: java.lang.ClassNotFoundException: _imagenes._msur01
	at oracle.jsp.runtimev2.JspClassLoader.loadClass(JspClassLoader.java:875)
	at java.lang.ClassLoader.loadClass(ClassLoader.java:235)
	at oracle.jsp.runtimev2.JspPageInfo.getInstFacade(JspPageInfo.java:172)
	at oracle.jsp.runtimev2.JspPageInfo.compileAndLoad(JspPageInfo.java:516)
	at oracle.jsp.runtimev2.JspPageTable.compileAndServe(JspPageTable.java:548)
	at oracle.jsp.runtimev2.JspPageTable.service(JspPageTable.java:311)
	at oracle.jsp.runtimev2.JspServlet.internalService(JspServlet.java:498)
	at oracle.jsp.runtimev2.JspServlet.service(JspServlet.java:402)
	at javax.servlet.http.HttpServlet.service(HttpServlet.java:853)
	at com.evermind.server.http.ResourceFilterChain.doFilter(ResourceFilterChain.java:65)
	at oracle.security.jazn.oc4j.JAZNFilter.doFilter(Unknown Source)
	at com.evermind.server.http.ServletRequestDispatcher.invoke(ServletRequestDispatcher.java:673)
	at com.evermind.server.http.ServletRequestDispatcher.forwardInternal(ServletRequestDispatcher.java:340)
	at com.evermind.server.http.HttpRequestHandler.processRequest(HttpRequestHandler.java:830)
	at com.evermind.server.http.HttpRequestHandler.run(HttpRequestHandler.java:285)
	at com.evermind.server.http.HttpRequestHandler.run(HttpRequestHandler.java:126)
	at com.evermind.util.ReleasableResourcePooledExecutor$MyWorker.run(ReleasableResourcePooledExecutor.java:192)
	at java.lang.Thread.run(Thread.java:534)

09/09/04 22:42:46 Started
09/09/04 22:42:47 fiduciaweb: JDevOJSP: init
09/09/04 22:42:47 fiduciaweb: Started
09/09/04 22:44:36 fiduciaweb: JspServlet: unable to dispatch to requested page: java.lang.ClassNotFoundException: _imagenes._msur01
	at oracle.jsp.runtimev2.JspClassLoader.loadClass(JspClassLoader.java:875)
	at java.lang.ClassLoader.loadClass(ClassLoader.java:235)
	at oracle.jsp.runtimev2.JspPageInfo.getInstFacade(JspPageInfo.java:172)
	at oracle.jsp.runtimev2.JspPageInfo.compileAndLoad(JspPageInfo.java:516)
	at oracle.jsp.runtimev2.JspPageTable.compileAndServe(JspPageTable.java:548)
	at oracle.jsp.runtimev2.JspPageTable.service(JspPageTable.java:311)
	at oracle.jsp.runtimev2.JspServlet.internalService(JspServlet.java:498)
	at oracle.jsp.runtimev2.JspServlet.service(JspServlet.java:402)
	at javax.servlet.http.HttpServlet.service(HttpServlet.java:853)
	at com.evermind.server.http.ResourceFilterChain.doFilter(ResourceFilterChain.java:65)
	at oracle.security.jazn.oc4j.JAZNFilter.doFilter(Unknown Source)
	at com.evermind.server.http.ServletRequestDispatcher.invoke(ServletRequestDispatcher.java:673)
	at com.evermind.server.http.ServletRequestDispatcher.forwardInternal(ServletRequestDispatcher.java:340)
	at com.evermind.server.http.HttpRequestHandler.processRequest(HttpRequestHandler.java:830)
	at com.evermind.server.http.HttpRequestHandler.run(HttpRequestHandler.java:285)
	at com.evermind.server.http.HttpRequestHandler.run(HttpRequestHandler.java:126)
	at com.evermind.util.ReleasableResourcePooledExecutor$MyWorker.run(ReleasableResourcePooledExecutor.java:192)
	at java.lang.Thread.run(Thread.java:534)

09/09/04 22:45:16 fiduciaweb: Servlet error
java.lang.IllegalStateException: IOException: Connection reset
	at com.evermind[Oracle Application Server Containers for J2EE 10g (10.1.2.2.0)].server.http.EvermindHttpServletRequest.getParameter(EvermindHttpServletRequest.java:2459)
	at _FI__Instruccion2._jspService(FI_Instruccion2.jsp:23)
	at com.orionserver[Oracle Application Server Containers for J2EE 10g (10.1.2.2.0)].http.OrionHttpJspPage.service(OrionHttpJspPage.java:56)
	at oracle.jsp.runtimev2.JspPageTable.service(JspPageTable.java:356)
	at oracle.jsp.runtimev2.JspServlet.internalService(JspServlet.java:498)
	at oracle.jsp.runtimev2.JspServlet.service(JspServlet.java:402)
	at javax.servlet.http.HttpServlet.service(HttpServlet.java:853)
	at com.evermind[Oracle Application Server Containers for J2EE 10g (10.1.2.2.0)].server.http.ResourceFilterChain.doFilter(ResourceFilterChain.java:65)
	at oracle.security.jazn.oc4j.JAZNFilter.doFilter(Unknown Source)
	at com.evermind[Oracle Application Server Containers for J2EE 10g (10.1.2.2.0)].server.http.ServletRequestDispatcher.invoke(ServletRequestDispatcher.java:673)
	at com.evermind[Oracle Application Server Containers for J2EE 10g (10.1.2.2.0)].server.http.ServletRequestDispatcher.forwardInternal(ServletRequestDispatcher.java:340)
	at com.evermind[Oracle Application Server Containers for J2EE 10g (10.1.2.2.0)].server.http.HttpRequestHandler.processRequest(HttpRequestHandler.java:830)
	at com.evermind[Oracle Application Server Containers for J2EE 10g (10.1.2.2.0)].server.http.HttpRequestHandler.run(HttpRequestHandler.java:285)
	at com.evermind[Oracle Application Server Containers for J2EE 10g (10.1.2.2.0)].server.http.HttpRequestHandler.run(HttpRequestHandler.java:126)
	at com.evermind[Oracle Application Server Containers for J2EE 10g (10.1.2.2.0)].util.ReleasableResourcePooledExecutor$MyWorker.run(ReleasableResourcePooledExecutor.java:192)
	at java.lang.Thread.run(Thread.java:534)
09/09/04 22:45:16 fiduciaweb: Connection reset by peer: socket write error
09/09/04 22:45:16 fiduciaweb: Servlet error
java.lang.IllegalStateException: IOException: Connection reset
	at com.evermind[Oracle Application Server Containers for J2EE 10g (10.1.2.2.0)].server.http.EvermindHttpServletRequest.getParameter(EvermindHttpServletRequest.java:2459)
	at _FI__Instruccion2._jspService(FI_Instruccion2.jsp:23)
	at com.orionserver[Oracle Application Server Containers for J2EE 10g (10.1.2.2.0)].http.OrionHttpJspPage.service(OrionHttpJspPage.java:56)
	at oracle.jsp.runtimev2.JspPageTable.service(JspPageTable.java:356)
	at oracle.jsp.runtimev2.JspServlet.internalService(JspServlet.java:498)
	at oracle.jsp.runtimev2.JspServlet.service(JspServlet.java:402)
	at javax.servlet.http.HttpServlet.service(HttpServlet.java:853)
	at com.evermind[Oracle Application Server Containers for J2EE 10g (10.1.2.2.0)].server.http.ResourceFilterChain.doFilter(ResourceFilterChain.java:65)
	at oracle.security.jazn.oc4j.JAZNFilter.doFilter(Unknown Source)
	at com.evermind[Oracle Application Server Containers for J2EE 10g (10.1.2.2.0)].server.http.ServletRequestDispatcher.invoke(ServletRequestDispatcher.java:673)
	at com.evermind[Oracle Application Server Containers for J2EE 10g (10.1.2.2.0)].server.http.ServletRequestDispatcher.forwardInternal(ServletRequestDispatcher.java:340)
	at com.evermind[Oracle Application Server Containers for J2EE 10g (10.1.2.2.0)].server.http.HttpRequestHandler.processRequest(HttpRequestHandler.java:830)
	at com.evermind[Oracle Application Server Containers for J2EE 10g (10.1.2.2.0)].server.http.HttpRequestHandler.run(HttpRequestHandler.java:285)
	at com.evermind[Oracle Application Server Containers for J2EE 10g (10.1.2.2.0)].server.http.HttpRequestHandler.run(HttpRequestHandler.java:126)
	at com.evermind[Oracle Application Server Containers for J2EE 10g (10.1.2.2.0)].util.ReleasableResourcePooledExecutor$MyWorker.run(ReleasableResourcePooledExecutor.java:186)
	at java.lang.Thread.run(Thread.java:534)
09/09/04 22:45:16 fiduciaweb: Connection reset by peer: socket write error
09/09/04 22:45:56 fiduciaweb: JspServlet: unable to dispatch to requested page: java.lang.ClassNotFoundException: _imagenes._msur01
	at oracle.jsp.runtimev2.JspClassLoader.loadClass(JspClassLoader.java:875)
	at java.lang.ClassLoader.loadClass(ClassLoader.java:235)
	at oracle.jsp.runtimev2.JspPageInfo.getInstFacade(JspPageInfo.java:172)
	at oracle.jsp.runtimev2.JspPageInfo.compileAndLoad(JspPageInfo.java:516)
	at oracle.jsp.runtimev2.JspPageTable.compileAndServe(JspPageTable.java:548)
	at oracle.jsp.runtimev2.JspPageTable.service(JspPageTable.java:311)
	at oracle.jsp.runtimev2.JspServlet.internalService(JspServlet.java:498)
	at oracle.jsp.runtimev2.JspServlet.service(JspServlet.java:402)
	at javax.servlet.http.HttpServlet.service(HttpServlet.java:853)
	at com.evermind.server.http.ResourceFilterChain.doFilter(ResourceFilterChain.java:65)
	at oracle.security.jazn.oc4j.JAZNFilter.doFilter(Unknown Source)
	at com.evermind.server.http.ServletRequestDispatcher.invoke(ServletRequestDispatcher.java:673)
	at com.evermind.server.http.ServletRequestDispatcher.forwardInternal(ServletRequestDispatcher.java:340)
	at com.evermind.server.http.HttpRequestHandler.processRequest(HttpRequestHandler.java:830)
	at com.evermind.server.http.HttpRequestHandler.run(HttpRequestHandler.java:285)
	at com.evermind.server.http.HttpRequestHandler.run(HttpRequestHandler.java:126)
	at com.evermind.util.ReleasableResourcePooledExecutor$MyWorker.run(ReleasableResourcePooledExecutor.java:192)
	at java.lang.Thread.run(Thread.java:534)

09/09/04 22:46:44 fiduciaweb: JspServlet: unable to dispatch to requested page: java.lang.ClassNotFoundException: _imagenes._msur01
	at oracle.jsp.runtimev2.JspClassLoader.loadClass(JspClassLoader.java:875)
	at java.lang.ClassLoader.loadClass(ClassLoader.java:235)
	at oracle.jsp.runtimev2.JspPageInfo.getInstFacade(JspPageInfo.java:172)
	at oracle.jsp.runtimev2.JspPageInfo.compileAndLoad(JspPageInfo.java:516)
	at oracle.jsp.runtimev2.JspPageTable.compileAndServe(JspPageTable.java:548)
	at oracle.jsp.runtimev2.JspPageTable.service(JspPageTable.java:311)
	at oracle.jsp.runtimev2.JspServlet.internalService(JspServlet.java:498)
	at oracle.jsp.runtimev2.JspServlet.service(JspServlet.java:402)
	at javax.servlet.http.HttpServlet.service(HttpServlet.java:853)
	at com.evermind.server.http.ResourceFilterChain.doFilter(ResourceFilterChain.java:65)
	at oracle.security.jazn.oc4j.JAZNFilter.doFilter(Unknown Source)
	at com.evermind.server.http.ServletRequestDispatcher.invoke(ServletRequestDispatcher.java:673)
	at com.evermind.server.http.ServletRequestDispatcher.forwardInternal(ServletRequestDispatcher.java:340)
	at com.evermind.server.http.HttpRequestHandler.processRequest(HttpRequestHandler.java:830)
	at com.evermind.server.http.HttpRequestHandler.run(HttpRequestHandler.java:285)
	at com.evermind.server.http.HttpRequestHandler.run(HttpRequestHandler.java:126)
	at com.evermind.util.ReleasableResourcePooledExecutor$MyWorker.run(ReleasableResourcePooledExecutor.java:192)
	at java.lang.Thread.run(Thread.java:534)

09/09/04 23:03:44 fiduciaweb: JspServlet: unable to dispatch to requested page: java.lang.ClassNotFoundException: _imagenes._msur01
	at oracle.jsp.runtimev2.JspClassLoader.loadClass(JspClassLoader.java:875)
	at java.lang.ClassLoader.loadClass(ClassLoader.java:235)
	at oracle.jsp.runtimev2.JspPageInfo.getInstFacade(JspPageInfo.java:172)
	at oracle.jsp.runtimev2.JspPageInfo.compileAndLoad(JspPageInfo.java:516)
	at oracle.jsp.runtimev2.JspPageTable.compileAndServe(JspPageTable.java:548)
	at oracle.jsp.runtimev2.JspPageTable.service(JspPageTable.java:311)
	at oracle.jsp.runtimev2.JspServlet.internalService(JspServlet.java:498)
	at oracle.jsp.runtimev2.JspServlet.service(JspServlet.java:402)
	at javax.servlet.http.HttpServlet.service(HttpServlet.java:853)
	at com.evermind.server.http.ResourceFilterChain.doFilter(ResourceFilterChain.java:65)
	at oracle.security.jazn.oc4j.JAZNFilter.doFilter(Unknown Source)
	at com.evermind.server.http.ServletRequestDispatcher.invoke(ServletRequestDispatcher.java:673)
	at com.evermind.server.http.ServletRequestDispatcher.forwardInternal(ServletRequestDispatcher.java:340)
	at com.evermind.server.http.HttpRequestHandler.processRequest(HttpRequestHandler.java:830)
	at com.evermind.server.http.HttpRequestHandler.run(HttpRequestHandler.java:285)
	at com.evermind.server.http.HttpRequestHandler.run(HttpRequestHandler.java:126)
	at com.evermind.util.ReleasableResourcePooledExecutor$MyWorker.run(ReleasableResourcePooledExecutor.java:192)
	at java.lang.Thread.run(Thread.java:534)

09/09/04 23:07:43 fiduciaweb: JspServlet: unable to dispatch to requested page: java.lang.ClassNotFoundException: _imagenes._msur01
	at oracle.jsp.runtimev2.JspClassLoader.loadClass(JspClassLoader.java:875)
	at java.lang.ClassLoader.loadClass(ClassLoader.java:235)
	at oracle.jsp.runtimev2.JspPageInfo.getInstFacade(JspPageInfo.java:172)
	at oracle.jsp.runtimev2.JspPageInfo.compileAndLoad(JspPageInfo.java:516)
	at oracle.jsp.runtimev2.JspPageTable.compileAndServe(JspPageTable.java:548)
	at oracle.jsp.runtimev2.JspPageTable.service(JspPageTable.java:311)
	at oracle.jsp.runtimev2.JspServlet.internalService(JspServlet.java:498)
	at oracle.jsp.runtimev2.JspServlet.service(JspServlet.java:402)
	at javax.servlet.http.HttpServlet.service(HttpServlet.java:853)
	at com.evermind.server.http.ResourceFilterChain.doFilter(ResourceFilterChain.java:65)
	at oracle.security.jazn.oc4j.JAZNFilter.doFilter(Unknown Source)
	at com.evermind.server.http.ServletRequestDispatcher.invoke(ServletRequestDispatcher.java:673)
	at com.evermind.server.http.ServletRequestDispatcher.forwardInternal(ServletRequestDispatcher.java:340)
	at com.evermind.server.http.HttpRequestHandler.processRequest(HttpRequestHandler.java:830)
	at com.evermind.server.http.HttpRequestHandler.run(HttpRequestHandler.java:285)
	at com.evermind.server.http.HttpRequestHandler.run(HttpRequestHandler.java:126)
	at com.evermind.util.ReleasableResourcePooledExecutor$MyWorker.run(ReleasableResourcePooledExecutor.java:192)
	at java.lang.Thread.run(Thread.java:534)

09/09/04 23:10:05 fiduciaweb: JspServlet: unable to dispatch to requested page: java.lang.ClassNotFoundException: _imagenes._msur01
	at oracle.jsp.runtimev2.JspClassLoader.loadClass(JspClassLoader.java:875)
	at java.lang.ClassLoader.loadClass(ClassLoader.java:235)
	at oracle.jsp.runtimev2.JspPageInfo.getInstFacade(JspPageInfo.java:172)
	at oracle.jsp.runtimev2.JspPageInfo.compileAndLoad(JspPageInfo.java:516)
	at oracle.jsp.runtimev2.JspPageTable.compileAndServe(JspPageTable.java:548)
	at oracle.jsp.runtimev2.JspPageTable.service(JspPageTable.java:311)
	at oracle.jsp.runtimev2.JspServlet.internalService(JspServlet.java:498)
	at oracle.jsp.runtimev2.JspServlet.service(JspServlet.java:402)
	at javax.servlet.http.HttpServlet.service(HttpServlet.java:853)
	at com.evermind.server.http.ResourceFilterChain.doFilter(ResourceFilterChain.java:65)
	at oracle.security.jazn.oc4j.JAZNFilter.doFilter(Unknown Source)
	at com.evermind.server.http.ServletRequestDispatcher.invoke(ServletRequestDispatcher.java:673)
	at com.evermind.server.http.ServletRequestDispatcher.forwardInternal(ServletRequestDispatcher.java:340)
	at com.evermind.server.http.HttpRequestHandler.processRequest(HttpRequestHandler.java:830)
	at com.evermind.server.http.HttpRequestHandler.run(HttpRequestHandler.java:285)
	at com.evermind.server.http.HttpRequestHandler.run(HttpRequestHandler.java:126)
	at com.evermind.util.ReleasableResourcePooledExecutor$MyWorker.run(ReleasableResourcePooledExecutor.java:192)
	at java.lang.Thread.run(Thread.java:534)

09/09/04 23:12:32 fiduciaweb: JspServlet: unable to dispatch to requested page: java.lang.ClassNotFoundException: _imagenes._msur01
	at oracle.jsp.runtimev2.JspClassLoader.loadClass(JspClassLoader.java:875)
	at java.lang.ClassLoader.loadClass(ClassLoader.java:235)
	at oracle.jsp.runtimev2.JspPageInfo.getInstFacade(JspPageInfo.java:172)
	at oracle.jsp.runtimev2.JspPageInfo.compileAndLoad(JspPageInfo.java:516)
	at oracle.jsp.runtimev2.JspPageTable.compileAndServe(JspPageTable.java:548)
	at oracle.jsp.runtimev2.JspPageTable.service(JspPageTable.java:311)
	at oracle.jsp.runtimev2.JspServlet.internalService(JspServlet.java:498)
	at oracle.jsp.runtimev2.JspServlet.service(JspServlet.java:402)
	at javax.servlet.http.HttpServlet.service(HttpServlet.java:853)
	at com.evermind.server.http.ResourceFilterChain.doFilter(ResourceFilterChain.java:65)
	at oracle.security.jazn.oc4j.JAZNFilter.doFilter(Unknown Source)
	at com.evermind.server.http.ServletRequestDispatcher.invoke(ServletRequestDispatcher.java:673)
	at com.evermind.server.http.ServletRequestDispatcher.forwardInternal(ServletRequestDispatcher.java:340)
	at com.evermind.server.http.HttpRequestHandler.processRequest(HttpRequestHandler.java:830)
	at com.evermind.server.http.HttpRequestHandler.run(HttpRequestHandler.java:285)
	at com.evermind.server.http.HttpRequestHandler.run(HttpRequestHandler.java:126)
	at com.evermind.util.ReleasableResourcePooledExecutor$MyWorker.run(ReleasableResourcePooledExecutor.java:192)
	at java.lang.Thread.run(Thread.java:534)

09/09/04 23:13:30 fiduciaweb: JspServlet: unable to dispatch to requested page: java.lang.ClassNotFoundException: _imagenes._msur01
	at oracle.jsp.runtimev2.JspClassLoader.loadClass(JspClassLoader.java:875)
	at java.lang.ClassLoader.loadClass(ClassLoader.java:235)
	at oracle.jsp.runtimev2.JspPageInfo.getInstFacade(JspPageInfo.java:172)
	at oracle.jsp.runtimev2.JspPageInfo.compileAndLoad(JspPageInfo.java:516)
	at oracle.jsp.runtimev2.JspPageTable.compileAndServe(JspPageTable.java:548)
	at oracle.jsp.runtimev2.JspPageTable.service(JspPageTable.java:311)
	at oracle.jsp.runtimev2.JspServlet.internalService(JspServlet.java:498)
	at oracle.jsp.runtimev2.JspServlet.service(JspServlet.java:402)
	at javax.servlet.http.HttpServlet.service(HttpServlet.java:853)
	at com.evermind.server.http.ResourceFilterChain.doFilter(ResourceFilterChain.java:65)
	at oracle.security.jazn.oc4j.JAZNFilter.doFilter(Unknown Source)
	at com.evermind.server.http.ServletRequestDispatcher.invoke(ServletRequestDispatcher.java:673)
	at com.evermind.server.http.ServletRequestDispatcher.forwardInternal(ServletRequestDispatcher.java:340)
	at com.evermind.server.http.HttpRequestHandler.processRequest(HttpRequestHandler.java:830)
	at com.evermind.server.http.HttpRequestHandler.run(HttpRequestHandler.java:285)
	at com.evermind.server.http.HttpRequestHandler.run(HttpRequestHandler.java:126)
	at com.evermind.util.ReleasableResourcePooledExecutor$MyWorker.run(ReleasableResourcePooledExecutor.java:192)
	at java.lang.Thread.run(Thread.java:534)

09/09/04 23:26:15 fiduciaweb: Servlet error
java.lang.NullPointerException
	at _instruccion2._jspService(instruccion2.jsp:60)
	at com.orionserver[Oracle Application Server Containers for J2EE 10g (10.1.2.2.0)].http.OrionHttpJspPage.service(OrionHttpJspPage.java:56)
	at oracle.jsp.runtimev2.JspPageTable.compileAndServe(JspPageTable.java:575)
	at oracle.jsp.runtimev2.JspPageTable.service(JspPageTable.java:311)
	at oracle.jsp.runtimev2.JspServlet.internalService(JspServlet.java:498)
	at oracle.jsp.runtimev2.JspServlet.service(JspServlet.java:402)
	at javax.servlet.http.HttpServlet.service(HttpServlet.java:853)
	at com.evermind[Oracle Application Server Containers for J2EE 10g (10.1.2.2.0)].server.http.ResourceFilterChain.doFilter(ResourceFilterChain.java:65)
	at oracle.security.jazn.oc4j.JAZNFilter.doFilter(Unknown Source)
	at com.evermind[Oracle Application Server Containers for J2EE 10g (10.1.2.2.0)].server.http.ServletRequestDispatcher.invoke(ServletRequestDispatcher.java:673)
	at com.evermind[Oracle Application Server Containers for J2EE 10g (10.1.2.2.0)].server.http.ServletRequestDispatcher.forwardInternal(ServletRequestDispatcher.java:340)
	at com.evermind[Oracle Application Server Containers for J2EE 10g (10.1.2.2.0)].server.http.HttpRequestHandler.processRequest(HttpRequestHandler.java:830)
	at com.evermind[Oracle Application Server Containers for J2EE 10g (10.1.2.2.0)].server.http.HttpRequestHandler.run(HttpRequestHandler.java:285)
	at com.evermind[Oracle Application Server Containers for J2EE 10g (10.1.2.2.0)].server.http.HttpRequestHandler.run(HttpRequestHandler.java:126)
	at com.evermind[Oracle Application Server Containers for J2EE 10g (10.1.2.2.0)].util.ReleasableResourcePooledExecutor$MyWorker.run(ReleasableResourcePooledExecutor.java:186)
	at java.lang.Thread.run(Thread.java:534)
09/09/04 23:26:33 Started
09/09/04 23:26:34 fiduciaweb: JDevOJSP: init
09/09/04 23:26:34 fiduciaweb: Started
09/09/04 23:28:26 fiduciaweb: JspServlet: unable to dispatch to requested page: java.lang.ClassNotFoundException: _imagenes._msur01
	at oracle.jsp.runtimev2.JspClassLoader.loadClass(JspClassLoader.java:875)
	at java.lang.ClassLoader.loadClass(ClassLoader.java:235)
	at oracle.jsp.runtimev2.JspPageInfo.getInstFacade(JspPageInfo.java:172)
	at oracle.jsp.runtimev2.JspPageInfo.compileAndLoad(JspPageInfo.java:516)
	at oracle.jsp.runtimev2.JspPageTable.compileAndServe(JspPageTable.java:548)
	at oracle.jsp.runtimev2.JspPageTable.service(JspPageTable.java:311)
	at oracle.jsp.runtimev2.JspServlet.internalService(JspServlet.java:498)
	at oracle.jsp.runtimev2.JspServlet.service(JspServlet.java:402)
	at javax.servlet.http.HttpServlet.service(HttpServlet.java:853)
	at com.evermind.server.http.ResourceFilterChain.doFilter(ResourceFilterChain.java:65)
	at oracle.security.jazn.oc4j.JAZNFilter.doFilter(Unknown Source)
	at com.evermind.server.http.ServletRequestDispatcher.invoke(ServletRequestDispatcher.java:673)
	at com.evermind.server.http.ServletRequestDispatcher.forwardInternal(ServletRequestDispatcher.java:340)
	at com.evermind.server.http.HttpRequestHandler.processRequest(HttpRequestHandler.java:830)
	at com.evermind.server.http.HttpRequestHandler.run(HttpRequestHandler.java:285)
	at com.evermind.server.http.HttpRequestHandler.run(HttpRequestHandler.java:126)
	at com.evermind.util.ReleasableResourcePooledExecutor$MyWorker.run(ReleasableResourcePooledExecutor.java:192)
	at java.lang.Thread.run(Thread.java:534)

09/09/04 23:31:13 fiduciaweb: Servlet error
java.lang.NullPointerException
	at _instruccion2._jspService(instruccion2.jsp:60)
	at com.orionserver[Oracle Application Server Containers for J2EE 10g (10.1.2.2.0)].http.OrionHttpJspPage.service(OrionHttpJspPage.java:56)
	at oracle.jsp.runtimev2.JspPageTable.compileAndServe(JspPageTable.java:575)
	at oracle.jsp.runtimev2.JspPageTable.service(JspPageTable.java:311)
	at oracle.jsp.runtimev2.JspServlet.internalService(JspServlet.java:498)
	at oracle.jsp.runtimev2.JspServlet.service(JspServlet.java:402)
	at javax.servlet.http.HttpServlet.service(HttpServlet.java:853)
	at com.evermind[Oracle Application Server Containers for J2EE 10g (10.1.2.2.0)].server.http.ResourceFilterChain.doFilter(ResourceFilterChain.java:65)
	at oracle.security.jazn.oc4j.JAZNFilter.doFilter(Unknown Source)
	at com.evermind[Oracle Application Server Containers for J2EE 10g (10.1.2.2.0)].server.http.ServletRequestDispatcher.invoke(ServletRequestDispatcher.java:673)
	at com.evermind[Oracle Application Server Containers for J2EE 10g (10.1.2.2.0)].server.http.ServletRequestDispatcher.forwardInternal(ServletRequestDispatcher.java:340)
	at com.evermind[Oracle Application Server Containers for J2EE 10g (10.1.2.2.0)].server.http.HttpRequestHandler.processRequest(HttpRequestHandler.java:830)
	at com.evermind[Oracle Application Server Containers for J2EE 10g (10.1.2.2.0)].server.http.HttpRequestHandler.run(HttpRequestHandler.java:285)
	at com.evermind[Oracle Application Server Containers for J2EE 10g (10.1.2.2.0)].server.http.HttpRequestHandler.run(HttpRequestHandler.java:126)
	at com.evermind[Oracle Application Server Containers for J2EE 10g (10.1.2.2.0)].util.ReleasableResourcePooledExecutor$MyWorker.run(ReleasableResourcePooledExecutor.java:186)
	at java.lang.Thread.run(Thread.java:534)
09/09/04 23:31:20 Started
09/09/04 23:31:21 fiduciaweb: JDevOJSP: init
09/09/04 23:31:21 fiduciaweb: Started
09/09/04 23:33:18 fiduciaweb: JspServlet: unable to dispatch to requested page: java.lang.ClassNotFoundException: _imagenes._msur01
	at oracle.jsp.runtimev2.JspClassLoader.loadClass(JspClassLoader.java:875)
	at java.lang.ClassLoader.loadClass(ClassLoader.java:235)
	at oracle.jsp.runtimev2.JspPageInfo.getInstFacade(JspPageInfo.java:172)
	at oracle.jsp.runtimev2.JspPageInfo.compileAndLoad(JspPageInfo.java:516)
	at oracle.jsp.runtimev2.JspPageTable.compileAndServe(JspPageTable.java:548)
	at oracle.jsp.runtimev2.JspPageTable.service(JspPageTable.java:311)
	at oracle.jsp.runtimev2.JspServlet.internalService(JspServlet.java:498)
	at oracle.jsp.runtimev2.JspServlet.service(JspServlet.java:402)
	at javax.servlet.http.HttpServlet.service(HttpServlet.java:853)
	at com.evermind.server.http.ResourceFilterChain.doFilter(ResourceFilterChain.java:65)
	at oracle.security.jazn.oc4j.JAZNFilter.doFilter(Unknown Source)
	at com.evermind.server.http.ServletRequestDispatcher.invoke(ServletRequestDispatcher.java:673)
	at com.evermind.server.http.ServletRequestDispatcher.forwardInternal(ServletRequestDispatcher.java:340)
	at com.evermind.server.http.HttpRequestHandler.processRequest(HttpRequestHandler.java:830)
	at com.evermind.server.http.HttpRequestHandler.run(HttpRequestHandler.java:285)
	at com.evermind.server.http.HttpRequestHandler.run(HttpRequestHandler.java:126)
	at com.evermind.util.ReleasableResourcePooledExecutor$MyWorker.run(ReleasableResourcePooledExecutor.java:192)
	at java.lang.Thread.run(Thread.java:534)

09/09/04 23:58:55 fiduciaweb: JspServlet: unable to dispatch to requested page: java.lang.ClassNotFoundException: _imagenes._msur01
	at oracle.jsp.runtimev2.JspClassLoader.loadClass(JspClassLoader.java:875)
	at java.lang.ClassLoader.loadClass(ClassLoader.java:235)
	at oracle.jsp.runtimev2.JspPageInfo.getInstFacade(JspPageInfo.java:172)
	at oracle.jsp.runtimev2.JspPageInfo.compileAndLoad(JspPageInfo.java:516)
	at oracle.jsp.runtimev2.JspPageTable.compileAndServe(JspPageTable.java:548)
	at oracle.jsp.runtimev2.JspPageTable.service(JspPageTable.java:311)
	at oracle.jsp.runtimev2.JspServlet.internalService(JspServlet.java:498)
	at oracle.jsp.runtimev2.JspServlet.service(JspServlet.java:402)
	at javax.servlet.http.HttpServlet.service(HttpServlet.java:853)
	at com.evermind.server.http.ResourceFilterChain.doFilter(ResourceFilterChain.java:65)
	at oracle.security.jazn.oc4j.JAZNFilter.doFilter(Unknown Source)
	at com.evermind.server.http.ServletRequestDispatcher.invoke(ServletRequestDispatcher.java:673)
	at com.evermind.server.http.ServletRequestDispatcher.forwardInternal(ServletRequestDispatcher.java:340)
	at com.evermind.server.http.HttpRequestHandler.processRequest(HttpRequestHandler.java:830)
	at com.evermind.server.http.HttpRequestHandler.run(HttpRequestHandler.java:285)
	at com.evermind.server.http.HttpRequestHandler.run(HttpRequestHandler.java:126)
	at com.evermind.util.ReleasableResourcePooledExecutor$MyWorker.run(ReleasableResourcePooledExecutor.java:192)
	at java.lang.Thread.run(Thread.java:534)

09/09/05 00:00:52 Started
09/09/05 00:00:53 fiduciaweb: JDevOJSP: init
09/09/05 00:00:53 fiduciaweb: Started
09/09/05 00:02:06 fiduciaweb: Servlet error
java.lang.IllegalStateException: IOException: Connection reset
	at com.evermind[Oracle Application Server Containers for J2EE 10g (10.1.2.2.0)].server.http.EvermindHttpServletRequest.getParameter(EvermindHttpServletRequest.java:2459)
	at _FI__Instruccion2._jspService(FI_Instruccion2.jsp:23)
	at com.orionserver[Oracle Application Server Containers for J2EE 10g (10.1.2.2.0)].http.OrionHttpJspPage.service(OrionHttpJspPage.java:56)
	at oracle.jsp.runtimev2.JspPageTable.service(JspPageTable.java:356)
	at oracle.jsp.runtimev2.JspServlet.internalService(JspServlet.java:498)
	at oracle.jsp.runtimev2.JspServlet.service(JspServlet.java:402)
	at javax.servlet.http.HttpServlet.service(HttpServlet.java:853)
	at com.evermind[Oracle Application Server Containers for J2EE 10g (10.1.2.2.0)].server.http.ResourceFilterChain.doFilter(ResourceFilterChain.java:65)
	at oracle.security.jazn.oc4j.JAZNFilter.doFilter(Unknown Source)
	at com.evermind[Oracle Application Server Containers for J2EE 10g (10.1.2.2.0)].server.http.ServletRequestDispatcher.invoke(ServletRequestDispatcher.java:673)
	at com.evermind[Oracle Application Server Containers for J2EE 10g (10.1.2.2.0)].server.http.ServletRequestDispatcher.forwardInternal(ServletRequestDispatcher.java:340)
	at com.evermind[Oracle Application Server Containers for J2EE 10g (10.1.2.2.0)].server.http.HttpRequestHandler.processRequest(HttpRequestHandler.java:830)
	at com.evermind[Oracle Application Server Containers for J2EE 10g (10.1.2.2.0)].server.http.HttpRequestHandler.run(HttpRequestHandler.java:285)
	at com.evermind[Oracle Application Server Containers for J2EE 10g (10.1.2.2.0)].server.http.HttpRequestHandler.run(HttpRequestHandler.java:126)
	at com.evermind[Oracle Application Server Containers for J2EE 10g (10.1.2.2.0)].util.ReleasableResourcePooledExecutor$MyWorker.run(ReleasableResourcePooledExecutor.java:186)
	at java.lang.Thread.run(Thread.java:534)
09/09/05 00:02:06 fiduciaweb: Connection reset by peer: socket write error
09/09/05 00:02:50 fiduciaweb: JspServlet: unable to dispatch to requested page: java.lang.ClassNotFoundException: _imagenes._msur01
	at oracle.jsp.runtimev2.JspClassLoader.loadClass(JspClassLoader.java:875)
	at java.lang.ClassLoader.loadClass(ClassLoader.java:235)
	at oracle.jsp.runtimev2.JspPageInfo.getInstFacade(JspPageInfo.java:172)
	at oracle.jsp.runtimev2.JspPageInfo.compileAndLoad(JspPageInfo.java:516)
	at oracle.jsp.runtimev2.JspPageTable.compileAndServe(JspPageTable.java:548)
	at oracle.jsp.runtimev2.JspPageTable.service(JspPageTable.java:311)
	at oracle.jsp.runtimev2.JspServlet.internalService(JspServlet.java:498)
	at oracle.jsp.runtimev2.JspServlet.service(JspServlet.java:402)
	at javax.servlet.http.HttpServlet.service(HttpServlet.java:853)
	at com.evermind.server.http.ResourceFilterChain.doFilter(ResourceFilterChain.java:65)
	at oracle.security.jazn.oc4j.JAZNFilter.doFilter(Unknown Source)
	at com.evermind.server.http.ServletRequestDispatcher.invoke(ServletRequestDispatcher.java:673)
	at com.evermind.server.http.ServletRequestDispatcher.forwardInternal(ServletRequestDispatcher.java:340)
	at com.evermind.server.http.HttpRequestHandler.processRequest(HttpRequestHandler.java:830)
	at com.evermind.server.http.HttpRequestHandler.run(HttpRequestHandler.java:285)
	at com.evermind.server.http.HttpRequestHandler.run(HttpRequestHandler.java:126)
	at com.evermind.util.ReleasableResourcePooledExecutor$MyWorker.run(ReleasableResourcePooledExecutor.java:192)
	at java.lang.Thread.run(Thread.java:534)

09/09/05 00:06:27 Started
09/09/05 00:06:29 fiduciaweb: JDevOJSP: init
09/09/05 00:06:29 fiduciaweb: Started
09/09/05 00:08:13 fiduciaweb: JspServlet: unable to dispatch to requested page: java.lang.ClassNotFoundException: _imagenes._msur01
	at oracle.jsp.runtimev2.JspClassLoader.loadClass(JspClassLoader.java:875)
	at java.lang.ClassLoader.loadClass(ClassLoader.java:235)
	at oracle.jsp.runtimev2.JspPageInfo.getInstFacade(JspPageInfo.java:172)
	at oracle.jsp.runtimev2.JspPageInfo.compileAndLoad(JspPageInfo.java:516)
	at oracle.jsp.runtimev2.JspPageTable.compileAndServe(JspPageTable.java:548)
	at oracle.jsp.runtimev2.JspPageTable.service(JspPageTable.java:311)
	at oracle.jsp.runtimev2.JspServlet.internalService(JspServlet.java:498)
	at oracle.jsp.runtimev2.JspServlet.service(JspServlet.java:402)
	at javax.servlet.http.HttpServlet.service(HttpServlet.java:853)
	at com.evermind.server.http.ResourceFilterChain.doFilter(ResourceFilterChain.java:65)
	at oracle.security.jazn.oc4j.JAZNFilter.doFilter(Unknown Source)
	at com.evermind.server.http.ServletRequestDispatcher.invoke(ServletRequestDispatcher.java:673)
	at com.evermind.server.http.ServletRequestDispatcher.forwardInternal(ServletRequestDispatcher.java:340)
	at com.evermind.server.http.HttpRequestHandler.processRequest(HttpRequestHandler.java:830)
	at com.evermind.server.http.HttpRequestHandler.run(HttpRequestHandler.java:285)
	at com.evermind.server.http.HttpRequestHandler.run(HttpRequestHandler.java:126)
	at com.evermind.util.ReleasableResourcePooledExecutor$MyWorker.run(ReleasableResourcePooledExecutor.java:192)
	at java.lang.Thread.run(Thread.java:534)

09/09/05 00:27:17 fiduciaweb: JspServlet: unable to dispatch to requested page: java.lang.ClassNotFoundException: _imagenes._msur01
	at oracle.jsp.runtimev2.JspClassLoader.loadClass(JspClassLoader.java:875)
	at java.lang.ClassLoader.loadClass(ClassLoader.java:235)
	at oracle.jsp.runtimev2.JspPageInfo.getInstFacade(JspPageInfo.java:172)
	at oracle.jsp.runtimev2.JspPageInfo.compileAndLoad(JspPageInfo.java:516)
	at oracle.jsp.runtimev2.JspPageTable.compileAndServe(JspPageTable.java:548)
	at oracle.jsp.runtimev2.JspPageTable.service(JspPageTable.java:311)
	at oracle.jsp.runtimev2.JspServlet.internalService(JspServlet.java:498)
	at oracle.jsp.runtimev2.JspServlet.service(JspServlet.java:402)
	at javax.servlet.http.HttpServlet.service(HttpServlet.java:853)
	at com.evermind.server.http.ResourceFilterChain.doFilter(ResourceFilterChain.java:65)
	at oracle.security.jazn.oc4j.JAZNFilter.doFilter(Unknown Source)
	at com.evermind.server.http.ServletRequestDispatcher.invoke(ServletRequestDispatcher.java:673)
	at com.evermind.server.http.ServletRequestDispatcher.forwardInternal(ServletRequestDispatcher.java:340)
	at com.evermind.server.http.HttpRequestHandler.processRequest(HttpRequestHandler.java:830)
	at com.evermind.server.http.HttpRequestHandler.run(HttpRequestHandler.java:285)
	at com.evermind.server.http.HttpRequestHandler.run(HttpRequestHandler.java:126)
	at com.evermind.util.ReleasableResourcePooledExecutor$MyWorker.run(ReleasableResourcePooledExecutor.java:192)
	at java.lang.Thread.run(Thread.java:534)

09/09/05 00:30:16 Started
09/09/05 00:33:07 Started
09/09/05 00:33:39 Started
09/09/05 00:56:05 Started
09/09/05 18:22:25 Started
09/09/05 18:22:54 Started
09/09/05 18:37:51 Started
09/09/05 18:37:55 fiduciaweb: JDevOJSP: init
09/09/05 18:37:55 fiduciaweb: Started
09/09/05 18:52:58 fiduciaweb: JspServlet: No se ha podido distribuir a la página solicitada: java.lang.ClassNotFoundException: _imagenes._msur01
	at oracle.jsp.runtimev2.JspClassLoader.loadClass(JspClassLoader.java:875)
	at java.lang.ClassLoader.loadClass(ClassLoader.java:235)
	at oracle.jsp.runtimev2.JspPageInfo.getInstFacade(JspPageInfo.java:172)
	at oracle.jsp.runtimev2.JspPageInfo.compileAndLoad(JspPageInfo.java:516)
	at oracle.jsp.runtimev2.JspPageTable.compileAndServe(JspPageTable.java:548)
	at oracle.jsp.runtimev2.JspPageTable.service(JspPageTable.java:311)
	at oracle.jsp.runtimev2.JspServlet.internalService(JspServlet.java:498)
	at oracle.jsp.runtimev2.JspServlet.service(JspServlet.java:402)
	at javax.servlet.http.HttpServlet.service(HttpServlet.java:853)
	at com.evermind.server.http.ResourceFilterChain.doFilter(ResourceFilterChain.java:65)
	at oracle.security.jazn.oc4j.JAZNFilter.doFilter(Unknown Source)
	at com.evermind.server.http.ServletRequestDispatcher.invoke(ServletRequestDispatcher.java:673)
	at com.evermind.server.http.ServletRequestDispatcher.forwardInternal(ServletRequestDispatcher.java:340)
	at com.evermind.server.http.HttpRequestHandler.processRequest(HttpRequestHandler.java:830)
	at com.evermind.server.http.HttpRequestHandler.run(HttpRequestHandler.java:285)
	at com.evermind.server.http.HttpRequestHandler.run(HttpRequestHandler.java:126)
	at com.evermind.util.ReleasableResourcePooledExecutor$MyWorker.run(ReleasableResourcePooledExecutor.java:192)
	at java.lang.Thread.run(Thread.java:534)

09/09/05 18:53:46 fiduciaweb: JspServlet: No se ha podido distribuir a la página solicitada: java.lang.ClassNotFoundException: _imagenes._msur01
	at oracle.jsp.runtimev2.JspClassLoader.loadClass(JspClassLoader.java:875)
	at java.lang.ClassLoader.loadClass(ClassLoader.java:235)
	at oracle.jsp.runtimev2.JspPageInfo.getInstFacade(JspPageInfo.java:172)
	at oracle.jsp.runtimev2.JspPageInfo.compileAndLoad(JspPageInfo.java:516)
	at oracle.jsp.runtimev2.JspPageTable.compileAndServe(JspPageTable.java:548)
	at oracle.jsp.runtimev2.JspPageTable.service(JspPageTable.java:311)
	at oracle.jsp.runtimev2.JspServlet.internalService(JspServlet.java:498)
	at oracle.jsp.runtimev2.JspServlet.service(JspServlet.java:402)
	at javax.servlet.http.HttpServlet.service(HttpServlet.java:853)
	at com.evermind.server.http.ResourceFilterChain.doFilter(ResourceFilterChain.java:65)
	at oracle.security.jazn.oc4j.JAZNFilter.doFilter(Unknown Source)
	at com.evermind.server.http.ServletRequestDispatcher.invoke(ServletRequestDispatcher.java:673)
	at com.evermind.server.http.ServletRequestDispatcher.forwardInternal(ServletRequestDispatcher.java:340)
	at com.evermind.server.http.HttpRequestHandler.processRequest(HttpRequestHandler.java:830)
	at com.evermind.server.http.HttpRequestHandler.run(HttpRequestHandler.java:285)
	at com.evermind.server.http.HttpRequestHandler.run(HttpRequestHandler.java:126)
	at com.evermind.util.ReleasableResourcePooledExecutor$MyWorker.run(ReleasableResourcePooledExecutor.java:192)
	at java.lang.Thread.run(Thread.java:534)

09/09/05 18:55:30 fiduciaweb: JspServlet: No se ha podido distribuir a la página solicitada: java.lang.ClassNotFoundException: _imagenes._msur01
	at oracle.jsp.runtimev2.JspClassLoader.loadClass(JspClassLoader.java:875)
	at java.lang.ClassLoader.loadClass(ClassLoader.java:235)
	at oracle.jsp.runtimev2.JspPageInfo.getInstFacade(JspPageInfo.java:172)
	at oracle.jsp.runtimev2.JspPageInfo.compileAndLoad(JspPageInfo.java:516)
	at oracle.jsp.runtimev2.JspPageTable.compileAndServe(JspPageTable.java:548)
	at oracle.jsp.runtimev2.JspPageTable.service(JspPageTable.java:311)
	at oracle.jsp.runtimev2.JspServlet.internalService(JspServlet.java:498)
	at oracle.jsp.runtimev2.JspServlet.service(JspServlet.java:402)
	at javax.servlet.http.HttpServlet.service(HttpServlet.java:853)
	at com.evermind.server.http.ResourceFilterChain.doFilter(ResourceFilterChain.java:65)
	at oracle.security.jazn.oc4j.JAZNFilter.doFilter(Unknown Source)
	at com.evermind.server.http.ServletRequestDispatcher.invoke(ServletRequestDispatcher.java:673)
	at com.evermind.server.http.ServletRequestDispatcher.forwardInternal(ServletRequestDispatcher.java:340)
	at com.evermind.server.http.HttpRequestHandler.processRequest(HttpRequestHandler.java:830)
	at com.evermind.server.http.HttpRequestHandler.run(HttpRequestHandler.java:285)
	at com.evermind.server.http.HttpRequestHandler.run(HttpRequestHandler.java:126)
	at com.evermind.util.ReleasableResourcePooledExecutor$MyWorker.run(ReleasableResourcePooledExecutor.java:186)
	at java.lang.Thread.run(Thread.java:534)

09/09/05 19:09:41 fiduciaweb: JspServlet: No se ha podido distribuir a la página solicitada: java.lang.ClassNotFoundException: _imagenes._msur01
	at oracle.jsp.runtimev2.JspClassLoader.loadClass(JspClassLoader.java:875)
	at java.lang.ClassLoader.loadClass(ClassLoader.java:235)
	at oracle.jsp.runtimev2.JspPageInfo.getInstFacade(JspPageInfo.java:172)
	at oracle.jsp.runtimev2.JspPageInfo.compileAndLoad(JspPageInfo.java:516)
	at oracle.jsp.runtimev2.JspPageTable.compileAndServe(JspPageTable.java:548)
	at oracle.jsp.runtimev2.JspPageTable.service(JspPageTable.java:311)
	at oracle.jsp.runtimev2.JspServlet.internalService(JspServlet.java:498)
	at oracle.jsp.runtimev2.JspServlet.service(JspServlet.java:402)
	at javax.servlet.http.HttpServlet.service(HttpServlet.java:853)
	at com.evermind.server.http.ResourceFilterChain.doFilter(ResourceFilterChain.java:65)
	at oracle.security.jazn.oc4j.JAZNFilter.doFilter(Unknown Source)
	at com.evermind.server.http.ServletRequestDispatcher.invoke(ServletRequestDispatcher.java:673)
	at com.evermind.server.http.ServletRequestDispatcher.forwardInternal(ServletRequestDispatcher.java:340)
	at com.evermind.server.http.HttpRequestHandler.processRequest(HttpRequestHandler.java:830)
	at com.evermind.server.http.HttpRequestHandler.run(HttpRequestHandler.java:285)
	at com.evermind.server.http.HttpRequestHandler.run(HttpRequestHandler.java:126)
	at com.evermind.util.ReleasableResourcePooledExecutor$MyWorker.run(ReleasableResourcePooledExecutor.java:192)
	at java.lang.Thread.run(Thread.java:534)

09/09/05 19:19:22 fiduciaweb: JspServlet: No se ha podido distribuir a la página solicitada: java.lang.ClassNotFoundException: _imagenes._msur01
	at oracle.jsp.runtimev2.JspClassLoader.loadClass(JspClassLoader.java:875)
	at java.lang.ClassLoader.loadClass(ClassLoader.java:235)
	at oracle.jsp.runtimev2.JspPageInfo.getInstFacade(JspPageInfo.java:172)
	at oracle.jsp.runtimev2.JspPageInfo.compileAndLoad(JspPageInfo.java:516)
	at oracle.jsp.runtimev2.JspPageTable.compileAndServe(JspPageTable.java:548)
	at oracle.jsp.runtimev2.JspPageTable.service(JspPageTable.java:311)
	at oracle.jsp.runtimev2.JspServlet.internalService(JspServlet.java:498)
	at oracle.jsp.runtimev2.JspServlet.service(JspServlet.java:402)
	at javax.servlet.http.HttpServlet.service(HttpServlet.java:853)
	at com.evermind.server.http.ResourceFilterChain.doFilter(ResourceFilterChain.java:65)
	at oracle.security.jazn.oc4j.JAZNFilter.doFilter(Unknown Source)
	at com.evermind.server.http.ServletRequestDispatcher.invoke(ServletRequestDispatcher.java:673)
	at com.evermind.server.http.ServletRequestDispatcher.forwardInternal(ServletRequestDispatcher.java:340)
	at com.evermind.server.http.HttpRequestHandler.processRequest(HttpRequestHandler.java:830)
	at com.evermind.server.http.HttpRequestHandler.run(HttpRequestHandler.java:285)
	at com.evermind.server.http.HttpRequestHandler.run(HttpRequestHandler.java:126)
	at com.evermind.util.ReleasableResourcePooledExecutor$MyWorker.run(ReleasableResourcePooledExecutor.java:192)
	at java.lang.Thread.run(Thread.java:534)

09/09/05 19:24:27 Started
09/09/05 19:24:30 fiduciaweb: JDevOJSP: init
09/09/05 19:24:30 fiduciaweb: Started
09/09/05 19:25:54 Started
09/09/05 19:25:56 fiduciaweb: JDevOJSP: init
09/09/05 19:25:56 fiduciaweb: Started
09/09/05 19:26:32 Started
09/09/05 19:26:34 fiduciaweb: JDevOJSP: init
09/09/05 19:26:34 fiduciaweb: Started
09/09/05 19:27:02 Started
09/09/05 19:27:04 fiduciaweb: JDevOJSP: init
09/09/05 19:27:04 fiduciaweb: Started
09/09/05 19:27:38 Started
09/09/05 19:27:40 fiduciaweb: JDevOJSP: init
09/09/05 19:27:40 fiduciaweb: Started
09/09/05 19:31:25 Started
09/09/05 19:31:27 fiduciaweb: JDevOJSP: init
09/09/05 19:31:27 fiduciaweb: Started
09/09/05 19:41:48 Started
09/09/05 19:41:50 fiduciaweb: JDevOJSP: init
09/09/05 19:41:50 fiduciaweb: Started
09/09/05 19:43:36 Started
09/09/05 19:43:38 fiduciaweb: JDevOJSP: init
09/09/05 19:43:38 fiduciaweb: Started
09/09/05 19:43:59 fiduciaweb: Connection reset by peer: socket write error
09/09/05 19:43:59 fiduciaweb: Connection reset by peer: socket write error
09/09/05 19:43:59 fiduciaweb: Connection reset by peer: socket write error
09/09/05 19:43:59 fiduciaweb: Connection reset by peer: socket write error
09/09/05 19:43:59 fiduciaweb: Connection reset by peer: socket write error
09/09/05 19:49:04 Started
09/09/05 19:49:06 fiduciaweb: JDevOJSP: init
09/09/05 19:49:06 fiduciaweb: Started
09/09/05 19:52:33 Started
09/09/05 19:52:35 fiduciaweb: JDevOJSP: init
09/09/05 19:52:35 fiduciaweb: Started
09/09/05 19:54:53 fiduciaweb: JspServlet: No se ha podido distribuir a la página solicitada: java.lang.ClassNotFoundException: _imagenes._msur01
	at oracle.jsp.runtimev2.JspClassLoader.loadClass(JspClassLoader.java:875)
	at java.lang.ClassLoader.loadClass(ClassLoader.java:235)
	at oracle.jsp.runtimev2.JspPageInfo.getInstFacade(JspPageInfo.java:172)
	at oracle.jsp.runtimev2.JspPageInfo.compileAndLoad(JspPageInfo.java:516)
	at oracle.jsp.runtimev2.JspPageTable.compileAndServe(JspPageTable.java:548)
	at oracle.jsp.runtimev2.JspPageTable.service(JspPageTable.java:311)
	at oracle.jsp.runtimev2.JspServlet.internalService(JspServlet.java:498)
	at oracle.jsp.runtimev2.JspServlet.service(JspServlet.java:402)
	at javax.servlet.http.HttpServlet.service(HttpServlet.java:853)
	at com.evermind.server.http.ResourceFilterChain.doFilter(ResourceFilterChain.java:65)
	at oracle.security.jazn.oc4j.JAZNFilter.doFilter(Unknown Source)
	at com.evermind.server.http.ServletRequestDispatcher.invoke(ServletRequestDispatcher.java:673)
	at com.evermind.server.http.ServletRequestDispatcher.forwardInternal(ServletRequestDispatcher.java:340)
	at com.evermind.server.http.HttpRequestHandler.processRequest(HttpRequestHandler.java:830)
	at com.evermind.server.http.HttpRequestHandler.run(HttpRequestHandler.java:285)
	at com.evermind.server.http.HttpRequestHandler.run(HttpRequestHandler.java:126)
	at com.evermind.util.ReleasableResourcePooledExecutor$MyWorker.run(ReleasableResourcePooledExecutor.java:192)
	at java.lang.Thread.run(Thread.java:534)

09/09/05 19:55:03 Started
09/09/05 19:55:05 fiduciaweb: JDevOJSP: init
09/09/05 19:55:05 fiduciaweb: Started
09/09/05 20:05:25 fiduciaweb: Servlet error
java.lang.ArrayIndexOutOfBoundsException: 2
	at _confirmarInst__10._jspService(confirmarInst_10.jsp:31)
	at com.orionserver[Oracle Application Server Containers for J2EE 10g (10.1.2.2.0)].http.OrionHttpJspPage.service(OrionHttpJspPage.java:56)
	at oracle.jsp.runtimev2.JspPageTable.service(JspPageTable.java:356)
	at oracle.jsp.runtimev2.JspServlet.internalService(JspServlet.java:498)
	at oracle.jsp.runtimev2.JspServlet.service(JspServlet.java:402)
	at javax.servlet.http.HttpServlet.service(HttpServlet.java:853)
	at com.evermind[Oracle Application Server Containers for J2EE 10g (10.1.2.2.0)].server.http.ResourceFilterChain.doFilter(ResourceFilterChain.java:65)
	at oracle.security.jazn.oc4j.JAZNFilter.doFilter(Unknown Source)
	at com.evermind[Oracle Application Server Containers for J2EE 10g (10.1.2.2.0)].server.http.ServletRequestDispatcher.invoke(ServletRequestDispatcher.java:673)
	at com.evermind[Oracle Application Server Containers for J2EE 10g (10.1.2.2.0)].server.http.ServletRequestDispatcher.forwardInternal(ServletRequestDispatcher.java:340)
	at com.evermind[Oracle Application Server Containers for J2EE 10g (10.1.2.2.0)].server.http.HttpRequestHandler.processRequest(HttpRequestHandler.java:830)
	at com.evermind[Oracle Application Server Containers for J2EE 10g (10.1.2.2.0)].server.http.HttpRequestHandler.run(HttpRequestHandler.java:285)
	at com.evermind[Oracle Application Server Containers for J2EE 10g (10.1.2.2.0)].server.http.HttpRequestHandler.run(HttpRequestHandler.java:126)
	at com.evermind[Oracle Application Server Containers for J2EE 10g (10.1.2.2.0)].util.ReleasableResourcePooledExecutor$MyWorker.run(ReleasableResourcePooledExecutor.java:192)
	at java.lang.Thread.run(Thread.java:534)
09/09/05 20:06:29 fiduciaweb: Servlet error
java.lang.ArrayIndexOutOfBoundsException: 2
	at _confirmarInst__10._jspService(confirmarInst_10.jsp:31)
	at com.orionserver[Oracle Application Server Containers for J2EE 10g (10.1.2.2.0)].http.OrionHttpJspPage.service(OrionHttpJspPage.java:56)
	at oracle.jsp.runtimev2.JspPageTable.service(JspPageTable.java:356)
	at oracle.jsp.runtimev2.JspServlet.internalService(JspServlet.java:498)
	at oracle.jsp.runtimev2.JspServlet.service(JspServlet.java:402)
	at javax.servlet.http.HttpServlet.service(HttpServlet.java:853)
	at com.evermind[Oracle Application Server Containers for J2EE 10g (10.1.2.2.0)].server.http.ResourceFilterChain.doFilter(ResourceFilterChain.java:65)
	at oracle.security.jazn.oc4j.JAZNFilter.doFilter(Unknown Source)
	at com.evermind[Oracle Application Server Containers for J2EE 10g (10.1.2.2.0)].server.http.ServletRequestDispatcher.invoke(ServletRequestDispatcher.java:673)
	at com.evermind[Oracle Application Server Containers for J2EE 10g (10.1.2.2.0)].server.http.ServletRequestDispatcher.forwardInternal(ServletRequestDispatcher.java:340)
	at com.evermind[Oracle Application Server Containers for J2EE 10g (10.1.2.2.0)].server.http.HttpRequestHandler.processRequest(HttpRequestHandler.java:830)
	at com.evermind[Oracle Application Server Containers for J2EE 10g (10.1.2.2.0)].server.http.HttpRequestHandler.run(HttpRequestHandler.java:285)
	at com.evermind[Oracle Application Server Containers for J2EE 10g (10.1.2.2.0)].server.http.HttpRequestHandler.run(HttpRequestHandler.java:126)
	at com.evermind[Oracle Application Server Containers for J2EE 10g (10.1.2.2.0)].util.ReleasableResourcePooledExecutor$MyWorker.run(ReleasableResourcePooledExecutor.java:192)
	at java.lang.Thread.run(Thread.java:534)
09/09/05 20:07:21 fiduciaweb: Servlet error
java.lang.ArrayIndexOutOfBoundsException: 2
	at _confirmarInst__10._jspService(confirmarInst_10.jsp:31)
	at com.orionserver[Oracle Application Server Containers for J2EE 10g (10.1.2.2.0)].http.OrionHttpJspPage.service(OrionHttpJspPage.java:56)
	at oracle.jsp.runtimev2.JspPageTable.service(JspPageTable.java:356)
	at oracle.jsp.runtimev2.JspServlet.internalService(JspServlet.java:498)
	at oracle.jsp.runtimev2.JspServlet.service(JspServlet.java:402)
	at javax.servlet.http.HttpServlet.service(HttpServlet.java:853)
	at com.evermind[Oracle Application Server Containers for J2EE 10g (10.1.2.2.0)].server.http.ResourceFilterChain.doFilter(ResourceFilterChain.java:65)
	at oracle.security.jazn.oc4j.JAZNFilter.doFilter(Unknown Source)
	at com.evermind[Oracle Application Server Containers for J2EE 10g (10.1.2.2.0)].server.http.ServletRequestDispatcher.invoke(ServletRequestDispatcher.java:673)
	at com.evermind[Oracle Application Server Containers for J2EE 10g (10.1.2.2.0)].server.http.ServletRequestDispatcher.forwardInternal(ServletRequestDispatcher.java:340)
	at com.evermind[Oracle Application Server Containers for J2EE 10g (10.1.2.2.0)].server.http.HttpRequestHandler.processRequest(HttpRequestHandler.java:830)
	at com.evermind[Oracle Application Server Containers for J2EE 10g (10.1.2.2.0)].server.http.HttpRequestHandler.run(HttpRequestHandler.java:285)
	at com.evermind[Oracle Application Server Containers for J2EE 10g (10.1.2.2.0)].server.http.HttpRequestHandler.run(HttpRequestHandler.java:126)
	at com.evermind[Oracle Application Server Containers for J2EE 10g (10.1.2.2.0)].util.ReleasableResourcePooledExecutor$MyWorker.run(ReleasableResourcePooledExecutor.java:192)
	at java.lang.Thread.run(Thread.java:534)
09/09/05 20:22:15 Started
09/09/05 20:22:16 fiduciaweb: JDevOJSP: init
09/09/05 20:22:16 fiduciaweb: Started
09/09/05 20:23:28 fiduciaweb: Servlet error
java.lang.ArrayIndexOutOfBoundsException: 0 >= 0
	at java.util.Vector.elementAt(Vector.java:431)
	at com.bancomext.negocio.nDatos.getVtrIntDato1(nDatos.java:654)
	at _confirmarInst__10._jspService(confirmarInst_10.jsp:34)
	at com.orionserver[Oracle Application Server Containers for J2EE 10g (10.1.2.2.0)].http.OrionHttpJspPage.service(OrionHttpJspPage.java:56)
	at oracle.jsp.runtimev2.JspPageTable.service(JspPageTable.java:356)
	at oracle.jsp.runtimev2.JspServlet.internalService(JspServlet.java:498)
	at oracle.jsp.runtimev2.JspServlet.service(JspServlet.java:402)
	at javax.servlet.http.HttpServlet.service(HttpServlet.java:853)
	at com.evermind[Oracle Application Server Containers for J2EE 10g (10.1.2.2.0)].server.http.ResourceFilterChain.doFilter(ResourceFilterChain.java:65)
	at oracle.security.jazn.oc4j.JAZNFilter.doFilter(Unknown Source)
	at com.evermind[Oracle Application Server Containers for J2EE 10g (10.1.2.2.0)].server.http.ServletRequestDispatcher.invoke(ServletRequestDispatcher.java:673)
	at com.evermind[Oracle Application Server Containers for J2EE 10g (10.1.2.2.0)].server.http.ServletRequestDispatcher.forwardInternal(ServletRequestDispatcher.java:340)
	at com.evermind[Oracle Application Server Containers for J2EE 10g (10.1.2.2.0)].server.http.HttpRequestHandler.processRequest(HttpRequestHandler.java:830)
	at com.evermind[Oracle Application Server Containers for J2EE 10g (10.1.2.2.0)].server.http.HttpRequestHandler.run(HttpRequestHandler.java:285)
	at com.evermind[Oracle Application Server Containers for J2EE 10g (10.1.2.2.0)].server.http.HttpRequestHandler.run(HttpRequestHandler.java:126)
	at com.evermind[Oracle Application Server Containers for J2EE 10g (10.1.2.2.0)].util.ReleasableResourcePooledExecutor$MyWorker.run(ReleasableResourcePooledExecutor.java:192)
	at java.lang.Thread.run(Thread.java:534)
09/09/05 20:26:09 Started
09/09/05 20:26:10 fiduciaweb: JDevOJSP: init
09/09/05 20:26:10 fiduciaweb: Started
09/09/05 20:30:57 Started
09/09/05 20:30:58 fiduciaweb: JDevOJSP: init
09/09/05 20:30:58 fiduciaweb: Started
09/09/05 20:58:47 Started
09/09/05 20:58:49 fiduciaweb: JDevOJSP: init
09/09/05 20:58:49 fiduciaweb: Started
09/09/05 21:04:06 Started
09/09/05 21:04:08 fiduciaweb: JDevOJSP: init
09/09/05 21:04:08 fiduciaweb: Started
09/09/05 22:01:07 Started
09/09/05 22:01:12 fiduciaweb: JDevOJSP: init
09/09/05 22:01:12 fiduciaweb: Started
09/09/05 22:30:04 fiduciaweb: Servlet error
java.text.ParseException: Unparseable number: ""
	at java.text.NumberFormat.parse(NumberFormat.java:314)
	at _confirmarInst__10._jspService(confirmarInst_10.jsp:62)
	at com.orionserver[Oracle Application Server Containers for J2EE 10g (10.1.2.2.0)].http.OrionHttpJspPage.service(OrionHttpJspPage.java:56)
	at oracle.jsp.runtimev2.JspPageTable.service(JspPageTable.java:356)
	at oracle.jsp.runtimev2.JspServlet.internalService(JspServlet.java:498)
	at oracle.jsp.runtimev2.JspServlet.service(JspServlet.java:402)
	at javax.servlet.http.HttpServlet.service(HttpServlet.java:853)
	at com.evermind[Oracle Application Server Containers for J2EE 10g (10.1.2.2.0)].server.http.ResourceFilterChain.doFilter(ResourceFilterChain.java:65)
	at oracle.security.jazn.oc4j.JAZNFilter.doFilter(Unknown Source)
	at com.evermind[Oracle Application Server Containers for J2EE 10g (10.1.2.2.0)].server.http.ServletRequestDispatcher.invoke(ServletRequestDispatcher.java:673)
	at com.evermind[Oracle Application Server Containers for J2EE 10g (10.1.2.2.0)].server.http.ServletRequestDispatcher.forwardInternal(ServletRequestDispatcher.java:340)
	at com.evermind[Oracle Application Server Containers for J2EE 10g (10.1.2.2.0)].server.http.HttpRequestHandler.processRequest(HttpRequestHandler.java:830)
	at com.evermind[Oracle Application Server Containers for J2EE 10g (10.1.2.2.0)].server.http.HttpRequestHandler.run(HttpRequestHandler.java:285)
	at com.evermind[Oracle Application Server Containers for J2EE 10g (10.1.2.2.0)].server.http.HttpRequestHandler.run(HttpRequestHandler.java:126)
	at com.evermind[Oracle Application Server Containers for J2EE 10g (10.1.2.2.0)].util.ReleasableResourcePooledExecutor$MyWorker.run(ReleasableResourcePooledExecutor.java:192)
	at java.lang.Thread.run(Thread.java:534)
09/09/05 22:32:23 fiduciaweb: Servlet error
java.text.ParseException: Unparseable number: ""
	at java.text.NumberFormat.parse(NumberFormat.java:314)
	at _confirmarInst__10._jspService(confirmarInst_10.jsp:62)
	at com.orionserver[Oracle Application Server Containers for J2EE 10g (10.1.2.2.0)].http.OrionHttpJspPage.service(OrionHttpJspPage.java:56)
	at oracle.jsp.runtimev2.JspPageTable.service(JspPageTable.java:356)
	at oracle.jsp.runtimev2.JspServlet.internalService(JspServlet.java:498)
	at oracle.jsp.runtimev2.JspServlet.service(JspServlet.java:402)
	at javax.servlet.http.HttpServlet.service(HttpServlet.java:853)
	at com.evermind[Oracle Application Server Containers for J2EE 10g (10.1.2.2.0)].server.http.ResourceFilterChain.doFilter(ResourceFilterChain.java:65)
	at oracle.security.jazn.oc4j.JAZNFilter.doFilter(Unknown Source)
	at com.evermind[Oracle Application Server Containers for J2EE 10g (10.1.2.2.0)].server.http.ServletRequestDispatcher.invoke(ServletRequestDispatcher.java:673)
	at com.evermind[Oracle Application Server Containers for J2EE 10g (10.1.2.2.0)].server.http.ServletRequestDispatcher.forwardInternal(ServletRequestDispatcher.java:340)
	at com.evermind[Oracle Application Server Containers for J2EE 10g (10.1.2.2.0)].server.http.HttpRequestHandler.processRequest(HttpRequestHandler.java:830)
	at com.evermind[Oracle Application Server Containers for J2EE 10g (10.1.2.2.0)].server.http.HttpRequestHandler.run(HttpRequestHandler.java:285)
	at com.evermind[Oracle Application Server Containers for J2EE 10g (10.1.2.2.0)].server.http.HttpRequestHandler.run(HttpRequestHandler.java:126)
	at com.evermind[Oracle Application Server Containers for J2EE 10g (10.1.2.2.0)].util.ReleasableResourcePooledExecutor$MyWorker.run(ReleasableResourcePooledExecutor.java:186)
	at java.lang.Thread.run(Thread.java:534)
09/09/05 22:33:04 fiduciaweb: Servlet error
java.text.ParseException: Unparseable number: ""
	at java.text.NumberFormat.parse(NumberFormat.java:314)
	at _confirmarInst__10._jspService(confirmarInst_10.jsp:62)
	at com.orionserver[Oracle Application Server Containers for J2EE 10g (10.1.2.2.0)].http.OrionHttpJspPage.service(OrionHttpJspPage.java:56)
	at oracle.jsp.runtimev2.JspPageTable.service(JspPageTable.java:356)
	at oracle.jsp.runtimev2.JspServlet.internalService(JspServlet.java:498)
	at oracle.jsp.runtimev2.JspServlet.service(JspServlet.java:402)
	at javax.servlet.http.HttpServlet.service(HttpServlet.java:853)
	at com.evermind[Oracle Application Server Containers for J2EE 10g (10.1.2.2.0)].server.http.ResourceFilterChain.doFilter(ResourceFilterChain.java:65)
	at oracle.security.jazn.oc4j.JAZNFilter.doFilter(Unknown Source)
	at com.evermind[Oracle Application Server Containers for J2EE 10g (10.1.2.2.0)].server.http.ServletRequestDispatcher.invoke(ServletRequestDispatcher.java:673)
	at com.evermind[Oracle Application Server Containers for J2EE 10g (10.1.2.2.0)].server.http.ServletRequestDispatcher.forwardInternal(ServletRequestDispatcher.java:340)
	at com.evermind[Oracle Application Server Containers for J2EE 10g (10.1.2.2.0)].server.http.HttpRequestHandler.processRequest(HttpRequestHandler.java:830)
	at com.evermind[Oracle Application Server Containers for J2EE 10g (10.1.2.2.0)].server.http.HttpRequestHandler.run(HttpRequestHandler.java:285)
	at com.evermind[Oracle Application Server Containers for J2EE 10g (10.1.2.2.0)].server.http.HttpRequestHandler.run(HttpRequestHandler.java:126)
	at com.evermind[Oracle Application Server Containers for J2EE 10g (10.1.2.2.0)].util.ReleasableResourcePooledExecutor$MyWorker.run(ReleasableResourcePooledExecutor.java:192)
	at java.lang.Thread.run(Thread.java:534)
09/09/05 22:33:30 fiduciaweb: Servlet error
java.text.ParseException: Unparseable number: ""
	at java.text.NumberFormat.parse(NumberFormat.java:314)
	at _confirmarInst__10._jspService(confirmarInst_10.jsp:62)
	at com.orionserver[Oracle Application Server Containers for J2EE 10g (10.1.2.2.0)].http.OrionHttpJspPage.service(OrionHttpJspPage.java:56)
	at oracle.jsp.runtimev2.JspPageTable.service(JspPageTable.java:356)
	at oracle.jsp.runtimev2.JspServlet.internalService(JspServlet.java:498)
	at oracle.jsp.runtimev2.JspServlet.service(JspServlet.java:402)
	at javax.servlet.http.HttpServlet.service(HttpServlet.java:853)
	at com.evermind[Oracle Application Server Containers for J2EE 10g (10.1.2.2.0)].server.http.ResourceFilterChain.doFilter(ResourceFilterChain.java:65)
	at oracle.security.jazn.oc4j.JAZNFilter.doFilter(Unknown Source)
	at com.evermind[Oracle Application Server Containers for J2EE 10g (10.1.2.2.0)].server.http.ServletRequestDispatcher.invoke(ServletRequestDispatcher.java:673)
	at com.evermind[Oracle Application Server Containers for J2EE 10g (10.1.2.2.0)].server.http.ServletRequestDispatcher.forwardInternal(ServletRequestDispatcher.java:340)
	at com.evermind[Oracle Application Server Containers for J2EE 10g (10.1.2.2.0)].server.http.HttpRequestHandler.processRequest(HttpRequestHandler.java:830)
	at com.evermind[Oracle Application Server Containers for J2EE 10g (10.1.2.2.0)].server.http.HttpRequestHandler.run(HttpRequestHandler.java:285)
	at com.evermind[Oracle Application Server Containers for J2EE 10g (10.1.2.2.0)].server.http.HttpRequestHandler.run(HttpRequestHandler.java:126)
	at com.evermind[Oracle Application Server Containers for J2EE 10g (10.1.2.2.0)].util.ReleasableResourcePooledExecutor$MyWorker.run(ReleasableResourcePooledExecutor.java:192)
	at java.lang.Thread.run(Thread.java:534)
09/09/05 22:33:51 fiduciaweb: Servlet error
java.text.ParseException: Unparseable number: ""
	at java.text.NumberFormat.parse(NumberFormat.java:314)
	at _confirmarInst__10._jspService(confirmarInst_10.jsp:62)
	at com.orionserver[Oracle Application Server Containers for J2EE 10g (10.1.2.2.0)].http.OrionHttpJspPage.service(OrionHttpJspPage.java:56)
	at oracle.jsp.runtimev2.JspPageTable.service(JspPageTable.java:356)
	at oracle.jsp.runtimev2.JspServlet.internalService(JspServlet.java:498)
	at oracle.jsp.runtimev2.JspServlet.service(JspServlet.java:402)
	at javax.servlet.http.HttpServlet.service(HttpServlet.java:853)
	at com.evermind[Oracle Application Server Containers for J2EE 10g (10.1.2.2.0)].server.http.ResourceFilterChain.doFilter(ResourceFilterChain.java:65)
	at oracle.security.jazn.oc4j.JAZNFilter.doFilter(Unknown Source)
	at com.evermind[Oracle Application Server Containers for J2EE 10g (10.1.2.2.0)].server.http.ServletRequestDispatcher.invoke(ServletRequestDispatcher.java:673)
	at com.evermind[Oracle Application Server Containers for J2EE 10g (10.1.2.2.0)].server.http.ServletRequestDispatcher.forwardInternal(ServletRequestDispatcher.java:340)
	at com.evermind[Oracle Application Server Containers for J2EE 10g (10.1.2.2.0)].server.http.HttpRequestHandler.processRequest(HttpRequestHandler.java:830)
	at com.evermind[Oracle Application Server Containers for J2EE 10g (10.1.2.2.0)].server.http.HttpRequestHandler.run(HttpRequestHandler.java:285)
	at com.evermind[Oracle Application Server Containers for J2EE 10g (10.1.2.2.0)].server.http.HttpRequestHandler.run(HttpRequestHandler.java:126)
	at com.evermind[Oracle Application Server Containers for J2EE 10g (10.1.2.2.0)].util.ReleasableResourcePooledExecutor$MyWorker.run(ReleasableResourcePooledExecutor.java:192)
	at java.lang.Thread.run(Thread.java:534)
09/09/05 22:33:59 fiduciaweb: Servlet error
java.text.ParseException: Unparseable number: ""
	at java.text.NumberFormat.parse(NumberFormat.java:314)
	at _confirmarInst__10._jspService(confirmarInst_10.jsp:62)
	at com.orionserver[Oracle Application Server Containers for J2EE 10g (10.1.2.2.0)].http.OrionHttpJspPage.service(OrionHttpJspPage.java:56)
	at oracle.jsp.runtimev2.JspPageTable.service(JspPageTable.java:356)
	at oracle.jsp.runtimev2.JspServlet.internalService(JspServlet.java:498)
	at oracle.jsp.runtimev2.JspServlet.service(JspServlet.java:402)
	at javax.servlet.http.HttpServlet.service(HttpServlet.java:853)
	at com.evermind[Oracle Application Server Containers for J2EE 10g (10.1.2.2.0)].server.http.ResourceFilterChain.doFilter(ResourceFilterChain.java:65)
	at oracle.security.jazn.oc4j.JAZNFilter.doFilter(Unknown Source)
	at com.evermind[Oracle Application Server Containers for J2EE 10g (10.1.2.2.0)].server.http.ServletRequestDispatcher.invoke(ServletRequestDispatcher.java:673)
	at com.evermind[Oracle Application Server Containers for J2EE 10g (10.1.2.2.0)].server.http.ServletRequestDispatcher.forwardInternal(ServletRequestDispatcher.java:340)
	at com.evermind[Oracle Application Server Containers for J2EE 10g (10.1.2.2.0)].server.http.HttpRequestHandler.processRequest(HttpRequestHandler.java:830)
	at com.evermind[Oracle Application Server Containers for J2EE 10g (10.1.2.2.0)].server.http.HttpRequestHandler.run(HttpRequestHandler.java:285)
	at com.evermind[Oracle Application Server Containers for J2EE 10g (10.1.2.2.0)].server.http.HttpRequestHandler.run(HttpRequestHandler.java:126)
	at com.evermind[Oracle Application Server Containers for J2EE 10g (10.1.2.2.0)].util.ReleasableResourcePooledExecutor$MyWorker.run(ReleasableResourcePooledExecutor.java:192)
	at java.lang.Thread.run(Thread.java:534)
09/09/05 22:34:07 fiduciaweb: Servlet error
java.text.ParseException: Unparseable number: ""
	at java.text.NumberFormat.parse(NumberFormat.java:314)
	at _confirmarInst__10._jspService(confirmarInst_10.jsp:62)
	at com.orionserver[Oracle Application Server Containers for J2EE 10g (10.1.2.2.0)].http.OrionHttpJspPage.service(OrionHttpJspPage.java:56)
	at oracle.jsp.runtimev2.JspPageTable.service(JspPageTable.java:356)
	at oracle.jsp.runtimev2.JspServlet.internalService(JspServlet.java:498)
	at oracle.jsp.runtimev2.JspServlet.service(JspServlet.java:402)
	at javax.servlet.http.HttpServlet.service(HttpServlet.java:853)
	at com.evermind[Oracle Application Server Containers for J2EE 10g (10.1.2.2.0)].server.http.ResourceFilterChain.doFilter(ResourceFilterChain.java:65)
	at oracle.security.jazn.oc4j.JAZNFilter.doFilter(Unknown Source)
	at com.evermind[Oracle Application Server Containers for J2EE 10g (10.1.2.2.0)].server.http.ServletRequestDispatcher.invoke(ServletRequestDispatcher.java:673)
	at com.evermind[Oracle Application Server Containers for J2EE 10g (10.1.2.2.0)].server.http.ServletRequestDispatcher.forwardInternal(ServletRequestDispatcher.java:340)
	at com.evermind[Oracle Application Server Containers for J2EE 10g (10.1.2.2.0)].server.http.HttpRequestHandler.processRequest(HttpRequestHandler.java:830)
	at com.evermind[Oracle Application Server Containers for J2EE 10g (10.1.2.2.0)].server.http.HttpRequestHandler.run(HttpRequestHandler.java:285)
	at com.evermind[Oracle Application Server Containers for J2EE 10g (10.1.2.2.0)].server.http.HttpRequestHandler.run(HttpRequestHandler.java:126)
	at com.evermind[Oracle Application Server Containers for J2EE 10g (10.1.2.2.0)].util.ReleasableResourcePooledExecutor$MyWorker.run(ReleasableResourcePooledExecutor.java:192)
	at java.lang.Thread.run(Thread.java:534)
09/09/05 22:40:40 fiduciaweb: Servlet error
java.text.ParseException: Unparseable number: ""
	at java.text.NumberFormat.parse(NumberFormat.java:314)
	at _confirmarInst__10._jspService(confirmarInst_10.jsp:62)
	at com.orionserver[Oracle Application Server Containers for J2EE 10g (10.1.2.2.0)].http.OrionHttpJspPage.service(OrionHttpJspPage.java:56)
	at oracle.jsp.runtimev2.JspPageTable.service(JspPageTable.java:356)
	at oracle.jsp.runtimev2.JspServlet.internalService(JspServlet.java:498)
	at oracle.jsp.runtimev2.JspServlet.service(JspServlet.java:402)
	at javax.servlet.http.HttpServlet.service(HttpServlet.java:853)
	at com.evermind[Oracle Application Server Containers for J2EE 10g (10.1.2.2.0)].server.http.ResourceFilterChain.doFilter(ResourceFilterChain.java:65)
	at oracle.security.jazn.oc4j.JAZNFilter.doFilter(Unknown Source)
	at com.evermind[Oracle Application Server Containers for J2EE 10g (10.1.2.2.0)].server.http.ServletRequestDispatcher.invoke(ServletRequestDispatcher.java:673)
	at com.evermind[Oracle Application Server Containers for J2EE 10g (10.1.2.2.0)].server.http.ServletRequestDispatcher.forwardInternal(ServletRequestDispatcher.java:340)
	at com.evermind[Oracle Application Server Containers for J2EE 10g (10.1.2.2.0)].server.http.HttpRequestHandler.processRequest(HttpRequestHandler.java:830)
	at com.evermind[Oracle Application Server Containers for J2EE 10g (10.1.2.2.0)].server.http.HttpRequestHandler.run(HttpRequestHandler.java:285)
	at com.evermind[Oracle Application Server Containers for J2EE 10g (10.1.2.2.0)].server.http.HttpRequestHandler.run(HttpRequestHandler.java:126)
	at com.evermind[Oracle Application Server Containers for J2EE 10g (10.1.2.2.0)].util.ReleasableResourcePooledExecutor$MyWorker.run(ReleasableResourcePooledExecutor.java:192)
	at java.lang.Thread.run(Thread.java:534)
09/09/05 22:43:19 fiduciaweb: Servlet error
java.text.ParseException: Unparseable number: ""
	at java.text.NumberFormat.parse(NumberFormat.java:314)
	at _confirmarInst__10._jspService(confirmarInst_10.jsp:62)
	at com.orionserver[Oracle Application Server Containers for J2EE 10g (10.1.2.2.0)].http.OrionHttpJspPage.service(OrionHttpJspPage.java:56)
	at oracle.jsp.runtimev2.JspPageTable.service(JspPageTable.java:356)
	at oracle.jsp.runtimev2.JspServlet.internalService(JspServlet.java:498)
	at oracle.jsp.runtimev2.JspServlet.service(JspServlet.java:402)
	at javax.servlet.http.HttpServlet.service(HttpServlet.java:853)
	at com.evermind[Oracle Application Server Containers for J2EE 10g (10.1.2.2.0)].server.http.ResourceFilterChain.doFilter(ResourceFilterChain.java:65)
	at oracle.security.jazn.oc4j.JAZNFilter.doFilter(Unknown Source)
	at com.evermind[Oracle Application Server Containers for J2EE 10g (10.1.2.2.0)].server.http.ServletRequestDispatcher.invoke(ServletRequestDispatcher.java:673)
	at com.evermind[Oracle Application Server Containers for J2EE 10g (10.1.2.2.0)].server.http.ServletRequestDispatcher.forwardInternal(ServletRequestDispatcher.java:340)
	at com.evermind[Oracle Application Server Containers for J2EE 10g (10.1.2.2.0)].server.http.HttpRequestHandler.processRequest(HttpRequestHandler.java:830)
	at com.evermind[Oracle Application Server Containers for J2EE 10g (10.1.2.2.0)].server.http.HttpRequestHandler.run(HttpRequestHandler.java:285)
	at com.evermind[Oracle Application Server Containers for J2EE 10g (10.1.2.2.0)].server.http.HttpRequestHandler.run(HttpRequestHandler.java:126)
	at com.evermind[Oracle Application Server Containers for J2EE 10g (10.1.2.2.0)].util.ReleasableResourcePooledExecutor$MyWorker.run(ReleasableResourcePooledExecutor.java:186)
	at java.lang.Thread.run(Thread.java:534)
09/09/05 22:43:27 fiduciaweb: Servlet error
java.text.ParseException: Unparseable number: ""
	at java.text.NumberFormat.parse(NumberFormat.java:314)
	at _confirmarInst__10._jspService(confirmarInst_10.jsp:62)
	at com.orionserver[Oracle Application Server Containers for J2EE 10g (10.1.2.2.0)].http.OrionHttpJspPage.service(OrionHttpJspPage.java:56)
	at oracle.jsp.runtimev2.JspPageTable.service(JspPageTable.java:356)
	at oracle.jsp.runtimev2.JspServlet.internalService(JspServlet.java:498)
	at oracle.jsp.runtimev2.JspServlet.service(JspServlet.java:402)
	at javax.servlet.http.HttpServlet.service(HttpServlet.java:853)
	at com.evermind[Oracle Application Server Containers for J2EE 10g (10.1.2.2.0)].server.http.ResourceFilterChain.doFilter(ResourceFilterChain.java:65)
	at oracle.security.jazn.oc4j.JAZNFilter.doFilter(Unknown Source)
	at com.evermind[Oracle Application Server Containers for J2EE 10g (10.1.2.2.0)].server.http.ServletRequestDispatcher.invoke(ServletRequestDispatcher.java:673)
	at com.evermind[Oracle Application Server Containers for J2EE 10g (10.1.2.2.0)].server.http.ServletRequestDispatcher.forwardInternal(ServletRequestDispatcher.java:340)
	at com.evermind[Oracle Application Server Containers for J2EE 10g (10.1.2.2.0)].server.http.HttpRequestHandler.processRequest(HttpRequestHandler.java:830)
	at com.evermind[Oracle Application Server Containers for J2EE 10g (10.1.2.2.0)].server.http.HttpRequestHandler.run(HttpRequestHandler.java:285)
	at com.evermind[Oracle Application Server Containers for J2EE 10g (10.1.2.2.0)].server.http.HttpRequestHandler.run(HttpRequestHandler.java:126)
	at com.evermind[Oracle Application Server Containers for J2EE 10g (10.1.2.2.0)].util.ReleasableResourcePooledExecutor$MyWorker.run(ReleasableResourcePooledExecutor.java:192)
	at java.lang.Thread.run(Thread.java:534)
09/09/05 22:44:47 fiduciaweb: Servlet error
java.text.ParseException: Unparseable number: ""
	at java.text.NumberFormat.parse(NumberFormat.java:314)
	at _confirmarInst__10._jspService(confirmarInst_10.jsp:62)
	at com.orionserver[Oracle Application Server Containers for J2EE 10g (10.1.2.2.0)].http.OrionHttpJspPage.service(OrionHttpJspPage.java:56)
	at oracle.jsp.runtimev2.JspPageTable.service(JspPageTable.java:356)
	at oracle.jsp.runtimev2.JspServlet.internalService(JspServlet.java:498)
	at oracle.jsp.runtimev2.JspServlet.service(JspServlet.java:402)
	at javax.servlet.http.HttpServlet.service(HttpServlet.java:853)
	at com.evermind[Oracle Application Server Containers for J2EE 10g (10.1.2.2.0)].server.http.ResourceFilterChain.doFilter(ResourceFilterChain.java:65)
	at oracle.security.jazn.oc4j.JAZNFilter.doFilter(Unknown Source)
	at com.evermind[Oracle Application Server Containers for J2EE 10g (10.1.2.2.0)].server.http.ServletRequestDispatcher.invoke(ServletRequestDispatcher.java:673)
	at com.evermind[Oracle Application Server Containers for J2EE 10g (10.1.2.2.0)].server.http.ServletRequestDispatcher.forwardInternal(ServletRequestDispatcher.java:340)
	at com.evermind[Oracle Application Server Containers for J2EE 10g (10.1.2.2.0)].server.http.HttpRequestHandler.processRequest(HttpRequestHandler.java:830)
	at com.evermind[Oracle Application Server Containers for J2EE 10g (10.1.2.2.0)].server.http.HttpRequestHandler.run(HttpRequestHandler.java:285)
	at com.evermind[Oracle Application Server Containers for J2EE 10g (10.1.2.2.0)].server.http.HttpRequestHandler.run(HttpRequestHandler.java:126)
	at com.evermind[Oracle Application Server Containers for J2EE 10g (10.1.2.2.0)].util.ReleasableResourcePooledExecutor$MyWorker.run(ReleasableResourcePooledExecutor.java:186)
	at java.lang.Thread.run(Thread.java:534)
09/09/05 22:44:55 fiduciaweb: Servlet error
java.text.ParseException: Unparseable number: ""
	at java.text.NumberFormat.parse(NumberFormat.java:314)
	at _confirmarInst__10._jspService(confirmarInst_10.jsp:62)
	at com.orionserver[Oracle Application Server Containers for J2EE 10g (10.1.2.2.0)].http.OrionHttpJspPage.service(OrionHttpJspPage.java:56)
	at oracle.jsp.runtimev2.JspPageTable.service(JspPageTable.java:356)
	at oracle.jsp.runtimev2.JspServlet.internalService(JspServlet.java:498)
	at oracle.jsp.runtimev2.JspServlet.service(JspServlet.java:402)
	at javax.servlet.http.HttpServlet.service(HttpServlet.java:853)
	at com.evermind[Oracle Application Server Containers for J2EE 10g (10.1.2.2.0)].server.http.ResourceFilterChain.doFilter(ResourceFilterChain.java:65)
	at oracle.security.jazn.oc4j.JAZNFilter.doFilter(Unknown Source)
	at com.evermind[Oracle Application Server Containers for J2EE 10g (10.1.2.2.0)].server.http.ServletRequestDispatcher.invoke(ServletRequestDispatcher.java:673)
	at com.evermind[Oracle Application Server Containers for J2EE 10g (10.1.2.2.0)].server.http.ServletRequestDispatcher.forwardInternal(ServletRequestDispatcher.java:340)
	at com.evermind[Oracle Application Server Containers for J2EE 10g (10.1.2.2.0)].server.http.HttpRequestHandler.processRequest(HttpRequestHandler.java:830)
	at com.evermind[Oracle Application Server Containers for J2EE 10g (10.1.2.2.0)].server.http.HttpRequestHandler.run(HttpRequestHandler.java:285)
	at com.evermind[Oracle Application Server Containers for J2EE 10g (10.1.2.2.0)].server.http.HttpRequestHandler.run(HttpRequestHandler.java:126)
	at com.evermind[Oracle Application Server Containers for J2EE 10g (10.1.2.2.0)].util.ReleasableResourcePooledExecutor$MyWorker.run(ReleasableResourcePooledExecutor.java:192)
	at java.lang.Thread.run(Thread.java:534)
09/09/05 22:46:31 fiduciaweb: Servlet error
java.text.ParseException: Unparseable number: ""
	at java.text.NumberFormat.parse(NumberFormat.java:314)
	at _confirmarInst__10._jspService(confirmarInst_10.jsp:62)
	at com.orionserver[Oracle Application Server Containers for J2EE 10g (10.1.2.2.0)].http.OrionHttpJspPage.service(OrionHttpJspPage.java:56)
	at oracle.jsp.runtimev2.JspPageTable.service(JspPageTable.java:356)
	at oracle.jsp.runtimev2.JspServlet.internalService(JspServlet.java:498)
	at oracle.jsp.runtimev2.JspServlet.service(JspServlet.java:402)
	at javax.servlet.http.HttpServlet.service(HttpServlet.java:853)
	at com.evermind[Oracle Application Server Containers for J2EE 10g (10.1.2.2.0)].server.http.ResourceFilterChain.doFilter(ResourceFilterChain.java:65)
	at oracle.security.jazn.oc4j.JAZNFilter.doFilter(Unknown Source)
	at com.evermind[Oracle Application Server Containers for J2EE 10g (10.1.2.2.0)].server.http.ServletRequestDispatcher.invoke(ServletRequestDispatcher.java:673)
	at com.evermind[Oracle Application Server Containers for J2EE 10g (10.1.2.2.0)].server.http.ServletRequestDispatcher.forwardInternal(ServletRequestDispatcher.java:340)
	at com.evermind[Oracle Application Server Containers for J2EE 10g (10.1.2.2.0)].server.http.HttpRequestHandler.processRequest(HttpRequestHandler.java:830)
	at com.evermind[Oracle Application Server Containers for J2EE 10g (10.1.2.2.0)].server.http.HttpRequestHandler.run(HttpRequestHandler.java:285)
	at com.evermind[Oracle Application Server Containers for J2EE 10g (10.1.2.2.0)].server.http.HttpRequestHandler.run(HttpRequestHandler.java:126)
	at com.evermind[Oracle Application Server Containers for J2EE 10g (10.1.2.2.0)].util.ReleasableResourcePooledExecutor$MyWorker.run(ReleasableResourcePooledExecutor.java:186)
	at java.lang.Thread.run(Thread.java:534)
09/09/05 22:49:01 fiduciaweb: Connection reset by peer: socket write error
09/09/05 22:49:01 fiduciaweb: Connection reset by peer: socket write error
09/09/05 22:49:01 fiduciaweb: Connection reset by peer: socket write error
09/09/05 22:49:01 fiduciaweb: Connection reset by peer: socket write error
09/09/05 22:49:35 Started
09/09/05 22:49:36 fiduciaweb: JDevOJSP: init
09/09/05 22:49:36 fiduciaweb: Started
09/09/05 22:50:59 fiduciaweb: Servlet error
java.text.ParseException: Unparseable number: ""
	at java.text.NumberFormat.parse(NumberFormat.java:314)
	at _confirmarInst__10._jspService(confirmarInst_10.jsp:62)
	at com.orionserver[Oracle Application Server Containers for J2EE 10g (10.1.2.2.0)].http.OrionHttpJspPage.service(OrionHttpJspPage.java:56)
	at oracle.jsp.runtimev2.JspPageTable.service(JspPageTable.java:356)
	at oracle.jsp.runtimev2.JspServlet.internalService(JspServlet.java:498)
	at oracle.jsp.runtimev2.JspServlet.service(JspServlet.java:402)
	at javax.servlet.http.HttpServlet.service(HttpServlet.java:853)
	at com.evermind[Oracle Application Server Containers for J2EE 10g (10.1.2.2.0)].server.http.ResourceFilterChain.doFilter(ResourceFilterChain.java:65)
	at oracle.security.jazn.oc4j.JAZNFilter.doFilter(Unknown Source)
	at com.evermind[Oracle Application Server Containers for J2EE 10g (10.1.2.2.0)].server.http.ServletRequestDispatcher.invoke(ServletRequestDispatcher.java:673)
	at com.evermind[Oracle Application Server Containers for J2EE 10g (10.1.2.2.0)].server.http.ServletRequestDispatcher.forwardInternal(ServletRequestDispatcher.java:340)
	at com.evermind[Oracle Application Server Containers for J2EE 10g (10.1.2.2.0)].server.http.HttpRequestHandler.processRequest(HttpRequestHandler.java:830)
	at com.evermind[Oracle Application Server Containers for J2EE 10g (10.1.2.2.0)].server.http.HttpRequestHandler.run(HttpRequestHandler.java:285)
	at com.evermind[Oracle Application Server Containers for J2EE 10g (10.1.2.2.0)].server.http.HttpRequestHandler.run(HttpRequestHandler.java:126)
	at com.evermind[Oracle Application Server Containers for J2EE 10g (10.1.2.2.0)].util.ReleasableResourcePooledExecutor$MyWorker.run(ReleasableResourcePooledExecutor.java:192)
	at java.lang.Thread.run(Thread.java:534)
09/09/05 22:52:15 fiduciaweb: Servlet error
java.text.ParseException: Unparseable number: ""
	at java.text.NumberFormat.parse(NumberFormat.java:314)
	at _confirmarInst__10._jspService(confirmarInst_10.jsp:62)
	at com.orionserver[Oracle Application Server Containers for J2EE 10g (10.1.2.2.0)].http.OrionHttpJspPage.service(OrionHttpJspPage.java:56)
	at oracle.jsp.runtimev2.JspPageTable.service(JspPageTable.java:356)
	at oracle.jsp.runtimev2.JspServlet.internalService(JspServlet.java:498)
	at oracle.jsp.runtimev2.JspServlet.service(JspServlet.java:402)
	at javax.servlet.http.HttpServlet.service(HttpServlet.java:853)
	at com.evermind[Oracle Application Server Containers for J2EE 10g (10.1.2.2.0)].server.http.ResourceFilterChain.doFilter(ResourceFilterChain.java:65)
	at oracle.security.jazn.oc4j.JAZNFilter.doFilter(Unknown Source)
	at com.evermind[Oracle Application Server Containers for J2EE 10g (10.1.2.2.0)].server.http.ServletRequestDispatcher.invoke(ServletRequestDispatcher.java:673)
	at com.evermind[Oracle Application Server Containers for J2EE 10g (10.1.2.2.0)].server.http.ServletRequestDispatcher.forwardInternal(ServletRequestDispatcher.java:340)
	at com.evermind[Oracle Application Server Containers for J2EE 10g (10.1.2.2.0)].server.http.HttpRequestHandler.processRequest(HttpRequestHandler.java:830)
	at com.evermind[Oracle Application Server Containers for J2EE 10g (10.1.2.2.0)].server.http.HttpRequestHandler.run(HttpRequestHandler.java:285)
	at com.evermind[Oracle Application Server Containers for J2EE 10g (10.1.2.2.0)].server.http.HttpRequestHandler.run(HttpRequestHandler.java:126)
	at com.evermind[Oracle Application Server Containers for J2EE 10g (10.1.2.2.0)].util.ReleasableResourcePooledExecutor$MyWorker.run(ReleasableResourcePooledExecutor.java:192)
	at java.lang.Thread.run(Thread.java:534)
09/09/05 22:55:32 fiduciaweb: Servlet error
java.text.ParseException: Unparseable number: ""
	at java.text.NumberFormat.parse(NumberFormat.java:314)
	at _confirmarInst__10._jspService(confirmarInst_10.jsp:62)
	at com.orionserver[Oracle Application Server Containers for J2EE 10g (10.1.2.2.0)].http.OrionHttpJspPage.service(OrionHttpJspPage.java:56)
	at oracle.jsp.runtimev2.JspPageTable.service(JspPageTable.java:356)
	at oracle.jsp.runtimev2.JspServlet.internalService(JspServlet.java:498)
	at oracle.jsp.runtimev2.JspServlet.service(JspServlet.java:402)
	at javax.servlet.http.HttpServlet.service(HttpServlet.java:853)
	at com.evermind[Oracle Application Server Containers for J2EE 10g (10.1.2.2.0)].server.http.ResourceFilterChain.doFilter(ResourceFilterChain.java:65)
	at oracle.security.jazn.oc4j.JAZNFilter.doFilter(Unknown Source)
	at com.evermind[Oracle Application Server Containers for J2EE 10g (10.1.2.2.0)].server.http.ServletRequestDispatcher.invoke(ServletRequestDispatcher.java:673)
	at com.evermind[Oracle Application Server Containers for J2EE 10g (10.1.2.2.0)].server.http.ServletRequestDispatcher.forwardInternal(ServletRequestDispatcher.java:340)
	at com.evermind[Oracle Application Server Containers for J2EE 10g (10.1.2.2.0)].server.http.HttpRequestHandler.processRequest(HttpRequestHandler.java:830)
	at com.evermind[Oracle Application Server Containers for J2EE 10g (10.1.2.2.0)].server.http.HttpRequestHandler.run(HttpRequestHandler.java:285)
	at com.evermind[Oracle Application Server Containers for J2EE 10g (10.1.2.2.0)].server.http.HttpRequestHandler.run(HttpRequestHandler.java:126)
	at com.evermind[Oracle Application Server Containers for J2EE 10g (10.1.2.2.0)].util.ReleasableResourcePooledExecutor$MyWorker.run(ReleasableResourcePooledExecutor.java:192)
	at java.lang.Thread.run(Thread.java:534)
09/09/05 22:55:36 fiduciaweb: Servlet error
java.lang.NullPointerException
	at java.text.DecimalFormat.parse(DecimalFormat.java:1045)
	at java.text.NumberFormat.parse(NumberFormat.java:312)
	at _confirmarInst__10._jspService(confirmarInst_10.jsp:62)
	at com.orionserver[Oracle Application Server Containers for J2EE 10g (10.1.2.2.0)].http.OrionHttpJspPage.service(OrionHttpJspPage.java:56)
	at oracle.jsp.runtimev2.JspPageTable.service(JspPageTable.java:356)
	at oracle.jsp.runtimev2.JspServlet.internalService(JspServlet.java:498)
	at oracle.jsp.runtimev2.JspServlet.service(JspServlet.java:402)
	at javax.servlet.http.HttpServlet.service(HttpServlet.java:853)
	at com.evermind[Oracle Application Server Containers for J2EE 10g (10.1.2.2.0)].server.http.ResourceFilterChain.doFilter(ResourceFilterChain.java:65)
	at oracle.security.jazn.oc4j.JAZNFilter.doFilter(Unknown Source)
	at com.evermind[Oracle Application Server Containers for J2EE 10g (10.1.2.2.0)].server.http.ServletRequestDispatcher.invoke(ServletRequestDispatcher.java:673)
	at com.evermind[Oracle Application Server Containers for J2EE 10g (10.1.2.2.0)].server.http.ServletRequestDispatcher.forwardInternal(ServletRequestDispatcher.java:340)
	at com.evermind[Oracle Application Server Containers for J2EE 10g (10.1.2.2.0)].server.http.HttpRequestHandler.processRequest(HttpRequestHandler.java:830)
	at com.evermind[Oracle Application Server Containers for J2EE 10g (10.1.2.2.0)].server.http.HttpRequestHandler.run(HttpRequestHandler.java:285)
	at com.evermind[Oracle Application Server Containers for J2EE 10g (10.1.2.2.0)].server.http.HttpRequestHandler.run(HttpRequestHandler.java:126)
	at com.evermind[Oracle Application Server Containers for J2EE 10g (10.1.2.2.0)].util.ReleasableResourcePooledExecutor$MyWorker.run(ReleasableResourcePooledExecutor.java:192)
	at java.lang.Thread.run(Thread.java:534)
09/09/05 22:55:45 fiduciaweb: Servlet error
java.lang.NullPointerException
	at java.text.DecimalFormat.parse(DecimalFormat.java:1045)
	at java.text.NumberFormat.parse(NumberFormat.java:312)
	at _confirmarInst__10._jspService(confirmarInst_10.jsp:62)
	at com.orionserver[Oracle Application Server Containers for J2EE 10g (10.1.2.2.0)].http.OrionHttpJspPage.service(OrionHttpJspPage.java:56)
	at oracle.jsp.runtimev2.JspPageTable.service(JspPageTable.java:356)
	at oracle.jsp.runtimev2.JspServlet.internalService(JspServlet.java:498)
	at oracle.jsp.runtimev2.JspServlet.service(JspServlet.java:402)
	at javax.servlet.http.HttpServlet.service(HttpServlet.java:853)
	at com.evermind[Oracle Application Server Containers for J2EE 10g (10.1.2.2.0)].server.http.ResourceFilterChain.doFilter(ResourceFilterChain.java:65)
	at oracle.security.jazn.oc4j.JAZNFilter.doFilter(Unknown Source)
	at com.evermind[Oracle Application Server Containers for J2EE 10g (10.1.2.2.0)].server.http.ServletRequestDispatcher.invoke(ServletRequestDispatcher.java:673)
	at com.evermind[Oracle Application Server Containers for J2EE 10g (10.1.2.2.0)].server.http.ServletRequestDispatcher.forwardInternal(ServletRequestDispatcher.java:340)
	at com.evermind[Oracle Application Server Containers for J2EE 10g (10.1.2.2.0)].server.http.HttpRequestHandler.processRequest(HttpRequestHandler.java:830)
	at com.evermind[Oracle Application Server Containers for J2EE 10g (10.1.2.2.0)].server.http.HttpRequestHandler.run(HttpRequestHandler.java:285)
	at com.evermind[Oracle Application Server Containers for J2EE 10g (10.1.2.2.0)].server.http.HttpRequestHandler.run(HttpRequestHandler.java:126)
	at com.evermind[Oracle Application Server Containers for J2EE 10g (10.1.2.2.0)].util.ReleasableResourcePooledExecutor$MyWorker.run(ReleasableResourcePooledExecutor.java:192)
	at java.lang.Thread.run(Thread.java:534)
09/09/05 22:56:07 fiduciaweb: Servlet error
java.text.ParseException: Unparseable number: ""
	at java.text.NumberFormat.parse(NumberFormat.java:314)
	at _confirmarInst__10._jspService(confirmarInst_10.jsp:62)
	at com.orionserver[Oracle Application Server Containers for J2EE 10g (10.1.2.2.0)].http.OrionHttpJspPage.service(OrionHttpJspPage.java:56)
	at oracle.jsp.runtimev2.JspPageTable.service(JspPageTable.java:356)
	at oracle.jsp.runtimev2.JspServlet.internalService(JspServlet.java:498)
	at oracle.jsp.runtimev2.JspServlet.service(JspServlet.java:402)
	at javax.servlet.http.HttpServlet.service(HttpServlet.java:853)
	at com.evermind[Oracle Application Server Containers for J2EE 10g (10.1.2.2.0)].server.http.ResourceFilterChain.doFilter(ResourceFilterChain.java:65)
	at oracle.security.jazn.oc4j.JAZNFilter.doFilter(Unknown Source)
	at com.evermind[Oracle Application Server Containers for J2EE 10g (10.1.2.2.0)].server.http.ServletRequestDispatcher.invoke(ServletRequestDispatcher.java:673)
	at com.evermind[Oracle Application Server Containers for J2EE 10g (10.1.2.2.0)].server.http.ServletRequestDispatcher.forwardInternal(ServletRequestDispatcher.java:340)
	at com.evermind[Oracle Application Server Containers for J2EE 10g (10.1.2.2.0)].server.http.HttpRequestHandler.processRequest(HttpRequestHandler.java:830)
	at com.evermind[Oracle Application Server Containers for J2EE 10g (10.1.2.2.0)].server.http.HttpRequestHandler.run(HttpRequestHandler.java:285)
	at com.evermind[Oracle Application Server Containers for J2EE 10g (10.1.2.2.0)].server.http.HttpRequestHandler.run(HttpRequestHandler.java:126)
	at com.evermind[Oracle Application Server Containers for J2EE 10g (10.1.2.2.0)].util.ReleasableResourcePooledExecutor$MyWorker.run(ReleasableResourcePooledExecutor.java:192)
	at java.lang.Thread.run(Thread.java:534)
09/09/05 22:56:10 fiduciaweb: Servlet error
java.lang.NullPointerException
	at java.text.DecimalFormat.parse(DecimalFormat.java:1045)
	at java.text.NumberFormat.parse(NumberFormat.java:312)
	at _confirmarInst__10._jspService(confirmarInst_10.jsp:62)
	at com.orionserver[Oracle Application Server Containers for J2EE 10g (10.1.2.2.0)].http.OrionHttpJspPage.service(OrionHttpJspPage.java:56)
	at oracle.jsp.runtimev2.JspPageTable.service(JspPageTable.java:356)
	at oracle.jsp.runtimev2.JspServlet.internalService(JspServlet.java:498)
	at oracle.jsp.runtimev2.JspServlet.service(JspServlet.java:402)
	at javax.servlet.http.HttpServlet.service(HttpServlet.java:853)
	at com.evermind[Oracle Application Server Containers for J2EE 10g (10.1.2.2.0)].server.http.ResourceFilterChain.doFilter(ResourceFilterChain.java:65)
	at oracle.security.jazn.oc4j.JAZNFilter.doFilter(Unknown Source)
	at com.evermind[Oracle Application Server Containers for J2EE 10g (10.1.2.2.0)].server.http.ServletRequestDispatcher.invoke(ServletRequestDispatcher.java:673)
	at com.evermind[Oracle Application Server Containers for J2EE 10g (10.1.2.2.0)].server.http.ServletRequestDispatcher.forwardInternal(ServletRequestDispatcher.java:340)
	at com.evermind[Oracle Application Server Containers for J2EE 10g (10.1.2.2.0)].server.http.HttpRequestHandler.processRequest(HttpRequestHandler.java:830)
	at com.evermind[Oracle Application Server Containers for J2EE 10g (10.1.2.2.0)].server.http.HttpRequestHandler.run(HttpRequestHandler.java:285)
	at com.evermind[Oracle Application Server Containers for J2EE 10g (10.1.2.2.0)].server.http.HttpRequestHandler.run(HttpRequestHandler.java:126)
	at com.evermind[Oracle Application Server Containers for J2EE 10g (10.1.2.2.0)].util.ReleasableResourcePooledExecutor$MyWorker.run(ReleasableResourcePooledExecutor.java:192)
	at java.lang.Thread.run(Thread.java:534)
09/09/05 22:56:14 fiduciaweb: Servlet error
java.text.ParseException: Unparseable number: ""
	at java.text.NumberFormat.parse(NumberFormat.java:314)
	at _confirmarInst__10._jspService(confirmarInst_10.jsp:62)
	at com.orionserver[Oracle Application Server Containers for J2EE 10g (10.1.2.2.0)].http.OrionHttpJspPage.service(OrionHttpJspPage.java:56)
	at oracle.jsp.runtimev2.JspPageTable.service(JspPageTable.java:356)
	at oracle.jsp.runtimev2.JspServlet.internalService(JspServlet.java:498)
	at oracle.jsp.runtimev2.JspServlet.service(JspServlet.java:402)
	at javax.servlet.http.HttpServlet.service(HttpServlet.java:853)
	at com.evermind[Oracle Application Server Containers for J2EE 10g (10.1.2.2.0)].server.http.ResourceFilterChain.doFilter(ResourceFilterChain.java:65)
	at oracle.security.jazn.oc4j.JAZNFilter.doFilter(Unknown Source)
	at com.evermind[Oracle Application Server Containers for J2EE 10g (10.1.2.2.0)].server.http.ServletRequestDispatcher.invoke(ServletRequestDispatcher.java:673)
	at com.evermind[Oracle Application Server Containers for J2EE 10g (10.1.2.2.0)].server.http.ServletRequestDispatcher.forwardInternal(ServletRequestDispatcher.java:340)
	at com.evermind[Oracle Application Server Containers for J2EE 10g (10.1.2.2.0)].server.http.HttpRequestHandler.processRequest(HttpRequestHandler.java:830)
	at com.evermind[Oracle Application Server Containers for J2EE 10g (10.1.2.2.0)].server.http.HttpRequestHandler.run(HttpRequestHandler.java:285)
	at com.evermind[Oracle Application Server Containers for J2EE 10g (10.1.2.2.0)].server.http.HttpRequestHandler.run(HttpRequestHandler.java:126)
	at com.evermind[Oracle Application Server Containers for J2EE 10g (10.1.2.2.0)].util.ReleasableResourcePooledExecutor$MyWorker.run(ReleasableResourcePooledExecutor.java:192)
	at java.lang.Thread.run(Thread.java:534)
09/09/05 23:04:32 fiduciaweb: Servlet error
java.text.ParseException: Unparseable number: ""
	at java.text.NumberFormat.parse(NumberFormat.java:314)
	at _confirmarInst__10._jspService(confirmarInst_10.jsp:62)
	at com.orionserver[Oracle Application Server Containers for J2EE 10g (10.1.2.2.0)].http.OrionHttpJspPage.service(OrionHttpJspPage.java:56)
	at oracle.jsp.runtimev2.JspPageTable.service(JspPageTable.java:356)
	at oracle.jsp.runtimev2.JspServlet.internalService(JspServlet.java:498)
	at oracle.jsp.runtimev2.JspServlet.service(JspServlet.java:402)
	at javax.servlet.http.HttpServlet.service(HttpServlet.java:853)
	at com.evermind[Oracle Application Server Containers for J2EE 10g (10.1.2.2.0)].server.http.ResourceFilterChain.doFilter(ResourceFilterChain.java:65)
	at oracle.security.jazn.oc4j.JAZNFilter.doFilter(Unknown Source)
	at com.evermind[Oracle Application Server Containers for J2EE 10g (10.1.2.2.0)].server.http.ServletRequestDispatcher.invoke(ServletRequestDispatcher.java:673)
	at com.evermind[Oracle Application Server Containers for J2EE 10g (10.1.2.2.0)].server.http.ServletRequestDispatcher.forwardInternal(ServletRequestDispatcher.java:340)
	at com.evermind[Oracle Application Server Containers for J2EE 10g (10.1.2.2.0)].server.http.HttpRequestHandler.processRequest(HttpRequestHandler.java:830)
	at com.evermind[Oracle Application Server Containers for J2EE 10g (10.1.2.2.0)].server.http.HttpRequestHandler.run(HttpRequestHandler.java:285)
	at com.evermind[Oracle Application Server Containers for J2EE 10g (10.1.2.2.0)].server.http.HttpRequestHandler.run(HttpRequestHandler.java:126)
	at com.evermind[Oracle Application Server Containers for J2EE 10g (10.1.2.2.0)].util.ReleasableResourcePooledExecutor$MyWorker.run(ReleasableResourcePooledExecutor.java:192)
	at java.lang.Thread.run(Thread.java:534)
09/09/05 23:07:57 fiduciaweb: Servlet error
java.text.ParseException: Unparseable number: ""
	at java.text.NumberFormat.parse(NumberFormat.java:314)
	at _confirmarInst__10._jspService(confirmarInst_10.jsp:62)
	at com.orionserver[Oracle Application Server Containers for J2EE 10g (10.1.2.2.0)].http.OrionHttpJspPage.service(OrionHttpJspPage.java:56)
	at oracle.jsp.runtimev2.JspPageTable.service(JspPageTable.java:356)
	at oracle.jsp.runtimev2.JspServlet.internalService(JspServlet.java:498)
	at oracle.jsp.runtimev2.JspServlet.service(JspServlet.java:402)
	at javax.servlet.http.HttpServlet.service(HttpServlet.java:853)
	at com.evermind[Oracle Application Server Containers for J2EE 10g (10.1.2.2.0)].server.http.ResourceFilterChain.doFilter(ResourceFilterChain.java:65)
	at oracle.security.jazn.oc4j.JAZNFilter.doFilter(Unknown Source)
	at com.evermind[Oracle Application Server Containers for J2EE 10g (10.1.2.2.0)].server.http.ServletRequestDispatcher.invoke(ServletRequestDispatcher.java:673)
	at com.evermind[Oracle Application Server Containers for J2EE 10g (10.1.2.2.0)].server.http.ServletRequestDispatcher.forwardInternal(ServletRequestDispatcher.java:340)
	at com.evermind[Oracle Application Server Containers for J2EE 10g (10.1.2.2.0)].server.http.HttpRequestHandler.processRequest(HttpRequestHandler.java:830)
	at com.evermind[Oracle Application Server Containers for J2EE 10g (10.1.2.2.0)].server.http.HttpRequestHandler.run(HttpRequestHandler.java:285)
	at com.evermind[Oracle Application Server Containers for J2EE 10g (10.1.2.2.0)].server.http.HttpRequestHandler.run(HttpRequestHandler.java:126)
	at com.evermind[Oracle Application Server Containers for J2EE 10g (10.1.2.2.0)].util.ReleasableResourcePooledExecutor$MyWorker.run(ReleasableResourcePooledExecutor.java:192)
	at java.lang.Thread.run(Thread.java:534)
09/09/05 23:09:14 fiduciaweb: Servlet error
java.lang.NullPointerException
	at java.text.DecimalFormat.parse(DecimalFormat.java:1045)
	at java.text.NumberFormat.parse(NumberFormat.java:312)
	at _confirmarInst__10._jspService(confirmarInst_10.jsp:62)
	at com.orionserver[Oracle Application Server Containers for J2EE 10g (10.1.2.2.0)].http.OrionHttpJspPage.service(OrionHttpJspPage.java:56)
	at oracle.jsp.runtimev2.JspPageTable.service(JspPageTable.java:356)
	at oracle.jsp.runtimev2.JspServlet.internalService(JspServlet.java:498)
	at oracle.jsp.runtimev2.JspServlet.service(JspServlet.java:402)
	at javax.servlet.http.HttpServlet.service(HttpServlet.java:853)
	at com.evermind[Oracle Application Server Containers for J2EE 10g (10.1.2.2.0)].server.http.ResourceFilterChain.doFilter(ResourceFilterChain.java:65)
	at oracle.security.jazn.oc4j.JAZNFilter.doFilter(Unknown Source)
	at com.evermind[Oracle Application Server Containers for J2EE 10g (10.1.2.2.0)].server.http.ServletRequestDispatcher.invoke(ServletRequestDispatcher.java:673)
	at com.evermind[Oracle Application Server Containers for J2EE 10g (10.1.2.2.0)].server.http.ServletRequestDispatcher.forwardInternal(ServletRequestDispatcher.java:340)
	at com.evermind[Oracle Application Server Containers for J2EE 10g (10.1.2.2.0)].server.http.HttpRequestHandler.processRequest(HttpRequestHandler.java:830)
	at com.evermind[Oracle Application Server Containers for J2EE 10g (10.1.2.2.0)].server.http.HttpRequestHandler.run(HttpRequestHandler.java:285)
	at com.evermind[Oracle Application Server Containers for J2EE 10g (10.1.2.2.0)].server.http.HttpRequestHandler.run(HttpRequestHandler.java:126)
	at com.evermind[Oracle Application Server Containers for J2EE 10g (10.1.2.2.0)].util.ReleasableResourcePooledExecutor$MyWorker.run(ReleasableResourcePooledExecutor.java:186)
	at java.lang.Thread.run(Thread.java:534)
09/09/05 23:09:23 fiduciaweb: Servlet error
java.text.ParseException: Unparseable number: ""
	at java.text.NumberFormat.parse(NumberFormat.java:314)
	at _confirmarInst__10._jspService(confirmarInst_10.jsp:62)
	at com.orionserver[Oracle Application Server Containers for J2EE 10g (10.1.2.2.0)].http.OrionHttpJspPage.service(OrionHttpJspPage.java:56)
	at oracle.jsp.runtimev2.JspPageTable.service(JspPageTable.java:356)
	at oracle.jsp.runtimev2.JspServlet.internalService(JspServlet.java:498)
	at oracle.jsp.runtimev2.JspServlet.service(JspServlet.java:402)
	at javax.servlet.http.HttpServlet.service(HttpServlet.java:853)
	at com.evermind[Oracle Application Server Containers for J2EE 10g (10.1.2.2.0)].server.http.ResourceFilterChain.doFilter(ResourceFilterChain.java:65)
	at oracle.security.jazn.oc4j.JAZNFilter.doFilter(Unknown Source)
	at com.evermind[Oracle Application Server Containers for J2EE 10g (10.1.2.2.0)].server.http.ServletRequestDispatcher.invoke(ServletRequestDispatcher.java:673)
	at com.evermind[Oracle Application Server Containers for J2EE 10g (10.1.2.2.0)].server.http.ServletRequestDispatcher.forwardInternal(ServletRequestDispatcher.java:340)
	at com.evermind[Oracle Application Server Containers for J2EE 10g (10.1.2.2.0)].server.http.HttpRequestHandler.processRequest(HttpRequestHandler.java:830)
	at com.evermind[Oracle Application Server Containers for J2EE 10g (10.1.2.2.0)].server.http.HttpRequestHandler.run(HttpRequestHandler.java:285)
	at com.evermind[Oracle Application Server Containers for J2EE 10g (10.1.2.2.0)].server.http.HttpRequestHandler.run(HttpRequestHandler.java:126)
	at com.evermind[Oracle Application Server Containers for J2EE 10g (10.1.2.2.0)].util.ReleasableResourcePooledExecutor$MyWorker.run(ReleasableResourcePooledExecutor.java:192)
	at java.lang.Thread.run(Thread.java:534)
09/09/05 23:10:16 Started
09/09/05 23:10:18 fiduciaweb: JDevOJSP: init
09/09/05 23:10:18 fiduciaweb: Started
09/09/05 23:11:43 fiduciaweb: Servlet error
java.text.ParseException: Unparseable number: ""
	at java.text.NumberFormat.parse(NumberFormat.java:314)
	at _confirmarInst__10._jspService(confirmarInst_10.jsp:62)
	at com.orionserver[Oracle Application Server Containers for J2EE 10g (10.1.2.2.0)].http.OrionHttpJspPage.service(OrionHttpJspPage.java:56)
	at oracle.jsp.runtimev2.JspPageTable.service(JspPageTable.java:356)
	at oracle.jsp.runtimev2.JspServlet.internalService(JspServlet.java:498)
	at oracle.jsp.runtimev2.JspServlet.service(JspServlet.java:402)
	at javax.servlet.http.HttpServlet.service(HttpServlet.java:853)
	at com.evermind[Oracle Application Server Containers for J2EE 10g (10.1.2.2.0)].server.http.ResourceFilterChain.doFilter(ResourceFilterChain.java:65)
	at oracle.security.jazn.oc4j.JAZNFilter.doFilter(Unknown Source)
	at com.evermind[Oracle Application Server Containers for J2EE 10g (10.1.2.2.0)].server.http.ServletRequestDispatcher.invoke(ServletRequestDispatcher.java:673)
	at com.evermind[Oracle Application Server Containers for J2EE 10g (10.1.2.2.0)].server.http.ServletRequestDispatcher.forwardInternal(ServletRequestDispatcher.java:340)
	at com.evermind[Oracle Application Server Containers for J2EE 10g (10.1.2.2.0)].server.http.HttpRequestHandler.processRequest(HttpRequestHandler.java:830)
	at com.evermind[Oracle Application Server Containers for J2EE 10g (10.1.2.2.0)].server.http.HttpRequestHandler.run(HttpRequestHandler.java:285)
	at com.evermind[Oracle Application Server Containers for J2EE 10g (10.1.2.2.0)].server.http.HttpRequestHandler.run(HttpRequestHandler.java:126)
	at com.evermind[Oracle Application Server Containers for J2EE 10g (10.1.2.2.0)].util.ReleasableResourcePooledExecutor$MyWorker.run(ReleasableResourcePooledExecutor.java:192)
	at java.lang.Thread.run(Thread.java:534)
09/09/05 23:14:54 fiduciaweb: Servlet error
java.lang.NullPointerException
	at java.text.DecimalFormat.parse(DecimalFormat.java:1045)
	at java.text.NumberFormat.parse(NumberFormat.java:312)
	at _confirmarInst__10._jspService(confirmarInst_10.jsp:62)
	at com.orionserver[Oracle Application Server Containers for J2EE 10g (10.1.2.2.0)].http.OrionHttpJspPage.service(OrionHttpJspPage.java:56)
	at oracle.jsp.runtimev2.JspPageTable.service(JspPageTable.java:356)
	at oracle.jsp.runtimev2.JspServlet.internalService(JspServlet.java:498)
	at oracle.jsp.runtimev2.JspServlet.service(JspServlet.java:402)
	at javax.servlet.http.HttpServlet.service(HttpServlet.java:853)
	at com.evermind[Oracle Application Server Containers for J2EE 10g (10.1.2.2.0)].server.http.ResourceFilterChain.doFilter(ResourceFilterChain.java:65)
	at oracle.security.jazn.oc4j.JAZNFilter.doFilter(Unknown Source)
	at com.evermind[Oracle Application Server Containers for J2EE 10g (10.1.2.2.0)].server.http.ServletRequestDispatcher.invoke(ServletRequestDispatcher.java:673)
	at com.evermind[Oracle Application Server Containers for J2EE 10g (10.1.2.2.0)].server.http.ServletRequestDispatcher.forwardInternal(ServletRequestDispatcher.java:340)
	at com.evermind[Oracle Application Server Containers for J2EE 10g (10.1.2.2.0)].server.http.HttpRequestHandler.processRequest(HttpRequestHandler.java:830)
	at com.evermind[Oracle Application Server Containers for J2EE 10g (10.1.2.2.0)].server.http.HttpRequestHandler.run(HttpRequestHandler.java:285)
	at com.evermind[Oracle Application Server Containers for J2EE 10g (10.1.2.2.0)].server.http.HttpRequestHandler.run(HttpRequestHandler.java:126)
	at com.evermind[Oracle Application Server Containers for J2EE 10g (10.1.2.2.0)].util.ReleasableResourcePooledExecutor$MyWorker.run(ReleasableResourcePooledExecutor.java:186)
	at java.lang.Thread.run(Thread.java:534)
09/09/05 23:17:36 fiduciaweb: Servlet error
java.text.ParseException: Unparseable number: ""
	at java.text.NumberFormat.parse(NumberFormat.java:314)
	at _confirmarInst__10._jspService(confirmarInst_10.jsp:62)
	at com.orionserver[Oracle Application Server Containers for J2EE 10g (10.1.2.2.0)].http.OrionHttpJspPage.service(OrionHttpJspPage.java:56)
	at oracle.jsp.runtimev2.JspPageTable.service(JspPageTable.java:356)
	at oracle.jsp.runtimev2.JspServlet.internalService(JspServlet.java:498)
	at oracle.jsp.runtimev2.JspServlet.service(JspServlet.java:402)
	at javax.servlet.http.HttpServlet.service(HttpServlet.java:853)
	at com.evermind[Oracle Application Server Containers for J2EE 10g (10.1.2.2.0)].server.http.ResourceFilterChain.doFilter(ResourceFilterChain.java:65)
	at oracle.security.jazn.oc4j.JAZNFilter.doFilter(Unknown Source)
	at com.evermind[Oracle Application Server Containers for J2EE 10g (10.1.2.2.0)].server.http.ServletRequestDispatcher.invoke(ServletRequestDispatcher.java:673)
	at com.evermind[Oracle Application Server Containers for J2EE 10g (10.1.2.2.0)].server.http.ServletRequestDispatcher.forwardInternal(ServletRequestDispatcher.java:340)
	at com.evermind[Oracle Application Server Containers for J2EE 10g (10.1.2.2.0)].server.http.HttpRequestHandler.processRequest(HttpRequestHandler.java:830)
	at com.evermind[Oracle Application Server Containers for J2EE 10g (10.1.2.2.0)].server.http.HttpRequestHandler.run(HttpRequestHandler.java:285)
	at com.evermind[Oracle Application Server Containers for J2EE 10g (10.1.2.2.0)].server.http.HttpRequestHandler.run(HttpRequestHandler.java:126)
	at com.evermind[Oracle Application Server Containers for J2EE 10g (10.1.2.2.0)].util.ReleasableResourcePooledExecutor$MyWorker.run(ReleasableResourcePooledExecutor.java:192)
	at java.lang.Thread.run(Thread.java:534)
09/09/05 23:19:13 fiduciaweb: Servlet error
java.lang.NullPointerException
	at java.text.DecimalFormat.parse(DecimalFormat.java:1045)
	at java.text.NumberFormat.parse(NumberFormat.java:312)
	at _confirmarInst__10._jspService(confirmarInst_10.jsp:62)
	at com.orionserver[Oracle Application Server Containers for J2EE 10g (10.1.2.2.0)].http.OrionHttpJspPage.service(OrionHttpJspPage.java:56)
	at oracle.jsp.runtimev2.JspPageTable.service(JspPageTable.java:356)
	at oracle.jsp.runtimev2.JspServlet.internalService(JspServlet.java:498)
	at oracle.jsp.runtimev2.JspServlet.service(JspServlet.java:402)
	at javax.servlet.http.HttpServlet.service(HttpServlet.java:853)
	at com.evermind[Oracle Application Server Containers for J2EE 10g (10.1.2.2.0)].server.http.ResourceFilterChain.doFilter(ResourceFilterChain.java:65)
	at oracle.security.jazn.oc4j.JAZNFilter.doFilter(Unknown Source)
	at com.evermind[Oracle Application Server Containers for J2EE 10g (10.1.2.2.0)].server.http.ServletRequestDispatcher.invoke(ServletRequestDispatcher.java:673)
	at com.evermind[Oracle Application Server Containers for J2EE 10g (10.1.2.2.0)].server.http.ServletRequestDispatcher.forwardInternal(ServletRequestDispatcher.java:340)
	at com.evermind[Oracle Application Server Containers for J2EE 10g (10.1.2.2.0)].server.http.HttpRequestHandler.processRequest(HttpRequestHandler.java:830)
	at com.evermind[Oracle Application Server Containers for J2EE 10g (10.1.2.2.0)].server.http.HttpRequestHandler.run(HttpRequestHandler.java:285)
	at com.evermind[Oracle Application Server Containers for J2EE 10g (10.1.2.2.0)].server.http.HttpRequestHandler.run(HttpRequestHandler.java:126)
	at com.evermind[Oracle Application Server Containers for J2EE 10g (10.1.2.2.0)].util.ReleasableResourcePooledExecutor$MyWorker.run(ReleasableResourcePooledExecutor.java:186)
	at java.lang.Thread.run(Thread.java:534)
09/09/05 23:19:25 fiduciaweb: Servlet error
java.text.ParseException: Unparseable number: ""
	at java.text.NumberFormat.parse(NumberFormat.java:314)
	at _confirmarInst__10._jspService(confirmarInst_10.jsp:62)
	at com.orionserver[Oracle Application Server Containers for J2EE 10g (10.1.2.2.0)].http.OrionHttpJspPage.service(OrionHttpJspPage.java:56)
	at oracle.jsp.runtimev2.JspPageTable.service(JspPageTable.java:356)
	at oracle.jsp.runtimev2.JspServlet.internalService(JspServlet.java:498)
	at oracle.jsp.runtimev2.JspServlet.service(JspServlet.java:402)
	at javax.servlet.http.HttpServlet.service(HttpServlet.java:853)
	at com.evermind[Oracle Application Server Containers for J2EE 10g (10.1.2.2.0)].server.http.ResourceFilterChain.doFilter(ResourceFilterChain.java:65)
	at oracle.security.jazn.oc4j.JAZNFilter.doFilter(Unknown Source)
	at com.evermind[Oracle Application Server Containers for J2EE 10g (10.1.2.2.0)].server.http.ServletRequestDispatcher.invoke(ServletRequestDispatcher.java:673)
	at com.evermind[Oracle Application Server Containers for J2EE 10g (10.1.2.2.0)].server.http.ServletRequestDispatcher.forwardInternal(ServletRequestDispatcher.java:340)
	at com.evermind[Oracle Application Server Containers for J2EE 10g (10.1.2.2.0)].server.http.HttpRequestHandler.processRequest(HttpRequestHandler.java:830)
	at com.evermind[Oracle Application Server Containers for J2EE 10g (10.1.2.2.0)].server.http.HttpRequestHandler.run(HttpRequestHandler.java:285)
	at com.evermind[Oracle Application Server Containers for J2EE 10g (10.1.2.2.0)].server.http.HttpRequestHandler.run(HttpRequestHandler.java:126)
	at com.evermind[Oracle Application Server Containers for J2EE 10g (10.1.2.2.0)].util.ReleasableResourcePooledExecutor$MyWorker.run(ReleasableResourcePooledExecutor.java:192)
	at java.lang.Thread.run(Thread.java:534)
09/09/05 23:20:24 fiduciaweb: Servlet error
java.text.ParseException: Unparseable number: ""
	at java.text.NumberFormat.parse(NumberFormat.java:314)
	at _confirmarInst__10._jspService(confirmarInst_10.jsp:62)
	at com.orionserver[Oracle Application Server Containers for J2EE 10g (10.1.2.2.0)].http.OrionHttpJspPage.service(OrionHttpJspPage.java:56)
	at oracle.jsp.runtimev2.JspPageTable.service(JspPageTable.java:356)
	at oracle.jsp.runtimev2.JspServlet.internalService(JspServlet.java:498)
	at oracle.jsp.runtimev2.JspServlet.service(JspServlet.java:402)
	at javax.servlet.http.HttpServlet.service(HttpServlet.java:853)
	at com.evermind[Oracle Application Server Containers for J2EE 10g (10.1.2.2.0)].server.http.ResourceFilterChain.doFilter(ResourceFilterChain.java:65)
	at oracle.security.jazn.oc4j.JAZNFilter.doFilter(Unknown Source)
	at com.evermind[Oracle Application Server Containers for J2EE 10g (10.1.2.2.0)].server.http.ServletRequestDispatcher.invoke(ServletRequestDispatcher.java:673)
	at com.evermind[Oracle Application Server Containers for J2EE 10g (10.1.2.2.0)].server.http.ServletRequestDispatcher.forwardInternal(ServletRequestDispatcher.java:340)
	at com.evermind[Oracle Application Server Containers for J2EE 10g (10.1.2.2.0)].server.http.HttpRequestHandler.processRequest(HttpRequestHandler.java:830)
	at com.evermind[Oracle Application Server Containers for J2EE 10g (10.1.2.2.0)].server.http.HttpRequestHandler.run(HttpRequestHandler.java:285)
	at com.evermind[Oracle Application Server Containers for J2EE 10g (10.1.2.2.0)].server.http.HttpRequestHandler.run(HttpRequestHandler.java:126)
	at com.evermind[Oracle Application Server Containers for J2EE 10g (10.1.2.2.0)].util.ReleasableResourcePooledExecutor$MyWorker.run(ReleasableResourcePooledExecutor.java:192)
	at java.lang.Thread.run(Thread.java:534)
09/09/05 23:35:55 fiduciaweb: Connection reset by peer: socket write error
09/09/05 23:54:49 fiduciaweb: Servlet error
java.lang.NullPointerException
	at java.text.DecimalFormat.parse(DecimalFormat.java:1045)
	at java.text.NumberFormat.parse(NumberFormat.java:312)
	at _confirmarInst__10._jspService(confirmarInst_10.jsp:63)
	at com.orionserver[Oracle Application Server Containers for J2EE 10g (10.1.2.2.0)].http.OrionHttpJspPage.service(OrionHttpJspPage.java:56)
	at oracle.jsp.runtimev2.JspPageTable.compileAndServe(JspPageTable.java:575)
	at oracle.jsp.runtimev2.JspPageTable.service(JspPageTable.java:311)
	at oracle.jsp.runtimev2.JspServlet.internalService(JspServlet.java:498)
	at oracle.jsp.runtimev2.JspServlet.service(JspServlet.java:402)
	at javax.servlet.http.HttpServlet.service(HttpServlet.java:853)
	at com.evermind[Oracle Application Server Containers for J2EE 10g (10.1.2.2.0)].server.http.ResourceFilterChain.doFilter(ResourceFilterChain.java:65)
	at oracle.security.jazn.oc4j.JAZNFilter.doFilter(Unknown Source)
	at com.evermind[Oracle Application Server Containers for J2EE 10g (10.1.2.2.0)].server.http.ServletRequestDispatcher.invoke(ServletRequestDispatcher.java:673)
	at com.evermind[Oracle Application Server Containers for J2EE 10g (10.1.2.2.0)].server.http.ServletRequestDispatcher.forwardInternal(ServletRequestDispatcher.java:340)
	at com.evermind[Oracle Application Server Containers for J2EE 10g (10.1.2.2.0)].server.http.HttpRequestHandler.processRequest(HttpRequestHandler.java:830)
	at com.evermind[Oracle Application Server Containers for J2EE 10g (10.1.2.2.0)].server.http.HttpRequestHandler.run(HttpRequestHandler.java:285)
	at com.evermind[Oracle Application Server Containers for J2EE 10g (10.1.2.2.0)].server.http.HttpRequestHandler.run(HttpRequestHandler.java:126)
	at com.evermind[Oracle Application Server Containers for J2EE 10g (10.1.2.2.0)].util.ReleasableResourcePooledExecutor$MyWorker.run(ReleasableResourcePooledExecutor.java:186)
	at java.lang.Thread.run(Thread.java:534)
09/09/05 23:56:23 Started
09/09/05 23:56:24 fiduciaweb: JDevOJSP: init
09/09/05 23:56:24 fiduciaweb: Started
09/09/06 00:02:35 Started
09/09/06 00:02:36 fiduciaweb: JDevOJSP: init
09/09/06 00:02:36 fiduciaweb: Started
09/09/06 00:07:13 Started
09/09/06 00:07:15 fiduciaweb: JDevOJSP: init
09/09/06 00:07:15 fiduciaweb: Started
09/09/06 00:09:01 Started
09/09/06 00:09:02 fiduciaweb: JDevOJSP: init
09/09/06 00:09:02 fiduciaweb: Started
09/09/06 00:15:59 Started
09/09/06 00:16:01 fiduciaweb: JDevOJSP: init
09/09/06 00:16:01 fiduciaweb: Started
09/09/06 00:17:36 Started
09/09/06 00:17:38 fiduciaweb: JDevOJSP: init
09/09/06 00:17:38 fiduciaweb: Started
09/09/06 00:17:50 fiduciaweb: Connection reset by peer: socket write error
09/09/06 00:20:06 Started
09/09/06 00:20:08 fiduciaweb: JDevOJSP: init
09/09/06 00:20:08 fiduciaweb: Started
09/09/06 00:21:38 Started
09/09/06 00:21:40 fiduciaweb: JDevOJSP: init
09/09/06 00:21:40 fiduciaweb: Started
09/09/06 00:29:06 Started
09/09/06 00:29:07 fiduciaweb: JDevOJSP: init
09/09/06 00:29:07 fiduciaweb: Started
09/09/06 00:35:27 Started
09/09/06 00:35:29 fiduciaweb: JDevOJSP: init
09/09/06 00:35:29 fiduciaweb: Started
09/09/06 18:14:31 Started
09/09/06 18:14:35 fiduciaweb: JDevOJSP: init
09/09/06 18:14:35 fiduciaweb: Started
09/09/06 18:41:37 fiduciaweb: Servlet error
java.lang.NullPointerException
	at _confirmarInst__3._jspService(confirmarInst_3.jsp:25)
	at com.orionserver[Oracle Application Server Containers for J2EE 10g (10.1.2.2.0)].http.OrionHttpJspPage.service(OrionHttpJspPage.java:56)
	at oracle.jsp.runtimev2.JspPageTable.compileAndServe(JspPageTable.java:575)
	at oracle.jsp.runtimev2.JspPageTable.service(JspPageTable.java:311)
	at oracle.jsp.runtimev2.JspServlet.internalService(JspServlet.java:498)
	at oracle.jsp.runtimev2.JspServlet.service(JspServlet.java:402)
	at javax.servlet.http.HttpServlet.service(HttpServlet.java:853)
	at com.evermind[Oracle Application Server Containers for J2EE 10g (10.1.2.2.0)].server.http.ResourceFilterChain.doFilter(ResourceFilterChain.java:65)
	at oracle.security.jazn.oc4j.JAZNFilter.doFilter(Unknown Source)
	at com.evermind[Oracle Application Server Containers for J2EE 10g (10.1.2.2.0)].server.http.ServletRequestDispatcher.invoke(ServletRequestDispatcher.java:673)
	at com.evermind[Oracle Application Server Containers for J2EE 10g (10.1.2.2.0)].server.http.ServletRequestDispatcher.forwardInternal(ServletRequestDispatcher.java:340)
	at com.evermind[Oracle Application Server Containers for J2EE 10g (10.1.2.2.0)].server.http.HttpRequestHandler.processRequest(HttpRequestHandler.java:830)
	at com.evermind[Oracle Application Server Containers for J2EE 10g (10.1.2.2.0)].server.http.HttpRequestHandler.run(HttpRequestHandler.java:285)
	at com.evermind[Oracle Application Server Containers for J2EE 10g (10.1.2.2.0)].server.http.HttpRequestHandler.run(HttpRequestHandler.java:126)
	at com.evermind[Oracle Application Server Containers for J2EE 10g (10.1.2.2.0)].util.ReleasableResourcePooledExecutor$MyWorker.run(ReleasableResourcePooledExecutor.java:192)
	at java.lang.Thread.run(Thread.java:534)
09/09/06 18:41:47 Started
09/09/06 18:41:49 fiduciaweb: JDevOJSP: init
09/09/06 18:41:49 fiduciaweb: Started
09/09/06 19:17:06 fiduciaweb: Servlet error
java.lang.NullPointerException
	at _instruccion3._jspService(instruccion3.jsp:17)
	at com.orionserver[Oracle Application Server Containers for J2EE 10g (10.1.2.2.0)].http.OrionHttpJspPage.service(OrionHttpJspPage.java:56)
	at oracle.jsp.runtimev2.JspPageTable.compileAndServe(JspPageTable.java:575)
	at oracle.jsp.runtimev2.JspPageTable.service(JspPageTable.java:311)
	at oracle.jsp.runtimev2.JspServlet.internalService(JspServlet.java:498)
	at oracle.jsp.runtimev2.JspServlet.service(JspServlet.java:402)
	at javax.servlet.http.HttpServlet.service(HttpServlet.java:853)
	at com.evermind[Oracle Application Server Containers for J2EE 10g (10.1.2.2.0)].server.http.ResourceFilterChain.doFilter(ResourceFilterChain.java:65)
	at oracle.security.jazn.oc4j.JAZNFilter.doFilter(Unknown Source)
	at com.evermind[Oracle Application Server Containers for J2EE 10g (10.1.2.2.0)].server.http.ServletRequestDispatcher.invoke(ServletRequestDispatcher.java:673)
	at com.evermind[Oracle Application Server Containers for J2EE 10g (10.1.2.2.0)].server.http.ServletRequestDispatcher.forwardInternal(ServletRequestDispatcher.java:340)
	at com.evermind[Oracle Application Server Containers for J2EE 10g (10.1.2.2.0)].server.http.HttpRequestHandler.processRequest(HttpRequestHandler.java:830)
	at com.evermind[Oracle Application Server Containers for J2EE 10g (10.1.2.2.0)].server.http.HttpRequestHandler.run(HttpRequestHandler.java:285)
	at com.evermind[Oracle Application Server Containers for J2EE 10g (10.1.2.2.0)].server.http.HttpRequestHandler.run(HttpRequestHandler.java:126)
	at com.evermind[Oracle Application Server Containers for J2EE 10g (10.1.2.2.0)].util.ReleasableResourcePooledExecutor$MyWorker.run(ReleasableResourcePooledExecutor.java:192)
	at java.lang.Thread.run(Thread.java:534)
09/09/06 19:21:03 Started
09/09/06 19:21:05 fiduciaweb: JDevOJSP: init
09/09/06 19:21:05 fiduciaweb: Started
09/09/06 19:25:02 Started
09/09/06 19:25:04 fiduciaweb: JDevOJSP: init
09/09/06 19:25:04 fiduciaweb: Started
09/09/10 17:19:27 Started
09/09/10 17:19:29 fiduciaweb: JDevOJSP: init
09/09/10 17:19:29 fiduciaweb: Started
09/09/10 17:22:59 fiduciaweb: Connection reset by peer: socket write error
09/09/10 17:22:59 fiduciaweb: Connection reset by peer: socket write error
09/09/10 17:22:59 fiduciaweb: Connection reset by peer: socket write error
09/09/10 17:22:59 fiduciaweb: Connection reset by peer: socket write error
09/09/10 17:23:20 fiduciaweb: Servlet error
java.lang.IllegalStateException: Session was invalidated
	at com.evermind[Oracle Application Server Containers for J2EE 10g (10.1.2.2.0)].server.http.EvermindHttpSession.setAttribute(EvermindHttpSession.java:107)
	at com.evermind[Oracle Application Server Containers for J2EE 10g (10.1.2.2.0)].server.http.EvermindHttpSession.putValue(EvermindHttpSession.java:98)
	at _FI__ValidUser._jspService(FI_ValidUser.jsp:44)
	at com.orionserver[Oracle Application Server Containers for J2EE 10g (10.1.2.2.0)].http.OrionHttpJspPage.service(OrionHttpJspPage.java:56)
	at oracle.jsp.runtimev2.JspPageTable.service(JspPageTable.java:356)
	at oracle.jsp.runtimev2.JspServlet.internalService(JspServlet.java:498)
	at oracle.jsp.runtimev2.JspServlet.service(JspServlet.java:402)
	at javax.servlet.http.HttpServlet.service(HttpServlet.java:853)
	at com.evermind[Oracle Application Server Containers for J2EE 10g (10.1.2.2.0)].server.http.ResourceFilterChain.doFilter(ResourceFilterChain.java:65)
	at oracle.security.jazn.oc4j.JAZNFilter.doFilter(Unknown Source)
	at com.evermind[Oracle Application Server Containers for J2EE 10g (10.1.2.2.0)].server.http.ServletRequestDispatcher.invoke(ServletRequestDispatcher.java:673)
	at com.evermind[Oracle Application Server Containers for J2EE 10g (10.1.2.2.0)].server.http.ServletRequestDispatcher.forwardInternal(ServletRequestDispatcher.java:340)
	at com.evermind[Oracle Application Server Containers for J2EE 10g (10.1.2.2.0)].server.http.HttpRequestHandler.processRequest(HttpRequestHandler.java:830)
	at com.evermind[Oracle Application Server Containers for J2EE 10g (10.1.2.2.0)].server.http.HttpRequestHandler.run(HttpRequestHandler.java:285)
	at com.evermind[Oracle Application Server Containers for J2EE 10g (10.1.2.2.0)].server.http.HttpRequestHandler.run(HttpRequestHandler.java:126)
	at com.evermind[Oracle Application Server Containers for J2EE 10g (10.1.2.2.0)].util.ReleasableResourcePooledExecutor$MyWorker.run(ReleasableResourcePooledExecutor.java:192)
	at java.lang.Thread.run(Thread.java:534)
09/09/10 17:29:37 Started
09/09/10 17:29:39 fiduciaweb: JDevOJSP: init
09/09/10 17:29:39 fiduciaweb: Started
09/09/10 17:29:46 fiduciaweb: Connection reset by peer: socket write error
09/09/10 18:03:30 fiduciaweb: JspServlet: No se ha podido distribuir a la página solicitada: java.io.FileNotFoundException: C:\FiduciaWebExterno_PRODUCCION\PROJECTFIDUCIAWEB\public_html\FI_Opciones2.jsp (El sistema no puede hallar el archivo especificado)
	at java.io.FileInputStream.open(Native Method)
	at java.io.FileInputStream.<init>(FileInputStream.java:106)
	at java.io.FileInputStream.<init>(FileInputStream.java:66)
	at oracle.jsp.provider.JspFilesystemResource.fromStream(JspFilesystemResource.java:179)
	at oracle.jsp.provider.JspFilesystemResource.fromReader(JspFilesystemResource.java:195)
	at oracle.jsp.runtimev2.JspPageCompiler.fromReader(JspPageCompiler.java:535)
	at oracle.jsp.runtimev2.JspPageCompiler.attemptCompilePage(JspPageCompiler.java:396)
	at oracle.jsp.runtimev2.JspPageCompiler.compilePage(JspPageCompiler.java:308)
	at oracle.jsp.runtimev2.JspPageInfo.compileAndLoad(JspPageInfo.java:508)
	at oracle.jsp.runtimev2.JspPageTable.compileAndServe(JspPageTable.java:548)
	at oracle.jsp.runtimev2.JspPageTable.service(JspPageTable.java:311)
	at oracle.jsp.runtimev2.JspServlet.internalService(JspServlet.java:498)
	at oracle.jsp.runtimev2.JspServlet.service(JspServlet.java:402)
	at javax.servlet.http.HttpServlet.service(HttpServlet.java:853)
	at com.evermind.server.http.ResourceFilterChain.doFilter(ResourceFilterChain.java:65)
	at oracle.security.jazn.oc4j.JAZNFilter.doFilter(Unknown Source)
	at com.evermind.server.http.ServletRequestDispatcher.invoke(ServletRequestDispatcher.java:673)
	at com.evermind.server.http.ServletRequestDispatcher.forwardInternal(ServletRequestDispatcher.java:340)
	at com.evermind.server.http.HttpRequestHandler.processRequest(HttpRequestHandler.java:830)
	at com.evermind.server.http.HttpRequestHandler.run(HttpRequestHandler.java:285)
	at com.evermind.server.http.HttpRequestHandler.run(HttpRequestHandler.java:126)
	at com.evermind.util.ReleasableResourcePooledExecutor$MyWorker.run(ReleasableResourcePooledExecutor.java:192)
	at java.lang.Thread.run(Thread.java:534)

09/09/10 18:03:35 fiduciaweb: JspServlet: No se ha podido distribuir a la página solicitada: java.io.FileNotFoundException: C:\FiduciaWebExterno_PRODUCCION\PROJECTFIDUCIAWEB\public_html\FI_Opciones2.jsp (El sistema no puede hallar el archivo especificado)
	at java.io.FileInputStream.open(Native Method)
	at java.io.FileInputStream.<init>(FileInputStream.java:106)
	at java.io.FileInputStream.<init>(FileInputStream.java:66)
	at oracle.jsp.provider.JspFilesystemResource.fromStream(JspFilesystemResource.java:179)
	at oracle.jsp.provider.JspFilesystemResource.fromReader(JspFilesystemResource.java:195)
	at oracle.jsp.runtimev2.JspPageCompiler.fromReader(JspPageCompiler.java:535)
	at oracle.jsp.runtimev2.JspPageCompiler.attemptCompilePage(JspPageCompiler.java:396)
	at oracle.jsp.runtimev2.JspPageCompiler.compilePage(JspPageCompiler.java:308)
	at oracle.jsp.runtimev2.JspPageInfo.compileAndLoad(JspPageInfo.java:508)
	at oracle.jsp.runtimev2.JspPageTable.compileAndServe(JspPageTable.java:548)
	at oracle.jsp.runtimev2.JspPageTable.service(JspPageTable.java:311)
	at oracle.jsp.runtimev2.JspServlet.internalService(JspServlet.java:498)
	at oracle.jsp.runtimev2.JspServlet.service(JspServlet.java:402)
	at javax.servlet.http.HttpServlet.service(HttpServlet.java:853)
	at com.evermind.server.http.ResourceFilterChain.doFilter(ResourceFilterChain.java:65)
	at oracle.security.jazn.oc4j.JAZNFilter.doFilter(Unknown Source)
	at com.evermind.server.http.ServletRequestDispatcher.invoke(ServletRequestDispatcher.java:673)
	at com.evermind.server.http.ServletRequestDispatcher.forwardInternal(ServletRequestDispatcher.java:340)
	at com.evermind.server.http.HttpRequestHandler.processRequest(HttpRequestHandler.java:830)
	at com.evermind.server.http.HttpRequestHandler.run(HttpRequestHandler.java:285)
	at com.evermind.server.http.HttpRequestHandler.run(HttpRequestHandler.java:126)
	at com.evermind.util.ReleasableResourcePooledExecutor$MyWorker.run(ReleasableResourcePooledExecutor.java:192)
	at java.lang.Thread.run(Thread.java:534)

09/09/10 18:03:40 fiduciaweb: JspServlet: No se ha podido distribuir a la página solicitada: java.io.FileNotFoundException: C:\FiduciaWebExterno_PRODUCCION\PROJECTFIDUCIAWEB\public_html\FI_Opciones2.jsp (El sistema no puede hallar el archivo especificado)
	at java.io.FileInputStream.open(Native Method)
	at java.io.FileInputStream.<init>(FileInputStream.java:106)
	at java.io.FileInputStream.<init>(FileInputStream.java:66)
	at oracle.jsp.provider.JspFilesystemResource.fromStream(JspFilesystemResource.java:179)
	at oracle.jsp.provider.JspFilesystemResource.fromReader(JspFilesystemResource.java:195)
	at oracle.jsp.runtimev2.JspPageCompiler.fromReader(JspPageCompiler.java:535)
	at oracle.jsp.runtimev2.JspPageCompiler.attemptCompilePage(JspPageCompiler.java:396)
	at oracle.jsp.runtimev2.JspPageCompiler.compilePage(JspPageCompiler.java:308)
	at oracle.jsp.runtimev2.JspPageInfo.compileAndLoad(JspPageInfo.java:508)
	at oracle.jsp.runtimev2.JspPageTable.compileAndServe(JspPageTable.java:548)
	at oracle.jsp.runtimev2.JspPageTable.service(JspPageTable.java:311)
	at oracle.jsp.runtimev2.JspServlet.internalService(JspServlet.java:498)
	at oracle.jsp.runtimev2.JspServlet.service(JspServlet.java:402)
	at javax.servlet.http.HttpServlet.service(HttpServlet.java:853)
	at com.evermind.server.http.ResourceFilterChain.doFilter(ResourceFilterChain.java:65)
	at oracle.security.jazn.oc4j.JAZNFilter.doFilter(Unknown Source)
	at com.evermind.server.http.ServletRequestDispatcher.invoke(ServletRequestDispatcher.java:673)
	at com.evermind.server.http.ServletRequestDispatcher.forwardInternal(ServletRequestDispatcher.java:340)
	at com.evermind.server.http.HttpRequestHandler.processRequest(HttpRequestHandler.java:830)
	at com.evermind.server.http.HttpRequestHandler.run(HttpRequestHandler.java:285)
	at com.evermind.server.http.HttpRequestHandler.run(HttpRequestHandler.java:126)
	at com.evermind.util.ReleasableResourcePooledExecutor$MyWorker.run(ReleasableResourcePooledExecutor.java:192)
	at java.lang.Thread.run(Thread.java:534)

09/09/10 18:04:36 fiduciaweb: JspServlet: No se ha podido distribuir a la página solicitada: java.io.FileNotFoundException: C:\FiduciaWebExterno_PRODUCCION\PROJECTFIDUCIAWEB\public_html\FI_Opciones2.jsp (El sistema no puede hallar el archivo especificado)
	at java.io.FileInputStream.open(Native Method)
	at java.io.FileInputStream.<init>(FileInputStream.java:106)
	at java.io.FileInputStream.<init>(FileInputStream.java:66)
	at oracle.jsp.provider.JspFilesystemResource.fromStream(JspFilesystemResource.java:179)
	at oracle.jsp.provider.JspFilesystemResource.fromReader(JspFilesystemResource.java:195)
	at oracle.jsp.runtimev2.JspPageCompiler.fromReader(JspPageCompiler.java:535)
	at oracle.jsp.runtimev2.JspPageCompiler.attemptCompilePage(JspPageCompiler.java:396)
	at oracle.jsp.runtimev2.JspPageCompiler.compilePage(JspPageCompiler.java:308)
	at oracle.jsp.runtimev2.JspPageInfo.compileAndLoad(JspPageInfo.java:508)
	at oracle.jsp.runtimev2.JspPageTable.compileAndServe(JspPageTable.java:548)
	at oracle.jsp.runtimev2.JspPageTable.service(JspPageTable.java:311)
	at oracle.jsp.runtimev2.JspServlet.internalService(JspServlet.java:498)
	at oracle.jsp.runtimev2.JspServlet.service(JspServlet.java:402)
	at javax.servlet.http.HttpServlet.service(HttpServlet.java:853)
	at com.evermind.server.http.ResourceFilterChain.doFilter(ResourceFilterChain.java:65)
	at oracle.security.jazn.oc4j.JAZNFilter.doFilter(Unknown Source)
	at com.evermind.server.http.ServletRequestDispatcher.invoke(ServletRequestDispatcher.java:673)
	at com.evermind.server.http.ServletRequestDispatcher.forwardInternal(ServletRequestDispatcher.java:340)
	at com.evermind.server.http.HttpRequestHandler.processRequest(HttpRequestHandler.java:830)
	at com.evermind.server.http.HttpRequestHandler.run(HttpRequestHandler.java:285)
	at com.evermind.server.http.HttpRequestHandler.run(HttpRequestHandler.java:126)
	at com.evermind.util.ReleasableResourcePooledExecutor$MyWorker.run(ReleasableResourcePooledExecutor.java:192)
	at java.lang.Thread.run(Thread.java:534)

09/09/10 19:12:48 Started
09/09/10 19:12:50 fiduciaweb: JDevOJSP: init
09/09/10 19:12:50 fiduciaweb: Started
09/09/10 19:13:00 Started
09/09/10 19:13:02 fiduciaweb: JDevOJSP: init
09/09/10 19:13:02 fiduciaweb: Started
09/09/10 22:09:08 Started
09/09/10 22:09:12 fiduciaweb: JDevOJSP: init
09/09/10 22:09:12 fiduciaweb: Started
09/09/10 23:38:40 fiduciaweb: Servlet error
java.lang.StringIndexOutOfBoundsException: String index out of range: 3
	at java.lang.String.substring(String.java:1441)
	at _confirmarOpc__2._jspService(confirmarOpc_2.jsp:35)
	at com.orionserver[Oracle Application Server Containers for J2EE 10g (10.1.2.2.0)].http.OrionHttpJspPage.service(OrionHttpJspPage.java:56)
	at oracle.jsp.runtimev2.JspPageTable.service(JspPageTable.java:356)
	at oracle.jsp.runtimev2.JspServlet.internalService(JspServlet.java:498)
	at oracle.jsp.runtimev2.JspServlet.service(JspServlet.java:402)
	at javax.servlet.http.HttpServlet.service(HttpServlet.java:853)
	at com.evermind[Oracle Application Server Containers for J2EE 10g (10.1.2.2.0)].server.http.ResourceFilterChain.doFilter(ResourceFilterChain.java:65)
	at oracle.security.jazn.oc4j.JAZNFilter.doFilter(Unknown Source)
	at com.evermind[Oracle Application Server Containers for J2EE 10g (10.1.2.2.0)].server.http.ServletRequestDispatcher.invoke(ServletRequestDispatcher.java:673)
	at com.evermind[Oracle Application Server Containers for J2EE 10g (10.1.2.2.0)].server.http.ServletRequestDispatcher.forwardInternal(ServletRequestDispatcher.java:340)
	at com.evermind[Oracle Application Server Containers for J2EE 10g (10.1.2.2.0)].server.http.HttpRequestHandler.processRequest(HttpRequestHandler.java:830)
	at com.evermind[Oracle Application Server Containers for J2EE 10g (10.1.2.2.0)].server.http.HttpRequestHandler.run(HttpRequestHandler.java:285)
	at com.evermind[Oracle Application Server Containers for J2EE 10g (10.1.2.2.0)].server.http.HttpRequestHandler.run(HttpRequestHandler.java:126)
	at com.evermind[Oracle Application Server Containers for J2EE 10g (10.1.2.2.0)].util.ReleasableResourcePooledExecutor$MyWorker.run(ReleasableResourcePooledExecutor.java:192)
	at java.lang.Thread.run(Thread.java:534)
09/09/10 23:38:52 Started
09/09/10 23:38:55 fiduciaweb: JDevOJSP: init
09/09/10 23:38:55 fiduciaweb: Started
09/09/10 23:41:40 fiduciaweb: Servlet error
java.lang.StringIndexOutOfBoundsException: String index out of range: 3
	at java.lang.String.substring(String.java:1441)
	at _confirmarOpc__2._jspService(confirmarOpc_2.jsp:35)
	at com.orionserver[Oracle Application Server Containers for J2EE 10g (10.1.2.2.0)].http.OrionHttpJspPage.service(OrionHttpJspPage.java:56)
	at oracle.jsp.runtimev2.JspPageTable.service(JspPageTable.java:356)
	at oracle.jsp.runtimev2.JspServlet.internalService(JspServlet.java:498)
	at oracle.jsp.runtimev2.JspServlet.service(JspServlet.java:402)
	at javax.servlet.http.HttpServlet.service(HttpServlet.java:853)
	at com.evermind[Oracle Application Server Containers for J2EE 10g (10.1.2.2.0)].server.http.ResourceFilterChain.doFilter(ResourceFilterChain.java:65)
	at oracle.security.jazn.oc4j.JAZNFilter.doFilter(Unknown Source)
	at com.evermind[Oracle Application Server Containers for J2EE 10g (10.1.2.2.0)].server.http.ServletRequestDispatcher.invoke(ServletRequestDispatcher.java:673)
	at com.evermind[Oracle Application Server Containers for J2EE 10g (10.1.2.2.0)].server.http.ServletRequestDispatcher.forwardInternal(ServletRequestDispatcher.java:340)
	at com.evermind[Oracle Application Server Containers for J2EE 10g (10.1.2.2.0)].server.http.HttpRequestHandler.processRequest(HttpRequestHandler.java:830)
	at com.evermind[Oracle Application Server Containers for J2EE 10g (10.1.2.2.0)].server.http.HttpRequestHandler.run(HttpRequestHandler.java:285)
	at com.evermind[Oracle Application Server Containers for J2EE 10g (10.1.2.2.0)].server.http.HttpRequestHandler.run(HttpRequestHandler.java:126)
	at com.evermind[Oracle Application Server Containers for J2EE 10g (10.1.2.2.0)].util.ReleasableResourcePooledExecutor$MyWorker.run(ReleasableResourcePooledExecutor.java:192)
	at java.lang.Thread.run(Thread.java:534)
09/09/10 23:44:37 fiduciaweb: JspServlet: No se ha podido distribuir a la página solicitada: java.lang.IllegalArgumentException: Attempted to write longer than Content-Length (8179 + 5218 / 8179)
	at com.evermind.server.http.EvermindServletOutputStream.write(EvermindServletOutputStream.java:177)
	at com.evermind.server.http.EvermindJSPWriter.writeOut(EvermindJSPWriter.java:481)
	at com.evermind.server.http.EvermindJSPWriter.jspflush(EvermindJSPWriter.java:398)
	at com.evermind.server.http.EvermindJSPWriter.close(EvermindJSPWriter.java:369)
	at oracle.jsp.runtime.OracleJspRuntime.extraHandlePCFinally(OracleJspRuntime.java:1398)
	at _opciones__2._jspService(opciones_2.jsp:284)
	at com.orionserver.http.OrionHttpJspPage.service(OrionHttpJspPage.java:56)
	at oracle.jsp.runtimev2.JspPageTable.service(JspPageTable.java:356)
	at oracle.jsp.runtimev2.JspServlet.internalService(JspServlet.java:498)
	at oracle.jsp.runtimev2.JspServlet.service(JspServlet.java:402)
	at javax.servlet.http.HttpServlet.service(HttpServlet.java:853)
	at com.evermind.server.http.ResourceFilterChain.doFilter(ResourceFilterChain.java:65)
	at oracle.security.jazn.oc4j.JAZNFilter.doFilter(Unknown Source)
	at com.evermind.server.http.ServletRequestDispatcher.invoke(ServletRequestDispatcher.java:673)
	at com.evermind.server.http.ServletRequestDispatcher.forwardInternal(ServletRequestDispatcher.java:340)
	at com.evermind.server.http.HttpRequestHandler.processRequest(HttpRequestHandler.java:830)
	at com.evermind.server.http.HttpRequestHandler.run(HttpRequestHandler.java:285)
	at com.evermind.server.http.HttpRequestHandler.run(HttpRequestHandler.java:126)
	at com.evermind.util.ReleasableResourcePooledExecutor$MyWorker.run(ReleasableResourcePooledExecutor.java:192)
	at java.lang.Thread.run(Thread.java:534)

09/09/10 23:44:37 fiduciaweb: OracleJSP:
<HTML><BODY>
<P> <H2  ALIGN=CENTER>Error JSP:</H2> <HR  ALIGN=CENTER> <P>
<P><H3>URI de Solicitud:/fiduciaweb/opciones_2.jsp</H3><P>
<H3>Excepción:</H3>java.lang.IllegalArgumentException: Attempted to write longer than Content-Length (8179 + 5218 / 8179)
	at com.evermind.server.http.EvermindServletOutputStream.write(EvermindServletOutputStream.java:177)
	at com.evermind.server.http.EvermindJSPWriter.writeOut(EvermindJSPWriter.java:481)
	at com.evermind.server.http.EvermindJSPWriter.jspflush(EvermindJSPWriter.java:398)
	at com.evermind.server.http.EvermindJSPWriter.close(EvermindJSPWriter.java:369)
	at oracle.jsp.runtime.OracleJspRuntime.extraHandlePCFinally(OracleJspRuntime.java:1398)
	at _opciones__2._jspService(opciones_2.jsp:284)
	[/opciones_2.jsp]
	at com.orionserver.http.OrionHttpJspPage.service(OrionHttpJspPage.java:56)
	at oracle.jsp.runtimev2.JspPageTable.service(JspPageTable.java:356)
	at oracle.jsp.runtimev2.JspServlet.internalService(JspServlet.java:498)
	at oracle.jsp.runtimev2.JspServlet.service(JspServlet.java:402)
	at javax.servlet.http.HttpServlet.service(HttpServlet.java:853)
	at com.evermind.server.http.ResourceFilterChain.doFilter(ResourceFilterChain.java:65)
	at oracle.security.jazn.oc4j.JAZNFilter.doFilter(Unknown Source)
	at com.evermind.server.http.ServletRequestDispatcher.invoke(ServletRequestDispatcher.java:673)
	at com.evermind.server.http.ServletRequestDispatcher.forwardInternal(ServletRequestDispatcher.java:340)
	at com.evermind.server.http.HttpRequestHandler.processRequest(HttpRequestHandler.java:830)
	at com.evermind.server.http.HttpRequestHandler.run(HttpRequestHandler.java:285)
	at com.evermind.server.http.HttpRequestHandler.run(HttpRequestHandler.java:126)
	at com.evermind.util.ReleasableResourcePooledExecutor$MyWorker.run(ReleasableResourcePooledExecutor.java:192)
	at java.lang.Thread.run(Thread.java:534)

<P><P><HR ALIGN=CENTER>
</HTML></BODY>

09/09/10 23:47:10 Started
09/09/10 23:47:11 fiduciaweb: JDevOJSP: init
09/09/10 23:47:11 fiduciaweb: Started
09/09/10 23:51:48 fiduciaweb: JspServlet: No se ha podido distribuir a la página solicitada: java.lang.IllegalArgumentException: Attempted to write longer than Content-Length (8179 + 5176 / 8179)
	at com.evermind.server.http.EvermindServletOutputStream.write(EvermindServletOutputStream.java:177)
	at com.evermind.server.http.EvermindJSPWriter.writeOut(EvermindJSPWriter.java:481)
	at com.evermind.server.http.EvermindJSPWriter.jspflush(EvermindJSPWriter.java:398)
	at com.evermind.server.http.EvermindJSPWriter.close(EvermindJSPWriter.java:369)
	at oracle.jsp.runtime.OracleJspRuntime.extraHandlePCFinally(OracleJspRuntime.java:1398)
	at _opciones__2._jspService(opciones_2.jsp:284)
	at com.orionserver.http.OrionHttpJspPage.service(OrionHttpJspPage.java:56)
	at oracle.jsp.runtimev2.JspPageTable.service(JspPageTable.java:356)
	at oracle.jsp.runtimev2.JspServlet.internalService(JspServlet.java:498)
	at oracle.jsp.runtimev2.JspServlet.service(JspServlet.java:402)
	at javax.servlet.http.HttpServlet.service(HttpServlet.java:853)
	at com.evermind.server.http.ResourceFilterChain.doFilter(ResourceFilterChain.java:65)
	at oracle.security.jazn.oc4j.JAZNFilter.doFilter(Unknown Source)
	at com.evermind.server.http.ServletRequestDispatcher.invoke(ServletRequestDispatcher.java:673)
	at com.evermind.server.http.ServletRequestDispatcher.forwardInternal(ServletRequestDispatcher.java:340)
	at com.evermind.server.http.HttpRequestHandler.processRequest(HttpRequestHandler.java:830)
	at com.evermind.server.http.HttpRequestHandler.run(HttpRequestHandler.java:285)
	at com.evermind.server.http.HttpRequestHandler.run(HttpRequestHandler.java:126)
	at com.evermind.util.ReleasableResourcePooledExecutor$MyWorker.run(ReleasableResourcePooledExecutor.java:192)
	at java.lang.Thread.run(Thread.java:534)

09/09/10 23:51:48 fiduciaweb: OracleJSP:
<HTML><BODY>
<P> <H2  ALIGN=CENTER>Error JSP:</H2> <HR  ALIGN=CENTER> <P>
<P><H3>URI de Solicitud:/fiduciaweb/opciones_2.jsp</H3><P>
<H3>Excepción:</H3>java.lang.IllegalArgumentException: Attempted to write longer than Content-Length (8179 + 5176 / 8179)
	at com.evermind.server.http.EvermindServletOutputStream.write(EvermindServletOutputStream.java:177)
	at com.evermind.server.http.EvermindJSPWriter.writeOut(EvermindJSPWriter.java:481)
	at com.evermind.server.http.EvermindJSPWriter.jspflush(EvermindJSPWriter.java:398)
	at com.evermind.server.http.EvermindJSPWriter.close(EvermindJSPWriter.java:369)
	at oracle.jsp.runtime.OracleJspRuntime.extraHandlePCFinally(OracleJspRuntime.java:1398)
	at _opciones__2._jspService(opciones_2.jsp:284)
	[/opciones_2.jsp]
	at com.orionserver.http.OrionHttpJspPage.service(OrionHttpJspPage.java:56)
	at oracle.jsp.runtimev2.JspPageTable.service(JspPageTable.java:356)
	at oracle.jsp.runtimev2.JspServlet.internalService(JspServlet.java:498)
	at oracle.jsp.runtimev2.JspServlet.service(JspServlet.java:402)
	at javax.servlet.http.HttpServlet.service(HttpServlet.java:853)
	at com.evermind.server.http.ResourceFilterChain.doFilter(ResourceFilterChain.java:65)
	at oracle.security.jazn.oc4j.JAZNFilter.doFilter(Unknown Source)
	at com.evermind.server.http.ServletRequestDispatcher.invoke(ServletRequestDispatcher.java:673)
	at com.evermind.server.http.ServletRequestDispatcher.forwardInternal(ServletRequestDispatcher.java:340)
	at com.evermind.server.http.HttpRequestHandler.processRequest(HttpRequestHandler.java:830)
	at com.evermind.server.http.HttpRequestHandler.run(HttpRequestHandler.java:285)
	at com.evermind.server.http.HttpRequestHandler.run(HttpRequestHandler.java:126)
	at com.evermind.util.ReleasableResourcePooledExecutor$MyWorker.run(ReleasableResourcePooledExecutor.java:192)
	at java.lang.Thread.run(Thread.java:534)

<P><P><HR ALIGN=CENTER>
</HTML></BODY>

09/09/10 23:57:26 Started
09/09/10 23:57:28 fiduciaweb: JDevOJSP: init
09/09/10 23:57:28 fiduciaweb: Started
09/09/11 00:02:06 Started
09/09/11 00:02:08 fiduciaweb: JDevOJSP: init
09/09/11 00:02:08 fiduciaweb: Started
09/09/11 00:04:54 fiduciaweb: JspServlet: No se ha podido distribuir a la página solicitada: java.lang.IllegalArgumentException: Attempted to write longer than Content-Length (8178 + 5174 / 8178)
	at com.evermind.server.http.EvermindServletOutputStream.write(EvermindServletOutputStream.java:177)
	at com.evermind.server.http.EvermindJSPWriter.writeOut(EvermindJSPWriter.java:481)
	at com.evermind.server.http.EvermindJSPWriter.jspflush(EvermindJSPWriter.java:398)
	at com.evermind.server.http.EvermindJSPWriter.close(EvermindJSPWriter.java:369)
	at oracle.jsp.runtime.OracleJspRuntime.extraHandlePCFinally(OracleJspRuntime.java:1398)
	at _opciones__2._jspService(opciones_2.jsp:284)
	at com.orionserver.http.OrionHttpJspPage.service(OrionHttpJspPage.java:56)
	at oracle.jsp.runtimev2.JspPageTable.service(JspPageTable.java:356)
	at oracle.jsp.runtimev2.JspServlet.internalService(JspServlet.java:498)
	at oracle.jsp.runtimev2.JspServlet.service(JspServlet.java:402)
	at javax.servlet.http.HttpServlet.service(HttpServlet.java:853)
	at com.evermind.server.http.ResourceFilterChain.doFilter(ResourceFilterChain.java:65)
	at oracle.security.jazn.oc4j.JAZNFilter.doFilter(Unknown Source)
	at com.evermind.server.http.ServletRequestDispatcher.invoke(ServletRequestDispatcher.java:673)
	at com.evermind.server.http.ServletRequestDispatcher.forwardInternal(ServletRequestDispatcher.java:340)
	at com.evermind.server.http.HttpRequestHandler.processRequest(HttpRequestHandler.java:830)
	at com.evermind.server.http.HttpRequestHandler.run(HttpRequestHandler.java:285)
	at com.evermind.server.http.HttpRequestHandler.run(HttpRequestHandler.java:126)
	at com.evermind.util.ReleasableResourcePooledExecutor$MyWorker.run(ReleasableResourcePooledExecutor.java:192)
	at java.lang.Thread.run(Thread.java:534)

09/09/11 00:04:54 fiduciaweb: OracleJSP:
<HTML><BODY>
<P> <H2  ALIGN=CENTER>Error JSP:</H2> <HR  ALIGN=CENTER> <P>
<P><H3>URI de Solicitud:/fiduciaweb/opciones_2.jsp</H3><P>
<H3>Excepción:</H3>java.lang.IllegalArgumentException: Attempted to write longer than Content-Length (8178 + 5174 / 8178)
	at com.evermind.server.http.EvermindServletOutputStream.write(EvermindServletOutputStream.java:177)
	at com.evermind.server.http.EvermindJSPWriter.writeOut(EvermindJSPWriter.java:481)
	at com.evermind.server.http.EvermindJSPWriter.jspflush(EvermindJSPWriter.java:398)
	at com.evermind.server.http.EvermindJSPWriter.close(EvermindJSPWriter.java:369)
	at oracle.jsp.runtime.OracleJspRuntime.extraHandlePCFinally(OracleJspRuntime.java:1398)
	at _opciones__2._jspService(opciones_2.jsp:284)
	[/opciones_2.jsp]
	at com.orionserver.http.OrionHttpJspPage.service(OrionHttpJspPage.java:56)
	at oracle.jsp.runtimev2.JspPageTable.service(JspPageTable.java:356)
	at oracle.jsp.runtimev2.JspServlet.internalService(JspServlet.java:498)
	at oracle.jsp.runtimev2.JspServlet.service(JspServlet.java:402)
	at javax.servlet.http.HttpServlet.service(HttpServlet.java:853)
	at com.evermind.server.http.ResourceFilterChain.doFilter(ResourceFilterChain.java:65)
	at oracle.security.jazn.oc4j.JAZNFilter.doFilter(Unknown Source)
	at com.evermind.server.http.ServletRequestDispatcher.invoke(ServletRequestDispatcher.java:673)
	at com.evermind.server.http.ServletRequestDispatcher.forwardInternal(ServletRequestDispatcher.java:340)
	at com.evermind.server.http.HttpRequestHandler.processRequest(HttpRequestHandler.java:830)
	at com.evermind.server.http.HttpRequestHandler.run(HttpRequestHandler.java:285)
	at com.evermind.server.http.HttpRequestHandler.run(HttpRequestHandler.java:126)
	at com.evermind.util.ReleasableResourcePooledExecutor$MyWorker.run(ReleasableResourcePooledExecutor.java:192)
	at java.lang.Thread.run(Thread.java:534)

<P><P><HR ALIGN=CENTER>
</HTML></BODY>

09/09/11 00:11:50 fiduciaweb: JspServlet: No se ha podido distribuir a la página solicitada: java.lang.IllegalArgumentException: Attempted to write longer than Content-Length (8178 + 5202 / 8178)
	at com.evermind.server.http.EvermindServletOutputStream.write(EvermindServletOutputStream.java:177)
	at com.evermind.server.http.EvermindJSPWriter.writeOut(EvermindJSPWriter.java:481)
	at com.evermind.server.http.EvermindJSPWriter.jspflush(EvermindJSPWriter.java:398)
	at com.evermind.server.http.EvermindJSPWriter.close(EvermindJSPWriter.java:369)
	at oracle.jsp.runtime.OracleJspRuntime.extraHandlePCFinally(OracleJspRuntime.java:1398)
	at _opciones__2._jspService(opciones_2.jsp:284)
	at com.orionserver.http.OrionHttpJspPage.service(OrionHttpJspPage.java:56)
	at oracle.jsp.runtimev2.JspPageTable.service(JspPageTable.java:356)
	at oracle.jsp.runtimev2.JspServlet.internalService(JspServlet.java:498)
	at oracle.jsp.runtimev2.JspServlet.service(JspServlet.java:402)
	at javax.servlet.http.HttpServlet.service(HttpServlet.java:853)
	at com.evermind.server.http.ResourceFilterChain.doFilter(ResourceFilterChain.java:65)
	at oracle.security.jazn.oc4j.JAZNFilter.doFilter(Unknown Source)
	at com.evermind.server.http.ServletRequestDispatcher.invoke(ServletRequestDispatcher.java:673)
	at com.evermind.server.http.ServletRequestDispatcher.forwardInternal(ServletRequestDispatcher.java:340)
	at com.evermind.server.http.HttpRequestHandler.processRequest(HttpRequestHandler.java:830)
	at com.evermind.server.http.HttpRequestHandler.run(HttpRequestHandler.java:285)
	at com.evermind.server.http.HttpRequestHandler.run(HttpRequestHandler.java:126)
	at com.evermind.util.ReleasableResourcePooledExecutor$MyWorker.run(ReleasableResourcePooledExecutor.java:186)
	at java.lang.Thread.run(Thread.java:534)

09/09/11 00:11:50 fiduciaweb: OracleJSP:
<HTML><BODY>
<P> <H2  ALIGN=CENTER>Error JSP:</H2> <HR  ALIGN=CENTER> <P>
<P><H3>URI de Solicitud:/fiduciaweb/opciones_2.jsp</H3><P>
<H3>Excepción:</H3>java.lang.IllegalArgumentException: Attempted to write longer than Content-Length (8178 + 5202 / 8178)
	at com.evermind.server.http.EvermindServletOutputStream.write(EvermindServletOutputStream.java:177)
	at com.evermind.server.http.EvermindJSPWriter.writeOut(EvermindJSPWriter.java:481)
	at com.evermind.server.http.EvermindJSPWriter.jspflush(EvermindJSPWriter.java:398)
	at com.evermind.server.http.EvermindJSPWriter.close(EvermindJSPWriter.java:369)
	at oracle.jsp.runtime.OracleJspRuntime.extraHandlePCFinally(OracleJspRuntime.java:1398)
	at _opciones__2._jspService(opciones_2.jsp:284)
	[/opciones_2.jsp]
	at com.orionserver.http.OrionHttpJspPage.service(OrionHttpJspPage.java:56)
	at oracle.jsp.runtimev2.JspPageTable.service(JspPageTable.java:356)
	at oracle.jsp.runtimev2.JspServlet.internalService(JspServlet.java:498)
	at oracle.jsp.runtimev2.JspServlet.service(JspServlet.java:402)
	at javax.servlet.http.HttpServlet.service(HttpServlet.java:853)
	at com.evermind.server.http.ResourceFilterChain.doFilter(ResourceFilterChain.java:65)
	at oracle.security.jazn.oc4j.JAZNFilter.doFilter(Unknown Source)
	at com.evermind.server.http.ServletRequestDispatcher.invoke(ServletRequestDispatcher.java:673)
	at com.evermind.server.http.ServletRequestDispatcher.forwardInternal(ServletRequestDispatcher.java:340)
	at com.evermind.server.http.HttpRequestHandler.processRequest(HttpRequestHandler.java:830)
	at com.evermind.server.http.HttpRequestHandler.run(HttpRequestHandler.java:285)
	at com.evermind.server.http.HttpRequestHandler.run(HttpRequestHandler.java:126)
	at com.evermind.util.ReleasableResourcePooledExecutor$MyWorker.run(ReleasableResourcePooledExecutor.java:186)
	at java.lang.Thread.run(Thread.java:534)

<P><P><HR ALIGN=CENTER>
</HTML></BODY>

09/09/11 00:20:38 fiduciaweb: JspServlet: No se ha podido distribuir a la página solicitada: java.lang.IllegalArgumentException: Attempted to write longer than Content-Length (8178 + 5202 / 8178)
	at com.evermind.server.http.EvermindServletOutputStream.write(EvermindServletOutputStream.java:177)
	at com.evermind.server.http.EvermindJSPWriter.writeOut(EvermindJSPWriter.java:481)
	at com.evermind.server.http.EvermindJSPWriter.jspflush(EvermindJSPWriter.java:398)
	at com.evermind.server.http.EvermindJSPWriter.close(EvermindJSPWriter.java:369)
	at oracle.jsp.runtime.OracleJspRuntime.extraHandlePCFinally(OracleJspRuntime.java:1398)
	at _opciones__2._jspService(opciones_2.jsp:284)
	at com.orionserver.http.OrionHttpJspPage.service(OrionHttpJspPage.java:56)
	at oracle.jsp.runtimev2.JspPageTable.service(JspPageTable.java:356)
	at oracle.jsp.runtimev2.JspServlet.internalService(JspServlet.java:498)
	at oracle.jsp.runtimev2.JspServlet.service(JspServlet.java:402)
	at javax.servlet.http.HttpServlet.service(HttpServlet.java:853)
	at com.evermind.server.http.ResourceFilterChain.doFilter(ResourceFilterChain.java:65)
	at oracle.security.jazn.oc4j.JAZNFilter.doFilter(Unknown Source)
	at com.evermind.server.http.ServletRequestDispatcher.invoke(ServletRequestDispatcher.java:673)
	at com.evermind.server.http.ServletRequestDispatcher.forwardInternal(ServletRequestDispatcher.java:340)
	at com.evermind.server.http.HttpRequestHandler.processRequest(HttpRequestHandler.java:830)
	at com.evermind.server.http.HttpRequestHandler.run(HttpRequestHandler.java:285)
	at com.evermind.server.http.HttpRequestHandler.run(HttpRequestHandler.java:126)
	at com.evermind.util.ReleasableResourcePooledExecutor$MyWorker.run(ReleasableResourcePooledExecutor.java:192)
	at java.lang.Thread.run(Thread.java:534)

09/09/11 00:20:38 fiduciaweb: OracleJSP:
<HTML><BODY>
<P> <H2  ALIGN=CENTER>Error JSP:</H2> <HR  ALIGN=CENTER> <P>
<P><H3>URI de Solicitud:/fiduciaweb/opciones_2.jsp</H3><P>
<H3>Excepción:</H3>java.lang.IllegalArgumentException: Attempted to write longer than Content-Length (8178 + 5202 / 8178)
	at com.evermind.server.http.EvermindServletOutputStream.write(EvermindServletOutputStream.java:177)
	at com.evermind.server.http.EvermindJSPWriter.writeOut(EvermindJSPWriter.java:481)
	at com.evermind.server.http.EvermindJSPWriter.jspflush(EvermindJSPWriter.java:398)
	at com.evermind.server.http.EvermindJSPWriter.close(EvermindJSPWriter.java:369)
	at oracle.jsp.runtime.OracleJspRuntime.extraHandlePCFinally(OracleJspRuntime.java:1398)
	at _opciones__2._jspService(opciones_2.jsp:284)
	[/opciones_2.jsp]
	at com.orionserver.http.OrionHttpJspPage.service(OrionHttpJspPage.java:56)
	at oracle.jsp.runtimev2.JspPageTable.service(JspPageTable.java:356)
	at oracle.jsp.runtimev2.JspServlet.internalService(JspServlet.java:498)
	at oracle.jsp.runtimev2.JspServlet.service(JspServlet.java:402)
	at javax.servlet.http.HttpServlet.service(HttpServlet.java:853)
	at com.evermind.server.http.ResourceFilterChain.doFilter(ResourceFilterChain.java:65)
	at oracle.security.jazn.oc4j.JAZNFilter.doFilter(Unknown Source)
	at com.evermind.server.http.ServletRequestDispatcher.invoke(ServletRequestDispatcher.java:673)
	at com.evermind.server.http.ServletRequestDispatcher.forwardInternal(ServletRequestDispatcher.java:340)
	at com.evermind.server.http.HttpRequestHandler.processRequest(HttpRequestHandler.java:830)
	at com.evermind.server.http.HttpRequestHandler.run(HttpRequestHandler.java:285)
	at com.evermind.server.http.HttpRequestHandler.run(HttpRequestHandler.java:126)
	at com.evermind.util.ReleasableResourcePooledExecutor$MyWorker.run(ReleasableResourcePooledExecutor.java:192)
	at java.lang.Thread.run(Thread.java:534)

<P><P><HR ALIGN=CENTER>
</HTML></BODY>

09/09/11 00:31:04 fiduciaweb: JspServlet: No se ha podido distribuir a la página solicitada: java.lang.IllegalArgumentException: Attempted to write longer than Content-Length (8178 + 5202 / 8178)
	at com.evermind.server.http.EvermindServletOutputStream.write(EvermindServletOutputStream.java:177)
	at com.evermind.server.http.EvermindJSPWriter.writeOut(EvermindJSPWriter.java:481)
	at com.evermind.server.http.EvermindJSPWriter.jspflush(EvermindJSPWriter.java:398)
	at com.evermind.server.http.EvermindJSPWriter.close(EvermindJSPWriter.java:369)
	at oracle.jsp.runtime.OracleJspRuntime.extraHandlePCFinally(OracleJspRuntime.java:1398)
	at _opciones__2._jspService(opciones_2.jsp:284)
	at com.orionserver.http.OrionHttpJspPage.service(OrionHttpJspPage.java:56)
	at oracle.jsp.runtimev2.JspPageTable.service(JspPageTable.java:356)
	at oracle.jsp.runtimev2.JspServlet.internalService(JspServlet.java:498)
	at oracle.jsp.runtimev2.JspServlet.service(JspServlet.java:402)
	at javax.servlet.http.HttpServlet.service(HttpServlet.java:853)
	at com.evermind.server.http.ResourceFilterChain.doFilter(ResourceFilterChain.java:65)
	at oracle.security.jazn.oc4j.JAZNFilter.doFilter(Unknown Source)
	at com.evermind.server.http.ServletRequestDispatcher.invoke(ServletRequestDispatcher.java:673)
	at com.evermind.server.http.ServletRequestDispatcher.forwardInternal(ServletRequestDispatcher.java:340)
	at com.evermind.server.http.HttpRequestHandler.processRequest(HttpRequestHandler.java:830)
	at com.evermind.server.http.HttpRequestHandler.run(HttpRequestHandler.java:285)
	at com.evermind.server.http.HttpRequestHandler.run(HttpRequestHandler.java:126)
	at com.evermind.util.ReleasableResourcePooledExecutor$MyWorker.run(ReleasableResourcePooledExecutor.java:192)
	at java.lang.Thread.run(Thread.java:534)

09/09/11 00:31:04 fiduciaweb: OracleJSP:
<HTML><BODY>
<P> <H2  ALIGN=CENTER>Error JSP:</H2> <HR  ALIGN=CENTER> <P>
<P><H3>URI de Solicitud:/fiduciaweb/opciones_2.jsp</H3><P>
<H3>Excepción:</H3>java.lang.IllegalArgumentException: Attempted to write longer than Content-Length (8178 + 5202 / 8178)
	at com.evermind.server.http.EvermindServletOutputStream.write(EvermindServletOutputStream.java:177)
	at com.evermind.server.http.EvermindJSPWriter.writeOut(EvermindJSPWriter.java:481)
	at com.evermind.server.http.EvermindJSPWriter.jspflush(EvermindJSPWriter.java:398)
	at com.evermind.server.http.EvermindJSPWriter.close(EvermindJSPWriter.java:369)
	at oracle.jsp.runtime.OracleJspRuntime.extraHandlePCFinally(OracleJspRuntime.java:1398)
	at _opciones__2._jspService(opciones_2.jsp:284)
	[/opciones_2.jsp]
	at com.orionserver.http.OrionHttpJspPage.service(OrionHttpJspPage.java:56)
	at oracle.jsp.runtimev2.JspPageTable.service(JspPageTable.java:356)
	at oracle.jsp.runtimev2.JspServlet.internalService(JspServlet.java:498)
	at oracle.jsp.runtimev2.JspServlet.service(JspServlet.java:402)
	at javax.servlet.http.HttpServlet.service(HttpServlet.java:853)
	at com.evermind.server.http.ResourceFilterChain.doFilter(ResourceFilterChain.java:65)
	at oracle.security.jazn.oc4j.JAZNFilter.doFilter(Unknown Source)
	at com.evermind.server.http.ServletRequestDispatcher.invoke(ServletRequestDispatcher.java:673)
	at com.evermind.server.http.ServletRequestDispatcher.forwardInternal(ServletRequestDispatcher.java:340)
	at com.evermind.server.http.HttpRequestHandler.processRequest(HttpRequestHandler.java:830)
	at com.evermind.server.http.HttpRequestHandler.run(HttpRequestHandler.java:285)
	at com.evermind.server.http.HttpRequestHandler.run(HttpRequestHandler.java:126)
	at com.evermind.util.ReleasableResourcePooledExecutor$MyWorker.run(ReleasableResourcePooledExecutor.java:192)
	at java.lang.Thread.run(Thread.java:534)

<P><P><HR ALIGN=CENTER>
</HTML></BODY>

09/09/11 00:34:09 fiduciaweb: JspServlet: No se ha podido distribuir a la página solicitada: java.lang.IllegalArgumentException: Attempted to write longer than Content-Length (8178 + 5202 / 8178)
	at com.evermind.server.http.EvermindServletOutputStream.write(EvermindServletOutputStream.java:177)
	at com.evermind.server.http.EvermindJSPWriter.writeOut(EvermindJSPWriter.java:481)
	at com.evermind.server.http.EvermindJSPWriter.jspflush(EvermindJSPWriter.java:398)
	at com.evermind.server.http.EvermindJSPWriter.close(EvermindJSPWriter.java:369)
	at oracle.jsp.runtime.OracleJspRuntime.extraHandlePCFinally(OracleJspRuntime.java:1398)
	at _opciones__2._jspService(opciones_2.jsp:284)
	at com.orionserver.http.OrionHttpJspPage.service(OrionHttpJspPage.java:56)
	at oracle.jsp.runtimev2.JspPageTable.service(JspPageTable.java:356)
	at oracle.jsp.runtimev2.JspServlet.internalService(JspServlet.java:498)
	at oracle.jsp.runtimev2.JspServlet.service(JspServlet.java:402)
	at javax.servlet.http.HttpServlet.service(HttpServlet.java:853)
	at com.evermind.server.http.ResourceFilterChain.doFilter(ResourceFilterChain.java:65)
	at oracle.security.jazn.oc4j.JAZNFilter.doFilter(Unknown Source)
	at com.evermind.server.http.ServletRequestDispatcher.invoke(ServletRequestDispatcher.java:673)
	at com.evermind.server.http.ServletRequestDispatcher.forwardInternal(ServletRequestDispatcher.java:340)
	at com.evermind.server.http.HttpRequestHandler.processRequest(HttpRequestHandler.java:830)
	at com.evermind.server.http.HttpRequestHandler.run(HttpRequestHandler.java:285)
	at com.evermind.server.http.HttpRequestHandler.run(HttpRequestHandler.java:126)
	at com.evermind.util.ReleasableResourcePooledExecutor$MyWorker.run(ReleasableResourcePooledExecutor.java:192)
	at java.lang.Thread.run(Thread.java:534)

09/09/11 00:34:09 fiduciaweb: OracleJSP:
<HTML><BODY>
<P> <H2  ALIGN=CENTER>Error JSP:</H2> <HR  ALIGN=CENTER> <P>
<P><H3>URI de Solicitud:/fiduciaweb/opciones_2.jsp</H3><P>
<H3>Excepción:</H3>java.lang.IllegalArgumentException: Attempted to write longer than Content-Length (8178 + 5202 / 8178)
	at com.evermind.server.http.EvermindServletOutputStream.write(EvermindServletOutputStream.java:177)
	at com.evermind.server.http.EvermindJSPWriter.writeOut(EvermindJSPWriter.java:481)
	at com.evermind.server.http.EvermindJSPWriter.jspflush(EvermindJSPWriter.java:398)
	at com.evermind.server.http.EvermindJSPWriter.close(EvermindJSPWriter.java:369)
	at oracle.jsp.runtime.OracleJspRuntime.extraHandlePCFinally(OracleJspRuntime.java:1398)
	at _opciones__2._jspService(opciones_2.jsp:284)
	[/opciones_2.jsp]
	at com.orionserver.http.OrionHttpJspPage.service(OrionHttpJspPage.java:56)
	at oracle.jsp.runtimev2.JspPageTable.service(JspPageTable.java:356)
	at oracle.jsp.runtimev2.JspServlet.internalService(JspServlet.java:498)
	at oracle.jsp.runtimev2.JspServlet.service(JspServlet.java:402)
	at javax.servlet.http.HttpServlet.service(HttpServlet.java:853)
	at com.evermind.server.http.ResourceFilterChain.doFilter(ResourceFilterChain.java:65)
	at oracle.security.jazn.oc4j.JAZNFilter.doFilter(Unknown Source)
	at com.evermind.server.http.ServletRequestDispatcher.invoke(ServletRequestDispatcher.java:673)
	at com.evermind.server.http.ServletRequestDispatcher.forwardInternal(ServletRequestDispatcher.java:340)
	at com.evermind.server.http.HttpRequestHandler.processRequest(HttpRequestHandler.java:830)
	at com.evermind.server.http.HttpRequestHandler.run(HttpRequestHandler.java:285)
	at com.evermind.server.http.HttpRequestHandler.run(HttpRequestHandler.java:126)
	at com.evermind.util.ReleasableResourcePooledExecutor$MyWorker.run(ReleasableResourcePooledExecutor.java:192)
	at java.lang.Thread.run(Thread.java:534)

<P><P><HR ALIGN=CENTER>
</HTML></BODY>

09/09/11 17:51:11 Started
09/09/11 17:51:15 fiduciaweb: JDevOJSP: init
09/09/11 17:51:15 fiduciaweb: Started
09/09/14 16:29:02 Started
09/09/14 16:29:04 fiduciaweb: JDevOJSP: init
09/09/14 16:29:04 fiduciaweb: Started
09/09/14 16:35:59 fiduciaweb: Connection reset by peer: socket write error
09/09/14 16:47:52 Started
09/09/14 16:47:54 fiduciaweb: JDevOJSP: init
09/09/14 16:47:54 fiduciaweb: Started
09/09/14 16:59:25 Started
09/09/14 16:59:26 fiduciaweb: JDevOJSP: init
09/09/14 16:59:26 fiduciaweb: Started
09/09/14 17:13:04 Started
09/09/14 17:13:05 fiduciaweb: JDevOJSP: init
09/09/14 17:13:05 fiduciaweb: Started
09/09/14 17:13:10 fiduciaweb: Connection reset by peer: socket write error
09/09/14 17:13:10 fiduciaweb: Connection reset by peer: socket write error
09/09/14 17:13:10 fiduciaweb: Connection reset by peer: socket write error
09/09/14 17:13:10 fiduciaweb: Connection reset by peer: socket write error
09/09/14 17:34:49 Started
09/09/14 17:34:51 fiduciaweb: JDevOJSP: init
09/09/14 17:34:51 fiduciaweb: Started
09/09/14 17:40:43 Started
09/09/14 17:40:45 fiduciaweb: JDevOJSP: init
09/09/14 17:40:45 fiduciaweb: Started
09/09/14 17:52:00 Started
09/09/14 17:52:01 fiduciaweb: JDevOJSP: init
09/09/14 17:52:01 fiduciaweb: Started
09/09/14 18:49:24 fiduciaweb: Servlet error
java.lang.NullPointerException
	at _FI__Instruccion2._jspService(FI_Instruccion2.jsp:1011)
	at com.orionserver[Oracle Application Server Containers for J2EE 10g (10.1.2.2.0)].http.OrionHttpJspPage.service(OrionHttpJspPage.java:56)
	at oracle.jsp.runtimev2.JspPageTable.service(JspPageTable.java:356)
	at oracle.jsp.runtimev2.JspServlet.internalService(JspServlet.java:498)
	at oracle.jsp.runtimev2.JspServlet.service(JspServlet.java:402)
	at javax.servlet.http.HttpServlet.service(HttpServlet.java:853)
	at com.evermind[Oracle Application Server Containers for J2EE 10g (10.1.2.2.0)].server.http.ResourceFilterChain.doFilter(ResourceFilterChain.java:65)
	at oracle.security.jazn.oc4j.JAZNFilter.doFilter(Unknown Source)
	at com.evermind[Oracle Application Server Containers for J2EE 10g (10.1.2.2.0)].server.http.ServletRequestDispatcher.invoke(ServletRequestDispatcher.java:673)
	at com.evermind[Oracle Application Server Containers for J2EE 10g (10.1.2.2.0)].server.http.ServletRequestDispatcher.forwardInternal(ServletRequestDispatcher.java:340)
	at com.evermind[Oracle Application Server Containers for J2EE 10g (10.1.2.2.0)].server.http.HttpRequestHandler.processRequest(HttpRequestHandler.java:830)
	at com.evermind[Oracle Application Server Containers for J2EE 10g (10.1.2.2.0)].server.http.HttpRequestHandler.run(HttpRequestHandler.java:285)
	at com.evermind[Oracle Application Server Containers for J2EE 10g (10.1.2.2.0)].server.http.HttpRequestHandler.run(HttpRequestHandler.java:126)
	at com.evermind[Oracle Application Server Containers for J2EE 10g (10.1.2.2.0)].util.ReleasableResourcePooledExecutor$MyWorker.run(ReleasableResourcePooledExecutor.java:192)
	at java.lang.Thread.run(Thread.java:534)
09/09/14 18:49:36 fiduciaweb: Servlet error
java.lang.NullPointerException
	at _FI__Instruccion2._jspService(FI_Instruccion2.jsp:1011)
	at com.orionserver[Oracle Application Server Containers for J2EE 10g (10.1.2.2.0)].http.OrionHttpJspPage.service(OrionHttpJspPage.java:56)
	at oracle.jsp.runtimev2.JspPageTable.service(JspPageTable.java:356)
	at oracle.jsp.runtimev2.JspServlet.internalService(JspServlet.java:498)
	at oracle.jsp.runtimev2.JspServlet.service(JspServlet.java:402)
	at javax.servlet.http.HttpServlet.service(HttpServlet.java:853)
	at com.evermind[Oracle Application Server Containers for J2EE 10g (10.1.2.2.0)].server.http.ResourceFilterChain.doFilter(ResourceFilterChain.java:65)
	at oracle.security.jazn.oc4j.JAZNFilter.doFilter(Unknown Source)
	at com.evermind[Oracle Application Server Containers for J2EE 10g (10.1.2.2.0)].server.http.ServletRequestDispatcher.invoke(ServletRequestDispatcher.java:673)
	at com.evermind[Oracle Application Server Containers for J2EE 10g (10.1.2.2.0)].server.http.ServletRequestDispatcher.forwardInternal(ServletRequestDispatcher.java:340)
	at com.evermind[Oracle Application Server Containers for J2EE 10g (10.1.2.2.0)].server.http.HttpRequestHandler.processRequest(HttpRequestHandler.java:830)
	at com.evermind[Oracle Application Server Containers for J2EE 10g (10.1.2.2.0)].server.http.HttpRequestHandler.run(HttpRequestHandler.java:285)
	at com.evermind[Oracle Application Server Containers for J2EE 10g (10.1.2.2.0)].server.http.HttpRequestHandler.run(HttpRequestHandler.java:126)
	at com.evermind[Oracle Application Server Containers for J2EE 10g (10.1.2.2.0)].util.ReleasableResourcePooledExecutor$MyWorker.run(ReleasableResourcePooledExecutor.java:192)
	at java.lang.Thread.run(Thread.java:534)
09/09/14 18:50:06 fiduciaweb: Connection reset by peer: socket write error
09/09/14 18:50:06 fiduciaweb: Connection reset by peer: socket write error
09/09/14 18:50:06 fiduciaweb: Connection reset by peer: socket write error
09/09/14 18:50:06 fiduciaweb: Connection reset by peer: socket write error
09/09/14 18:50:06 fiduciaweb: Connection reset by peer: socket write error
09/09/14 18:50:06 fiduciaweb: Connection reset by peer: socket write error
09/09/14 18:50:06 fiduciaweb: Connection reset by peer: socket write error
09/09/14 18:50:06 fiduciaweb: Connection reset by peer: socket write error
09/09/14 18:50:06 fiduciaweb: Connection reset by peer: socket write error
09/09/14 18:50:06 fiduciaweb: Connection reset by peer: socket write error
09/09/14 18:50:06 fiduciaweb: Connection reset by peer: socket write error
09/09/14 18:50:06 fiduciaweb: Connection reset by peer: socket write error
09/09/14 18:50:16 fiduciaweb: Servlet error
java.lang.NullPointerException
	at _FI__Instruccion2._jspService(FI_Instruccion2.jsp:1011)
	at com.orionserver[Oracle Application Server Containers for J2EE 10g (10.1.2.2.0)].http.OrionHttpJspPage.service(OrionHttpJspPage.java:56)
	at oracle.jsp.runtimev2.JspPageTable.service(JspPageTable.java:356)
	at oracle.jsp.runtimev2.JspServlet.internalService(JspServlet.java:498)
	at oracle.jsp.runtimev2.JspServlet.service(JspServlet.java:402)
	at javax.servlet.http.HttpServlet.service(HttpServlet.java:853)
	at com.evermind[Oracle Application Server Containers for J2EE 10g (10.1.2.2.0)].server.http.ResourceFilterChain.doFilter(ResourceFilterChain.java:65)
	at oracle.security.jazn.oc4j.JAZNFilter.doFilter(Unknown Source)
	at com.evermind[Oracle Application Server Containers for J2EE 10g (10.1.2.2.0)].server.http.ServletRequestDispatcher.invoke(ServletRequestDispatcher.java:673)
	at com.evermind[Oracle Application Server Containers for J2EE 10g (10.1.2.2.0)].server.http.ServletRequestDispatcher.forwardInternal(ServletRequestDispatcher.java:340)
	at com.evermind[Oracle Application Server Containers for J2EE 10g (10.1.2.2.0)].server.http.HttpRequestHandler.processRequest(HttpRequestHandler.java:830)
	at com.evermind[Oracle Application Server Containers for J2EE 10g (10.1.2.2.0)].server.http.HttpRequestHandler.run(HttpRequestHandler.java:285)
	at com.evermind[Oracle Application Server Containers for J2EE 10g (10.1.2.2.0)].server.http.HttpRequestHandler.run(HttpRequestHandler.java:126)
	at com.evermind[Oracle Application Server Containers for J2EE 10g (10.1.2.2.0)].util.ReleasableResourcePooledExecutor$MyWorker.run(ReleasableResourcePooledExecutor.java:192)
	at java.lang.Thread.run(Thread.java:534)
09/09/14 18:50:50 fiduciaweb: Servlet error
java.lang.NullPointerException
	at _FI__Instruccion2._jspService(FI_Instruccion2.jsp:1011)
	at com.orionserver[Oracle Application Server Containers for J2EE 10g (10.1.2.2.0)].http.OrionHttpJspPage.service(OrionHttpJspPage.java:56)
	at oracle.jsp.runtimev2.JspPageTable.service(JspPageTable.java:356)
	at oracle.jsp.runtimev2.JspServlet.internalService(JspServlet.java:498)
	at oracle.jsp.runtimev2.JspServlet.service(JspServlet.java:402)
	at javax.servlet.http.HttpServlet.service(HttpServlet.java:853)
	at com.evermind[Oracle Application Server Containers for J2EE 10g (10.1.2.2.0)].server.http.ResourceFilterChain.doFilter(ResourceFilterChain.java:65)
	at oracle.security.jazn.oc4j.JAZNFilter.doFilter(Unknown Source)
	at com.evermind[Oracle Application Server Containers for J2EE 10g (10.1.2.2.0)].server.http.ServletRequestDispatcher.invoke(ServletRequestDispatcher.java:673)
	at com.evermind[Oracle Application Server Containers for J2EE 10g (10.1.2.2.0)].server.http.ServletRequestDispatcher.forwardInternal(ServletRequestDispatcher.java:340)
	at com.evermind[Oracle Application Server Containers for J2EE 10g (10.1.2.2.0)].server.http.HttpRequestHandler.processRequest(HttpRequestHandler.java:830)
	at com.evermind[Oracle Application Server Containers for J2EE 10g (10.1.2.2.0)].server.http.HttpRequestHandler.run(HttpRequestHandler.java:285)
	at com.evermind[Oracle Application Server Containers for J2EE 10g (10.1.2.2.0)].server.http.HttpRequestHandler.run(HttpRequestHandler.java:126)
	at com.evermind[Oracle Application Server Containers for J2EE 10g (10.1.2.2.0)].util.ReleasableResourcePooledExecutor$MyWorker.run(ReleasableResourcePooledExecutor.java:192)
	at java.lang.Thread.run(Thread.java:534)
09/09/14 18:53:23 fiduciaweb: Servlet error
java.lang.NullPointerException
	at _FI__Instruccion2._jspService(FI_Instruccion2.jsp:1007)
	at com.orionserver[Oracle Application Server Containers for J2EE 10g (10.1.2.2.0)].http.OrionHttpJspPage.service(OrionHttpJspPage.java:56)
	at oracle.jsp.runtimev2.JspPageTable.compileAndServe(JspPageTable.java:575)
	at oracle.jsp.runtimev2.JspPageTable.service(JspPageTable.java:311)
	at oracle.jsp.runtimev2.JspServlet.internalService(JspServlet.java:498)
	at oracle.jsp.runtimev2.JspServlet.service(JspServlet.java:402)
	at javax.servlet.http.HttpServlet.service(HttpServlet.java:853)
	at com.evermind[Oracle Application Server Containers for J2EE 10g (10.1.2.2.0)].server.http.ResourceFilterChain.doFilter(ResourceFilterChain.java:65)
	at oracle.security.jazn.oc4j.JAZNFilter.doFilter(Unknown Source)
	at com.evermind[Oracle Application Server Containers for J2EE 10g (10.1.2.2.0)].server.http.ServletRequestDispatcher.invoke(ServletRequestDispatcher.java:673)
	at com.evermind[Oracle Application Server Containers for J2EE 10g (10.1.2.2.0)].server.http.ServletRequestDispatcher.forwardInternal(ServletRequestDispatcher.java:340)
	at com.evermind[Oracle Application Server Containers for J2EE 10g (10.1.2.2.0)].server.http.HttpRequestHandler.processRequest(HttpRequestHandler.java:830)
	at com.evermind[Oracle Application Server Containers for J2EE 10g (10.1.2.2.0)].server.http.HttpRequestHandler.run(HttpRequestHandler.java:285)
	at com.evermind[Oracle Application Server Containers for J2EE 10g (10.1.2.2.0)].server.http.HttpRequestHandler.run(HttpRequestHandler.java:126)
	at com.evermind[Oracle Application Server Containers for J2EE 10g (10.1.2.2.0)].util.ReleasableResourcePooledExecutor$MyWorker.run(ReleasableResourcePooledExecutor.java:186)
	at java.lang.Thread.run(Thread.java:534)
09/09/14 18:53:25 fiduciaweb: Servlet error
java.lang.NullPointerException
	at _FI__Instruccion2._jspService(FI_Instruccion2.jsp:1007)
	at com.orionserver[Oracle Application Server Containers for J2EE 10g (10.1.2.2.0)].http.OrionHttpJspPage.service(OrionHttpJspPage.java:56)
	at oracle.jsp.runtimev2.JspPageTable.service(JspPageTable.java:356)
	at oracle.jsp.runtimev2.JspServlet.internalService(JspServlet.java:498)
	at oracle.jsp.runtimev2.JspServlet.service(JspServlet.java:402)
	at javax.servlet.http.HttpServlet.service(HttpServlet.java:853)
	at com.evermind[Oracle Application Server Containers for J2EE 10g (10.1.2.2.0)].server.http.ResourceFilterChain.doFilter(ResourceFilterChain.java:65)
	at oracle.security.jazn.oc4j.JAZNFilter.doFilter(Unknown Source)
	at com.evermind[Oracle Application Server Containers for J2EE 10g (10.1.2.2.0)].server.http.ServletRequestDispatcher.invoke(ServletRequestDispatcher.java:673)
	at com.evermind[Oracle Application Server Containers for J2EE 10g (10.1.2.2.0)].server.http.ServletRequestDispatcher.forwardInternal(ServletRequestDispatcher.java:340)
	at com.evermind[Oracle Application Server Containers for J2EE 10g (10.1.2.2.0)].server.http.HttpRequestHandler.processRequest(HttpRequestHandler.java:830)
	at com.evermind[Oracle Application Server Containers for J2EE 10g (10.1.2.2.0)].server.http.HttpRequestHandler.run(HttpRequestHandler.java:285)
	at com.evermind[Oracle Application Server Containers for J2EE 10g (10.1.2.2.0)].server.http.HttpRequestHandler.run(HttpRequestHandler.java:126)
	at com.evermind[Oracle Application Server Containers for J2EE 10g (10.1.2.2.0)].util.ReleasableResourcePooledExecutor$MyWorker.run(ReleasableResourcePooledExecutor.java:192)
	at java.lang.Thread.run(Thread.java:534)
09/09/14 18:53:26 fiduciaweb: Servlet error
java.lang.NullPointerException
	at _FI__Instruccion2._jspService(FI_Instruccion2.jsp:1007)
	at com.orionserver[Oracle Application Server Containers for J2EE 10g (10.1.2.2.0)].http.OrionHttpJspPage.service(OrionHttpJspPage.java:56)
	at oracle.jsp.runtimev2.JspPageTable.service(JspPageTable.java:356)
	at oracle.jsp.runtimev2.JspServlet.internalService(JspServlet.java:498)
	at oracle.jsp.runtimev2.JspServlet.service(JspServlet.java:402)
	at javax.servlet.http.HttpServlet.service(HttpServlet.java:853)
	at com.evermind[Oracle Application Server Containers for J2EE 10g (10.1.2.2.0)].server.http.ResourceFilterChain.doFilter(ResourceFilterChain.java:65)
	at oracle.security.jazn.oc4j.JAZNFilter.doFilter(Unknown Source)
	at com.evermind[Oracle Application Server Containers for J2EE 10g (10.1.2.2.0)].server.http.ServletRequestDispatcher.invoke(ServletRequestDispatcher.java:673)
	at com.evermind[Oracle Application Server Containers for J2EE 10g (10.1.2.2.0)].server.http.ServletRequestDispatcher.forwardInternal(ServletRequestDispatcher.java:340)
	at com.evermind[Oracle Application Server Containers for J2EE 10g (10.1.2.2.0)].server.http.HttpRequestHandler.processRequest(HttpRequestHandler.java:830)
	at com.evermind[Oracle Application Server Containers for J2EE 10g (10.1.2.2.0)].server.http.HttpRequestHandler.run(HttpRequestHandler.java:285)
	at com.evermind[Oracle Application Server Containers for J2EE 10g (10.1.2.2.0)].server.http.HttpRequestHandler.run(HttpRequestHandler.java:126)
	at com.evermind[Oracle Application Server Containers for J2EE 10g (10.1.2.2.0)].util.ReleasableResourcePooledExecutor$MyWorker.run(ReleasableResourcePooledExecutor.java:192)
	at java.lang.Thread.run(Thread.java:534)
09/09/14 18:53:42 Started
09/09/14 18:53:44 fiduciaweb: JDevOJSP: init
09/09/14 18:53:44 fiduciaweb: Started
09/09/14 18:55:13 fiduciaweb: Servlet error
java.lang.NullPointerException
	at _FI__Instruccion2._jspService(FI_Instruccion2.jsp:1007)
	at com.orionserver[Oracle Application Server Containers for J2EE 10g (10.1.2.2.0)].http.OrionHttpJspPage.service(OrionHttpJspPage.java:56)
	at oracle.jsp.runtimev2.JspPageTable.service(JspPageTable.java:356)
	at oracle.jsp.runtimev2.JspServlet.internalService(JspServlet.java:498)
	at oracle.jsp.runtimev2.JspServlet.service(JspServlet.java:402)
	at javax.servlet.http.HttpServlet.service(HttpServlet.java:853)
	at com.evermind[Oracle Application Server Containers for J2EE 10g (10.1.2.2.0)].server.http.ResourceFilterChain.doFilter(ResourceFilterChain.java:65)
	at oracle.security.jazn.oc4j.JAZNFilter.doFilter(Unknown Source)
	at com.evermind[Oracle Application Server Containers for J2EE 10g (10.1.2.2.0)].server.http.ServletRequestDispatcher.invoke(ServletRequestDispatcher.java:673)
	at com.evermind[Oracle Application Server Containers for J2EE 10g (10.1.2.2.0)].server.http.ServletRequestDispatcher.forwardInternal(ServletRequestDispatcher.java:340)
	at com.evermind[Oracle Application Server Containers for J2EE 10g (10.1.2.2.0)].server.http.HttpRequestHandler.processRequest(HttpRequestHandler.java:830)
	at com.evermind[Oracle Application Server Containers for J2EE 10g (10.1.2.2.0)].server.http.HttpRequestHandler.run(HttpRequestHandler.java:285)
	at com.evermind[Oracle Application Server Containers for J2EE 10g (10.1.2.2.0)].server.http.HttpRequestHandler.run(HttpRequestHandler.java:126)
	at com.evermind[Oracle Application Server Containers for J2EE 10g (10.1.2.2.0)].util.ReleasableResourcePooledExecutor$MyWorker.run(ReleasableResourcePooledExecutor.java:192)
	at java.lang.Thread.run(Thread.java:534)
09/09/14 19:27:25 fiduciaweb: Connection reset by peer: socket write error
09/09/14 19:27:25 fiduciaweb: Connection reset by peer: socket write error
09/09/14 19:27:25 fiduciaweb: Connection reset by peer: socket write error
09/09/14 19:27:25 fiduciaweb: Connection reset by peer: socket write error
09/09/14 19:30:08 fiduciaweb: Servlet error
java.lang.NullPointerException
	at _FI__Instruccion2._jspService(FI_Instruccion2.jsp:1015)
	at com.orionserver[Oracle Application Server Containers for J2EE 10g (10.1.2.2.0)].http.OrionHttpJspPage.service(OrionHttpJspPage.java:56)
	at oracle.jsp.runtimev2.JspPageTable.compileAndServe(JspPageTable.java:575)
	at oracle.jsp.runtimev2.JspPageTable.service(JspPageTable.java:311)
	at oracle.jsp.runtimev2.JspServlet.internalService(JspServlet.java:498)
	at oracle.jsp.runtimev2.JspServlet.service(JspServlet.java:402)
	at javax.servlet.http.HttpServlet.service(HttpServlet.java:853)
	at com.evermind[Oracle Application Server Containers for J2EE 10g (10.1.2.2.0)].server.http.ResourceFilterChain.doFilter(ResourceFilterChain.java:65)
	at oracle.security.jazn.oc4j.JAZNFilter.doFilter(Unknown Source)
	at com.evermind[Oracle Application Server Containers for J2EE 10g (10.1.2.2.0)].server.http.ServletRequestDispatcher.invoke(ServletRequestDispatcher.java:673)
	at com.evermind[Oracle Application Server Containers for J2EE 10g (10.1.2.2.0)].server.http.ServletRequestDispatcher.forwardInternal(ServletRequestDispatcher.java:340)
	at com.evermind[Oracle Application Server Containers for J2EE 10g (10.1.2.2.0)].server.http.HttpRequestHandler.processRequest(HttpRequestHandler.java:830)
	at com.evermind[Oracle Application Server Containers for J2EE 10g (10.1.2.2.0)].server.http.HttpRequestHandler.run(HttpRequestHandler.java:285)
	at com.evermind[Oracle Application Server Containers for J2EE 10g (10.1.2.2.0)].server.http.HttpRequestHandler.run(HttpRequestHandler.java:126)
	at com.evermind[Oracle Application Server Containers for J2EE 10g (10.1.2.2.0)].util.ReleasableResourcePooledExecutor$MyWorker.run(ReleasableResourcePooledExecutor.java:192)
	at java.lang.Thread.run(Thread.java:534)
09/09/14 19:32:43 Started
09/09/14 19:32:45 fiduciaweb: JDevOJSP: init
09/09/14 19:32:45 fiduciaweb: Started
09/09/14 19:35:24 Started
09/09/14 19:35:26 fiduciaweb: JDevOJSP: init
09/09/14 19:35:26 fiduciaweb: Started
09/09/14 19:41:17 Started
09/09/14 19:41:18 fiduciaweb: JDevOJSP: init
09/09/14 19:41:18 fiduciaweb: Started
09/09/14 19:45:48 Started
09/09/14 19:45:49 fiduciaweb: JDevOJSP: init
09/09/14 19:45:49 fiduciaweb: Started
09/09/14 20:30:44 Started
09/09/14 20:30:45 fiduciaweb: JDevOJSP: init
09/09/14 20:30:45 fiduciaweb: Started
09/09/14 20:31:28 fiduciaweb: Servlet error
java.lang.NullPointerException
	at com.bancomext.negocio.FiduciaBD.DataCombos(FiduciaBD.java:884)
	at _FI__Instruccion2._jspService(FI_Instruccion2.jsp:979)
	at com.orionserver[Oracle Application Server Containers for J2EE 10g (10.1.2.2.0)].http.OrionHttpJspPage.service(OrionHttpJspPage.java:56)
	at oracle.jsp.runtimev2.JspPageTable.service(JspPageTable.java:356)
	at oracle.jsp.runtimev2.JspServlet.internalService(JspServlet.java:498)
	at oracle.jsp.runtimev2.JspServlet.service(JspServlet.java:402)
	at javax.servlet.http.HttpServlet.service(HttpServlet.java:853)
	at com.evermind[Oracle Application Server Containers for J2EE 10g (10.1.2.2.0)].server.http.ResourceFilterChain.doFilter(ResourceFilterChain.java:65)
	at oracle.security.jazn.oc4j.JAZNFilter.doFilter(Unknown Source)
	at com.evermind[Oracle Application Server Containers for J2EE 10g (10.1.2.2.0)].server.http.ServletRequestDispatcher.invoke(ServletRequestDispatcher.java:673)
	at com.evermind[Oracle Application Server Containers for J2EE 10g (10.1.2.2.0)].server.http.ServletRequestDispatcher.forwardInternal(ServletRequestDispatcher.java:340)
	at com.evermind[Oracle Application Server Containers for J2EE 10g (10.1.2.2.0)].server.http.HttpRequestHandler.processRequest(HttpRequestHandler.java:830)
	at com.evermind[Oracle Application Server Containers for J2EE 10g (10.1.2.2.0)].server.http.HttpRequestHandler.run(HttpRequestHandler.java:285)
	at com.evermind[Oracle Application Server Containers for J2EE 10g (10.1.2.2.0)].server.http.HttpRequestHandler.run(HttpRequestHandler.java:126)
	at com.evermind[Oracle Application Server Containers for J2EE 10g (10.1.2.2.0)].util.ReleasableResourcePooledExecutor$MyWorker.run(ReleasableResourcePooledExecutor.java:192)
	at java.lang.Thread.run(Thread.java:534)
09/09/14 20:32:42 Started
09/09/14 20:32:44 fiduciaweb: JDevOJSP: init
09/09/14 20:32:44 fiduciaweb: Started
09/09/14 20:32:49 fiduciaweb: Connection reset by peer: socket write error
09/09/14 20:32:49 fiduciaweb: Connection reset by peer: socket write error
09/09/14 20:32:49 fiduciaweb: Connection reset by peer: socket write error
09/09/14 20:32:49 fiduciaweb: Connection reset by peer: socket write error
09/09/14 20:33:27 fiduciaweb: Servlet error
java.lang.NullPointerException
	at com.bancomext.negocio.FiduciaBD.DataCombos(FiduciaBD.java:884)
	at _FI__Instruccion2._jspService(FI_Instruccion2.jsp:979)
	at com.orionserver[Oracle Application Server Containers for J2EE 10g (10.1.2.2.0)].http.OrionHttpJspPage.service(OrionHttpJspPage.java:56)
	at oracle.jsp.runtimev2.JspPageTable.service(JspPageTable.java:356)
	at oracle.jsp.runtimev2.JspServlet.internalService(JspServlet.java:498)
	at oracle.jsp.runtimev2.JspServlet.service(JspServlet.java:402)
	at javax.servlet.http.HttpServlet.service(HttpServlet.java:853)
	at com.evermind[Oracle Application Server Containers for J2EE 10g (10.1.2.2.0)].server.http.ResourceFilterChain.doFilter(ResourceFilterChain.java:65)
	at oracle.security.jazn.oc4j.JAZNFilter.doFilter(Unknown Source)
	at com.evermind[Oracle Application Server Containers for J2EE 10g (10.1.2.2.0)].server.http.ServletRequestDispatcher.invoke(ServletRequestDispatcher.java:673)
	at com.evermind[Oracle Application Server Containers for J2EE 10g (10.1.2.2.0)].server.http.ServletRequestDispatcher.forwardInternal(ServletRequestDispatcher.java:340)
	at com.evermind[Oracle Application Server Containers for J2EE 10g (10.1.2.2.0)].server.http.HttpRequestHandler.processRequest(HttpRequestHandler.java:830)
	at com.evermind[Oracle Application Server Containers for J2EE 10g (10.1.2.2.0)].server.http.HttpRequestHandler.run(HttpRequestHandler.java:285)
	at com.evermind[Oracle Application Server Containers for J2EE 10g (10.1.2.2.0)].server.http.HttpRequestHandler.run(HttpRequestHandler.java:126)
	at com.evermind[Oracle Application Server Containers for J2EE 10g (10.1.2.2.0)].util.ReleasableResourcePooledExecutor$MyWorker.run(ReleasableResourcePooledExecutor.java:192)
	at java.lang.Thread.run(Thread.java:534)
09/09/14 20:33:57 fiduciaweb: Servlet error
java.lang.NullPointerException
	at com.bancomext.negocio.FiduciaBD.DataCombos(FiduciaBD.java:884)
	at _FI__Instruccion2._jspService(FI_Instruccion2.jsp:979)
	at com.orionserver[Oracle Application Server Containers for J2EE 10g (10.1.2.2.0)].http.OrionHttpJspPage.service(OrionHttpJspPage.java:56)
	at oracle.jsp.runtimev2.JspPageTable.service(JspPageTable.java:356)
	at oracle.jsp.runtimev2.JspServlet.internalService(JspServlet.java:498)
	at oracle.jsp.runtimev2.JspServlet.service(JspServlet.java:402)
	at javax.servlet.http.HttpServlet.service(HttpServlet.java:853)
	at com.evermind[Oracle Application Server Containers for J2EE 10g (10.1.2.2.0)].server.http.ResourceFilterChain.doFilter(ResourceFilterChain.java:65)
	at oracle.security.jazn.oc4j.JAZNFilter.doFilter(Unknown Source)
	at com.evermind[Oracle Application Server Containers for J2EE 10g (10.1.2.2.0)].server.http.ServletRequestDispatcher.invoke(ServletRequestDispatcher.java:673)
	at com.evermind[Oracle Application Server Containers for J2EE 10g (10.1.2.2.0)].server.http.ServletRequestDispatcher.forwardInternal(ServletRequestDispatcher.java:340)
	at com.evermind[Oracle Application Server Containers for J2EE 10g (10.1.2.2.0)].server.http.HttpRequestHandler.processRequest(HttpRequestHandler.java:830)
	at com.evermind[Oracle Application Server Containers for J2EE 10g (10.1.2.2.0)].server.http.HttpRequestHandler.run(HttpRequestHandler.java:285)
	at com.evermind[Oracle Application Server Containers for J2EE 10g (10.1.2.2.0)].server.http.HttpRequestHandler.run(HttpRequestHandler.java:126)
	at com.evermind[Oracle Application Server Containers for J2EE 10g (10.1.2.2.0)].util.ReleasableResourcePooledExecutor$MyWorker.run(ReleasableResourcePooledExecutor.java:192)
	at java.lang.Thread.run(Thread.java:534)
09/09/14 20:36:17 fiduciaweb: Servlet error
java.lang.NullPointerException
	at com.bancomext.negocio.FiduciaBD.DataCombos(FiduciaBD.java:884)
	at _FI__Instruccion2._jspService(FI_Instruccion2.jsp:979)
	at com.orionserver[Oracle Application Server Containers for J2EE 10g (10.1.2.2.0)].http.OrionHttpJspPage.service(OrionHttpJspPage.java:56)
	at oracle.jsp.runtimev2.JspPageTable.service(JspPageTable.java:356)
	at oracle.jsp.runtimev2.JspServlet.internalService(JspServlet.java:498)
	at oracle.jsp.runtimev2.JspServlet.service(JspServlet.java:402)
	at javax.servlet.http.HttpServlet.service(HttpServlet.java:853)
	at com.evermind[Oracle Application Server Containers for J2EE 10g (10.1.2.2.0)].server.http.ResourceFilterChain.doFilter(ResourceFilterChain.java:65)
	at oracle.security.jazn.oc4j.JAZNFilter.doFilter(Unknown Source)
	at com.evermind[Oracle Application Server Containers for J2EE 10g (10.1.2.2.0)].server.http.ServletRequestDispatcher.invoke(ServletRequestDispatcher.java:673)
	at com.evermind[Oracle Application Server Containers for J2EE 10g (10.1.2.2.0)].server.http.ServletRequestDispatcher.forwardInternal(ServletRequestDispatcher.java:340)
	at com.evermind[Oracle Application Server Containers for J2EE 10g (10.1.2.2.0)].server.http.HttpRequestHandler.processRequest(HttpRequestHandler.java:830)
	at com.evermind[Oracle Application Server Containers for J2EE 10g (10.1.2.2.0)].server.http.HttpRequestHandler.run(HttpRequestHandler.java:285)
	at com.evermind[Oracle Application Server Containers for J2EE 10g (10.1.2.2.0)].server.http.HttpRequestHandler.run(HttpRequestHandler.java:126)
	at com.evermind[Oracle Application Server Containers for J2EE 10g (10.1.2.2.0)].util.ReleasableResourcePooledExecutor$MyWorker.run(ReleasableResourcePooledExecutor.java:186)
	at java.lang.Thread.run(Thread.java:534)
09/09/14 20:36:55 Started
09/09/14 20:36:57 fiduciaweb: JDevOJSP: init
09/09/14 20:36:57 fiduciaweb: Started
09/09/14 20:37:49 fiduciaweb: Servlet error
java.lang.NullPointerException
	at com.bancomext.negocio.FiduciaBD.DataCombos(FiduciaBD.java:884)
	at _FI__Instruccion2._jspService(FI_Instruccion2.jsp:979)
	at com.orionserver[Oracle Application Server Containers for J2EE 10g (10.1.2.2.0)].http.OrionHttpJspPage.service(OrionHttpJspPage.java:56)
	at oracle.jsp.runtimev2.JspPageTable.service(JspPageTable.java:356)
	at oracle.jsp.runtimev2.JspServlet.internalService(JspServlet.java:498)
	at oracle.jsp.runtimev2.JspServlet.service(JspServlet.java:402)
	at javax.servlet.http.HttpServlet.service(HttpServlet.java:853)
	at com.evermind[Oracle Application Server Containers for J2EE 10g (10.1.2.2.0)].server.http.ResourceFilterChain.doFilter(ResourceFilterChain.java:65)
	at oracle.security.jazn.oc4j.JAZNFilter.doFilter(Unknown Source)
	at com.evermind[Oracle Application Server Containers for J2EE 10g (10.1.2.2.0)].server.http.ServletRequestDispatcher.invoke(ServletRequestDispatcher.java:673)
	at com.evermind[Oracle Application Server Containers for J2EE 10g (10.1.2.2.0)].server.http.ServletRequestDispatcher.forwardInternal(ServletRequestDispatcher.java:340)
	at com.evermind[Oracle Application Server Containers for J2EE 10g (10.1.2.2.0)].server.http.HttpRequestHandler.processRequest(HttpRequestHandler.java:830)
	at com.evermind[Oracle Application Server Containers for J2EE 10g (10.1.2.2.0)].server.http.HttpRequestHandler.run(HttpRequestHandler.java:285)
	at com.evermind[Oracle Application Server Containers for J2EE 10g (10.1.2.2.0)].server.http.HttpRequestHandler.run(HttpRequestHandler.java:126)
	at com.evermind[Oracle Application Server Containers for J2EE 10g (10.1.2.2.0)].util.ReleasableResourcePooledExecutor$MyWorker.run(ReleasableResourcePooledExecutor.java:192)
	at java.lang.Thread.run(Thread.java:534)
09/09/14 20:39:17 fiduciaweb: Servlet error
java.lang.NullPointerException
	at com.bancomext.negocio.FiduciaBD.DataCombos(FiduciaBD.java:884)
	at _FI__Instruccion2._jspService(FI_Instruccion2.jsp:979)
	at com.orionserver[Oracle Application Server Containers for J2EE 10g (10.1.2.2.0)].http.OrionHttpJspPage.service(OrionHttpJspPage.java:56)
	at oracle.jsp.runtimev2.JspPageTable.service(JspPageTable.java:356)
	at oracle.jsp.runtimev2.JspServlet.internalService(JspServlet.java:498)
	at oracle.jsp.runtimev2.JspServlet.service(JspServlet.java:402)
	at javax.servlet.http.HttpServlet.service(HttpServlet.java:853)
	at com.evermind[Oracle Application Server Containers for J2EE 10g (10.1.2.2.0)].server.http.ResourceFilterChain.doFilter(ResourceFilterChain.java:65)
	at oracle.security.jazn.oc4j.JAZNFilter.doFilter(Unknown Source)
	at com.evermind[Oracle Application Server Containers for J2EE 10g (10.1.2.2.0)].server.http.ServletRequestDispatcher.invoke(ServletRequestDispatcher.java:673)
	at com.evermind[Oracle Application Server Containers for J2EE 10g (10.1.2.2.0)].server.http.ServletRequestDispatcher.forwardInternal(ServletRequestDispatcher.java:340)
	at com.evermind[Oracle Application Server Containers for J2EE 10g (10.1.2.2.0)].server.http.HttpRequestHandler.processRequest(HttpRequestHandler.java:830)
	at com.evermind[Oracle Application Server Containers for J2EE 10g (10.1.2.2.0)].server.http.HttpRequestHandler.run(HttpRequestHandler.java:285)
	at com.evermind[Oracle Application Server Containers for J2EE 10g (10.1.2.2.0)].server.http.HttpRequestHandler.run(HttpRequestHandler.java:126)
	at com.evermind[Oracle Application Server Containers for J2EE 10g (10.1.2.2.0)].util.ReleasableResourcePooledExecutor$MyWorker.run(ReleasableResourcePooledExecutor.java:186)
	at java.lang.Thread.run(Thread.java:534)
09/09/14 20:40:15 Started
09/09/14 20:40:17 fiduciaweb: JDevOJSP: init
09/09/14 20:40:17 fiduciaweb: Started
09/09/14 20:44:18 fiduciaweb: Servlet error
java.lang.NullPointerException
	at _FI__Instruccion2._jspService(FI_Instruccion2.jsp:102)
	at com.orionserver[Oracle Application Server Containers for J2EE 10g (10.1.2.2.0)].http.OrionHttpJspPage.service(OrionHttpJspPage.java:56)
	at oracle.jsp.runtimev2.JspPageTable.service(JspPageTable.java:356)
	at oracle.jsp.runtimev2.JspServlet.internalService(JspServlet.java:498)
	at oracle.jsp.runtimev2.JspServlet.service(JspServlet.java:402)
	at javax.servlet.http.HttpServlet.service(HttpServlet.java:853)
	at com.evermind[Oracle Application Server Containers for J2EE 10g (10.1.2.2.0)].server.http.ResourceFilterChain.doFilter(ResourceFilterChain.java:65)
	at oracle.security.jazn.oc4j.JAZNFilter.doFilter(Unknown Source)
	at com.evermind[Oracle Application Server Containers for J2EE 10g (10.1.2.2.0)].server.http.ServletRequestDispatcher.invoke(ServletRequestDispatcher.java:673)
	at com.evermind[Oracle Application Server Containers for J2EE 10g (10.1.2.2.0)].server.http.ServletRequestDispatcher.forwardInternal(ServletRequestDispatcher.java:340)
	at com.evermind[Oracle Application Server Containers for J2EE 10g (10.1.2.2.0)].server.http.HttpRequestHandler.processRequest(HttpRequestHandler.java:830)
	at com.evermind[Oracle Application Server Containers for J2EE 10g (10.1.2.2.0)].server.http.HttpRequestHandler.run(HttpRequestHandler.java:285)
	at com.evermind[Oracle Application Server Containers for J2EE 10g (10.1.2.2.0)].server.http.HttpRequestHandler.run(HttpRequestHandler.java:126)
	at com.evermind[Oracle Application Server Containers for J2EE 10g (10.1.2.2.0)].util.ReleasableResourcePooledExecutor$MyWorker.run(ReleasableResourcePooledExecutor.java:192)
	at java.lang.Thread.run(Thread.java:534)
09/09/14 20:44:45 fiduciaweb: Servlet error
java.lang.NullPointerException
	at _FI__Instruccion2._jspService(FI_Instruccion2.jsp:102)
	at com.orionserver[Oracle Application Server Containers for J2EE 10g (10.1.2.2.0)].http.OrionHttpJspPage.service(OrionHttpJspPage.java:56)
	at oracle.jsp.runtimev2.JspPageTable.service(JspPageTable.java:356)
	at oracle.jsp.runtimev2.JspServlet.internalService(JspServlet.java:498)
	at oracle.jsp.runtimev2.JspServlet.service(JspServlet.java:402)
	at javax.servlet.http.HttpServlet.service(HttpServlet.java:853)
	at com.evermind[Oracle Application Server Containers for J2EE 10g (10.1.2.2.0)].server.http.ResourceFilterChain.doFilter(ResourceFilterChain.java:65)
	at oracle.security.jazn.oc4j.JAZNFilter.doFilter(Unknown Source)
	at com.evermind[Oracle Application Server Containers for J2EE 10g (10.1.2.2.0)].server.http.ServletRequestDispatcher.invoke(ServletRequestDispatcher.java:673)
	at com.evermind[Oracle Application Server Containers for J2EE 10g (10.1.2.2.0)].server.http.ServletRequestDispatcher.forwardInternal(ServletRequestDispatcher.java:340)
	at com.evermind[Oracle Application Server Containers for J2EE 10g (10.1.2.2.0)].server.http.HttpRequestHandler.processRequest(HttpRequestHandler.java:830)
	at com.evermind[Oracle Application Server Containers for J2EE 10g (10.1.2.2.0)].server.http.HttpRequestHandler.run(HttpRequestHandler.java:285)
	at com.evermind[Oracle Application Server Containers for J2EE 10g (10.1.2.2.0)].server.http.HttpRequestHandler.run(HttpRequestHandler.java:126)
	at com.evermind[Oracle Application Server Containers for J2EE 10g (10.1.2.2.0)].util.ReleasableResourcePooledExecutor$MyWorker.run(ReleasableResourcePooledExecutor.java:192)
	at java.lang.Thread.run(Thread.java:534)
09/09/14 20:46:38 Started
09/09/14 20:46:40 fiduciaweb: JDevOJSP: init
09/09/14 20:46:40 fiduciaweb: Started
09/09/14 20:47:35 fiduciaweb: Servlet error
java.lang.NullPointerException
	at _FI__Instruccion2._jspService(FI_Instruccion2.jsp:102)
	at com.orionserver[Oracle Application Server Containers for J2EE 10g (10.1.2.2.0)].http.OrionHttpJspPage.service(OrionHttpJspPage.java:56)
	at oracle.jsp.runtimev2.JspPageTable.service(JspPageTable.java:356)
	at oracle.jsp.runtimev2.JspServlet.internalService(JspServlet.java:498)
	at oracle.jsp.runtimev2.JspServlet.service(JspServlet.java:402)
	at javax.servlet.http.HttpServlet.service(HttpServlet.java:853)
	at com.evermind[Oracle Application Server Containers for J2EE 10g (10.1.2.2.0)].server.http.ResourceFilterChain.doFilter(ResourceFilterChain.java:65)
	at oracle.security.jazn.oc4j.JAZNFilter.doFilter(Unknown Source)
	at com.evermind[Oracle Application Server Containers for J2EE 10g (10.1.2.2.0)].server.http.ServletRequestDispatcher.invoke(ServletRequestDispatcher.java:673)
	at com.evermind[Oracle Application Server Containers for J2EE 10g (10.1.2.2.0)].server.http.ServletRequestDispatcher.forwardInternal(ServletRequestDispatcher.java:340)
	at com.evermind[Oracle Application Server Containers for J2EE 10g (10.1.2.2.0)].server.http.HttpRequestHandler.processRequest(HttpRequestHandler.java:830)
	at com.evermind[Oracle Application Server Containers for J2EE 10g (10.1.2.2.0)].server.http.HttpRequestHandler.run(HttpRequestHandler.java:285)
	at com.evermind[Oracle Application Server Containers for J2EE 10g (10.1.2.2.0)].server.http.HttpRequestHandler.run(HttpRequestHandler.java:126)
	at com.evermind[Oracle Application Server Containers for J2EE 10g (10.1.2.2.0)].util.ReleasableResourcePooledExecutor$MyWorker.run(ReleasableResourcePooledExecutor.java:192)
	at java.lang.Thread.run(Thread.java:534)
09/09/14 20:48:54 Started
09/09/14 20:48:56 fiduciaweb: JDevOJSP: init
09/09/14 20:48:56 fiduciaweb: Started
09/09/14 20:49:49 fiduciaweb: Servlet error
java.lang.NullPointerException
	at _FI__Instruccion2._jspService(FI_Instruccion2.jsp:1584)
	at com.orionserver[Oracle Application Server Containers for J2EE 10g (10.1.2.2.0)].http.OrionHttpJspPage.service(OrionHttpJspPage.java:56)
	at oracle.jsp.runtimev2.JspPageTable.service(JspPageTable.java:356)
	at oracle.jsp.runtimev2.JspServlet.internalService(JspServlet.java:498)
	at oracle.jsp.runtimev2.JspServlet.service(JspServlet.java:402)
	at javax.servlet.http.HttpServlet.service(HttpServlet.java:853)
	at com.evermind[Oracle Application Server Containers for J2EE 10g (10.1.2.2.0)].server.http.ResourceFilterChain.doFilter(ResourceFilterChain.java:65)
	at oracle.security.jazn.oc4j.JAZNFilter.doFilter(Unknown Source)
	at com.evermind[Oracle Application Server Containers for J2EE 10g (10.1.2.2.0)].server.http.ServletRequestDispatcher.invoke(ServletRequestDispatcher.java:673)
	at com.evermind[Oracle Application Server Containers for J2EE 10g (10.1.2.2.0)].server.http.ServletRequestDispatcher.forwardInternal(ServletRequestDispatcher.java:340)
	at com.evermind[Oracle Application Server Containers for J2EE 10g (10.1.2.2.0)].server.http.HttpRequestHandler.processRequest(HttpRequestHandler.java:830)
	at com.evermind[Oracle Application Server Containers for J2EE 10g (10.1.2.2.0)].server.http.HttpRequestHandler.run(HttpRequestHandler.java:285)
	at com.evermind[Oracle Application Server Containers for J2EE 10g (10.1.2.2.0)].server.http.HttpRequestHandler.run(HttpRequestHandler.java:126)
	at com.evermind[Oracle Application Server Containers for J2EE 10g (10.1.2.2.0)].util.ReleasableResourcePooledExecutor$MyWorker.run(ReleasableResourcePooledExecutor.java:192)
	at java.lang.Thread.run(Thread.java:534)
09/09/14 20:51:44 Started
09/09/14 20:51:46 fiduciaweb: JDevOJSP: init
09/09/14 20:51:46 fiduciaweb: Started
09/09/14 20:53:32 Started
09/09/14 20:53:33 fiduciaweb: JDevOJSP: init
09/09/14 20:53:33 fiduciaweb: Started
09/09/14 20:57:19 fiduciaweb: JspServlet: No se ha podido distribuir a la página solicitada: java.lang.ClassNotFoundException: _imagenes._msur01
	at oracle.jsp.runtimev2.JspClassLoader.loadClass(JspClassLoader.java:875)
	at java.lang.ClassLoader.loadClass(ClassLoader.java:235)
	at oracle.jsp.runtimev2.JspPageInfo.getInstFacade(JspPageInfo.java:172)
	at oracle.jsp.runtimev2.JspPageInfo.compileAndLoad(JspPageInfo.java:516)
	at oracle.jsp.runtimev2.JspPageTable.compileAndServe(JspPageTable.java:548)
	at oracle.jsp.runtimev2.JspPageTable.service(JspPageTable.java:311)
	at oracle.jsp.runtimev2.JspServlet.internalService(JspServlet.java:498)
	at oracle.jsp.runtimev2.JspServlet.service(JspServlet.java:402)
	at javax.servlet.http.HttpServlet.service(HttpServlet.java:853)
	at com.evermind.server.http.ResourceFilterChain.doFilter(ResourceFilterChain.java:65)
	at oracle.security.jazn.oc4j.JAZNFilter.doFilter(Unknown Source)
	at com.evermind.server.http.ServletRequestDispatcher.invoke(ServletRequestDispatcher.java:673)
	at com.evermind.server.http.ServletRequestDispatcher.forwardInternal(ServletRequestDispatcher.java:340)
	at com.evermind.server.http.HttpRequestHandler.processRequest(HttpRequestHandler.java:830)
	at com.evermind.server.http.HttpRequestHandler.run(HttpRequestHandler.java:285)
	at com.evermind.server.http.HttpRequestHandler.run(HttpRequestHandler.java:126)
	at com.evermind.util.ReleasableResourcePooledExecutor$MyWorker.run(ReleasableResourcePooledExecutor.java:192)
	at java.lang.Thread.run(Thread.java:534)

09/09/14 23:45:08 Started
09/09/14 23:45:12 fiduciaweb: JDevOJSP: init
09/09/14 23:45:12 fiduciaweb: Started
09/09/14 23:52:41 Started
09/09/14 23:52:43 fiduciaweb: JDevOJSP: init
09/09/14 23:52:43 fiduciaweb: Started
09/09/14 23:53:47 fiduciaweb: Connection reset by peer: socket write error
09/09/14 23:53:47 fiduciaweb: Connection reset by peer: socket write error
09/09/14 23:53:47 fiduciaweb: Connection reset by peer: socket write error
09/09/14 23:53:47 fiduciaweb: Connection reset by peer: socket write error
09/09/14 23:54:08 Started
09/09/14 23:54:09 fiduciaweb: JDevOJSP: init
09/09/14 23:54:09 fiduciaweb: Started
09/09/14 23:59:21 Started
09/09/14 23:59:23 fiduciaweb: JDevOJSP: init
09/09/14 23:59:23 fiduciaweb: Started
09/09/15 00:00:51 Started
09/09/15 00:00:53 fiduciaweb: JDevOJSP: init
09/09/15 00:00:53 fiduciaweb: Started
09/09/15 00:17:51 Started
09/09/15 00:17:53 fiduciaweb: JDevOJSP: init
09/09/15 00:17:53 fiduciaweb: Started
09/09/15 00:21:39 fiduciaweb: JspServlet: No se ha podido distribuir a la página solicitada: java.lang.ClassNotFoundException: _imagenes._msur01
	at oracle.jsp.runtimev2.JspClassLoader.loadClass(JspClassLoader.java:875)
	at java.lang.ClassLoader.loadClass(ClassLoader.java:235)
	at oracle.jsp.runtimev2.JspPageInfo.getInstFacade(JspPageInfo.java:172)
	at oracle.jsp.runtimev2.JspPageInfo.compileAndLoad(JspPageInfo.java:516)
	at oracle.jsp.runtimev2.JspPageTable.compileAndServe(JspPageTable.java:548)
	at oracle.jsp.runtimev2.JspPageTable.service(JspPageTable.java:311)
	at oracle.jsp.runtimev2.JspServlet.internalService(JspServlet.java:498)
	at oracle.jsp.runtimev2.JspServlet.service(JspServlet.java:402)
	at javax.servlet.http.HttpServlet.service(HttpServlet.java:853)
	at com.evermind.server.http.ResourceFilterChain.doFilter(ResourceFilterChain.java:65)
	at oracle.security.jazn.oc4j.JAZNFilter.doFilter(Unknown Source)
	at com.evermind.server.http.ServletRequestDispatcher.invoke(ServletRequestDispatcher.java:673)
	at com.evermind.server.http.ServletRequestDispatcher.forwardInternal(ServletRequestDispatcher.java:340)
	at com.evermind.server.http.HttpRequestHandler.processRequest(HttpRequestHandler.java:830)
	at com.evermind.server.http.HttpRequestHandler.run(HttpRequestHandler.java:285)
	at com.evermind.server.http.HttpRequestHandler.run(HttpRequestHandler.java:126)
	at com.evermind.util.ReleasableResourcePooledExecutor$MyWorker.run(ReleasableResourcePooledExecutor.java:192)
	at java.lang.Thread.run(Thread.java:534)

09/09/15 17:45:26 Started
09/09/15 17:45:28 fiduciaweb: JDevOJSP: init
09/09/15 17:45:28 fiduciaweb: Started
09/09/17 15:19:46 Started
09/09/17 15:19:50 fiduciaweb: JDevOJSP: init
09/09/17 15:19:50 fiduciaweb: Started
09/09/17 15:24:15 Started
09/09/17 15:24:16 fiduciaweb: JDevOJSP: init
09/09/17 15:24:16 fiduciaweb: Started
09/09/17 15:44:46 Started
09/09/17 15:44:50 fiduciaweb: JDevOJSP: init
09/09/17 15:44:50 fiduciaweb: Started
09/09/17 15:50:01 fiduciaweb: JspServlet: No se ha podido distribuir a la página solicitada: java.lang.ClassNotFoundException: _imagenes._msur01
	at oracle.jsp.runtimev2.JspClassLoader.loadClass(JspClassLoader.java:875)
	at java.lang.ClassLoader.loadClass(ClassLoader.java:235)
	at oracle.jsp.runtimev2.JspPageInfo.getInstFacade(JspPageInfo.java:172)
	at oracle.jsp.runtimev2.JspPageInfo.compileAndLoad(JspPageInfo.java:516)
	at oracle.jsp.runtimev2.JspPageTable.compileAndServe(JspPageTable.java:548)
	at oracle.jsp.runtimev2.JspPageTable.service(JspPageTable.java:311)
	at oracle.jsp.runtimev2.JspServlet.internalService(JspServlet.java:498)
	at oracle.jsp.runtimev2.JspServlet.service(JspServlet.java:402)
	at javax.servlet.http.HttpServlet.service(HttpServlet.java:853)
	at com.evermind.server.http.ResourceFilterChain.doFilter(ResourceFilterChain.java:65)
	at oracle.security.jazn.oc4j.JAZNFilter.doFilter(Unknown Source)
	at com.evermind.server.http.ServletRequestDispatcher.invoke(ServletRequestDispatcher.java:673)
	at com.evermind.server.http.ServletRequestDispatcher.forwardInternal(ServletRequestDispatcher.java:340)
	at com.evermind.server.http.HttpRequestHandler.processRequest(HttpRequestHandler.java:830)
	at com.evermind.server.http.HttpRequestHandler.run(HttpRequestHandler.java:285)
	at com.evermind.server.http.HttpRequestHandler.run(HttpRequestHandler.java:126)
	at com.evermind.util.ReleasableResourcePooledExecutor$MyWorker.run(ReleasableResourcePooledExecutor.java:186)
	at java.lang.Thread.run(Thread.java:534)

09/09/17 15:53:38 Started
09/09/17 15:53:40 fiduciaweb: JDevOJSP: init
09/09/17 15:53:40 fiduciaweb: Started
09/09/17 15:56:26 Started
09/09/17 15:56:28 fiduciaweb: JDevOJSP: init
09/09/17 15:56:28 fiduciaweb: Started
09/09/17 15:59:13 Started
09/09/17 15:59:15 fiduciaweb: JDevOJSP: init
09/09/17 15:59:15 fiduciaweb: Started
09/09/17 16:00:00 Started
09/09/17 16:00:02 fiduciaweb: JDevOJSP: init
09/09/17 16:00:02 fiduciaweb: Started
09/09/17 16:01:58 fiduciaweb: JspServlet: No se ha podido distribuir a la página solicitada: java.lang.ClassNotFoundException: _imagenes._msur01
	at oracle.jsp.runtimev2.JspClassLoader.loadClass(JspClassLoader.java:875)
	at java.lang.ClassLoader.loadClass(ClassLoader.java:235)
	at oracle.jsp.runtimev2.JspPageInfo.getInstFacade(JspPageInfo.java:172)
	at oracle.jsp.runtimev2.JspPageInfo.compileAndLoad(JspPageInfo.java:516)
	at oracle.jsp.runtimev2.JspPageTable.compileAndServe(JspPageTable.java:548)
	at oracle.jsp.runtimev2.JspPageTable.service(JspPageTable.java:311)
	at oracle.jsp.runtimev2.JspServlet.internalService(JspServlet.java:498)
	at oracle.jsp.runtimev2.JspServlet.service(JspServlet.java:402)
	at javax.servlet.http.HttpServlet.service(HttpServlet.java:853)
	at com.evermind.server.http.ResourceFilterChain.doFilter(ResourceFilterChain.java:65)
	at oracle.security.jazn.oc4j.JAZNFilter.doFilter(Unknown Source)
	at com.evermind.server.http.ServletRequestDispatcher.invoke(ServletRequestDispatcher.java:673)
	at com.evermind.server.http.ServletRequestDispatcher.forwardInternal(ServletRequestDispatcher.java:340)
	at com.evermind.server.http.HttpRequestHandler.processRequest(HttpRequestHandler.java:830)
	at com.evermind.server.http.HttpRequestHandler.run(HttpRequestHandler.java:285)
	at com.evermind.server.http.HttpRequestHandler.run(HttpRequestHandler.java:126)
	at com.evermind.util.ReleasableResourcePooledExecutor$MyWorker.run(ReleasableResourcePooledExecutor.java:192)
	at java.lang.Thread.run(Thread.java:534)

09/09/17 16:02:40 Started
09/09/17 16:02:42 fiduciaweb: JDevOJSP: init
09/09/17 16:02:42 fiduciaweb: Started
09/09/17 16:04:31 fiduciaweb: JspServlet: No se ha podido distribuir a la página solicitada: java.lang.IllegalArgumentException: Attempted to write longer than Content-Length (8179 + 5173 / 8179)
	at com.evermind.server.http.EvermindServletOutputStream.write(EvermindServletOutputStream.java:177)
	at com.evermind.server.http.EvermindJSPWriter.writeOut(EvermindJSPWriter.java:481)
	at com.evermind.server.http.EvermindJSPWriter.jspflush(EvermindJSPWriter.java:398)
	at com.evermind.server.http.EvermindJSPWriter.close(EvermindJSPWriter.java:369)
	at oracle.jsp.runtime.OracleJspRuntime.extraHandlePCFinally(OracleJspRuntime.java:1398)
	at _opciones__2._jspService(opciones_2.jsp:285)
	at com.orionserver.http.OrionHttpJspPage.service(OrionHttpJspPage.java:56)
	at oracle.jsp.runtimev2.JspPageTable.service(JspPageTable.java:356)
	at oracle.jsp.runtimev2.JspServlet.internalService(JspServlet.java:498)
	at oracle.jsp.runtimev2.JspServlet.service(JspServlet.java:402)
	at javax.servlet.http.HttpServlet.service(HttpServlet.java:853)
	at com.evermind.server.http.ResourceFilterChain.doFilter(ResourceFilterChain.java:65)
	at oracle.security.jazn.oc4j.JAZNFilter.doFilter(Unknown Source)
	at com.evermind.server.http.ServletRequestDispatcher.invoke(ServletRequestDispatcher.java:673)
	at com.evermind.server.http.ServletRequestDispatcher.forwardInternal(ServletRequestDispatcher.java:340)
	at com.evermind.server.http.HttpRequestHandler.processRequest(HttpRequestHandler.java:830)
	at com.evermind.server.http.HttpRequestHandler.run(HttpRequestHandler.java:285)
	at com.evermind.server.http.HttpRequestHandler.run(HttpRequestHandler.java:126)
	at com.evermind.util.ReleasableResourcePooledExecutor$MyWorker.run(ReleasableResourcePooledExecutor.java:192)
	at java.lang.Thread.run(Thread.java:534)

09/09/17 16:04:31 fiduciaweb: OracleJSP:
<HTML><BODY>
<P> <H2  ALIGN=CENTER>Error JSP:</H2> <HR  ALIGN=CENTER> <P>
<P><H3>URI de Solicitud:/fiduciaweb/opciones_2.jsp</H3><P>
<H3>Excepción:</H3>java.lang.IllegalArgumentException: Attempted to write longer than Content-Length (8179 + 5173 / 8179)
	at com.evermind.server.http.EvermindServletOutputStream.write(EvermindServletOutputStream.java:177)
	at com.evermind.server.http.EvermindJSPWriter.writeOut(EvermindJSPWriter.java:481)
	at com.evermind.server.http.EvermindJSPWriter.jspflush(EvermindJSPWriter.java:398)
	at com.evermind.server.http.EvermindJSPWriter.close(EvermindJSPWriter.java:369)
	at oracle.jsp.runtime.OracleJspRuntime.extraHandlePCFinally(OracleJspRuntime.java:1398)
	at _opciones__2._jspService(opciones_2.jsp:285)
	[SRC:/opciones_2.jsp]
	at com.orionserver.http.OrionHttpJspPage.service(OrionHttpJspPage.java:56)
	at oracle.jsp.runtimev2.JspPageTable.service(JspPageTable.java:356)
	at oracle.jsp.runtimev2.JspServlet.internalService(JspServlet.java:498)
	at oracle.jsp.runtimev2.JspServlet.service(JspServlet.java:402)
	at javax.servlet.http.HttpServlet.service(HttpServlet.java:853)
	at com.evermind.server.http.ResourceFilterChain.doFilter(ResourceFilterChain.java:65)
	at oracle.security.jazn.oc4j.JAZNFilter.doFilter(Unknown Source)
	at com.evermind.server.http.ServletRequestDispatcher.invoke(ServletRequestDispatcher.java:673)
	at com.evermind.server.http.ServletRequestDispatcher.forwardInternal(ServletRequestDispatcher.java:340)
	at com.evermind.server.http.HttpRequestHandler.processRequest(HttpRequestHandler.java:830)
	at com.evermind.server.http.HttpRequestHandler.run(HttpRequestHandler.java:285)
	at com.evermind.server.http.HttpRequestHandler.run(HttpRequestHandler.java:126)
	at com.evermind.util.ReleasableResourcePooledExecutor$MyWorker.run(ReleasableResourcePooledExecutor.java:192)
	at java.lang.Thread.run(Thread.java:534)

<P><P><HR ALIGN=CENTER>
</HTML></BODY>

09/09/17 16:06:15 Started
09/09/17 16:06:16 fiduciaweb: JDevOJSP: init
09/09/17 16:06:16 fiduciaweb: Started
09/09/17 16:10:08 Started
09/09/17 16:10:10 fiduciaweb: JDevOJSP: init
09/09/17 16:10:10 fiduciaweb: Started
09/09/17 16:36:04 Started
09/09/17 16:36:06 fiduciaweb: JDevOJSP: init
09/09/17 16:36:06 fiduciaweb: Started
09/09/17 16:42:19 Started
09/09/17 16:42:21 fiduciaweb: JDevOJSP: init
09/09/17 16:42:21 fiduciaweb: Started
09/09/17 18:19:19 Started
09/09/17 18:19:21 fiduciaweb: JDevOJSP: init
09/09/17 18:19:21 fiduciaweb: Started
09/09/17 23:00:23 Started
09/09/17 23:00:25 fiduciaweb: JDevOJSP: init
09/09/17 23:00:25 fiduciaweb: Started
09/09/17 23:27:26 fiduciaweb: Servlet error
java.lang.NumberFormatException: For input string: "Selecciona Contrato"
	at java.lang.NumberFormatException.forInputString(NumberFormatException.java:48)
	at java.lang.Integer.parseInt(Integer.java:468)
	at java.lang.Integer.parseInt(Integer.java:518)
	at _FI__Instruccion1._jspService(FI_Instruccion1.jsp:136)
	at com.orionserver[Oracle Application Server Containers for J2EE 10g (10.1.2.2.0)].http.OrionHttpJspPage.service(OrionHttpJspPage.java:56)
	at oracle.jsp.runtimev2.JspPageTable.service(JspPageTable.java:356)
	at oracle.jsp.runtimev2.JspServlet.internalService(JspServlet.java:498)
	at oracle.jsp.runtimev2.JspServlet.service(JspServlet.java:402)
	at javax.servlet.http.HttpServlet.service(HttpServlet.java:853)
	at com.evermind[Oracle Application Server Containers for J2EE 10g (10.1.2.2.0)].server.http.ResourceFilterChain.doFilter(ResourceFilterChain.java:65)
	at oracle.security.jazn.oc4j.JAZNFilter.doFilter(Unknown Source)
	at com.evermind[Oracle Application Server Containers for J2EE 10g (10.1.2.2.0)].server.http.ServletRequestDispatcher.invoke(ServletRequestDispatcher.java:673)
	at com.evermind[Oracle Application Server Containers for J2EE 10g (10.1.2.2.0)].server.http.ServletRequestDispatcher.forwardInternal(ServletRequestDispatcher.java:340)
	at com.evermind[Oracle Application Server Containers for J2EE 10g (10.1.2.2.0)].server.http.HttpRequestHandler.processRequest(HttpRequestHandler.java:830)
	at com.evermind[Oracle Application Server Containers for J2EE 10g (10.1.2.2.0)].server.http.HttpRequestHandler.run(HttpRequestHandler.java:285)
	at com.evermind[Oracle Application Server Containers for J2EE 10g (10.1.2.2.0)].server.http.HttpRequestHandler.run(HttpRequestHandler.java:126)
	at com.evermind[Oracle Application Server Containers for J2EE 10g (10.1.2.2.0)].util.ReleasableResourcePooledExecutor$MyWorker.run(ReleasableResourcePooledExecutor.java:192)
	at java.lang.Thread.run(Thread.java:534)
09/09/17 23:50:37 Started
09/09/17 23:50:39 fiduciaweb: JDevOJSP: init
09/09/17 23:50:39 fiduciaweb: Started
09/09/18 18:01:09 Started
09/09/18 18:01:11 fiduciaweb: JDevOJSP: init
09/09/18 18:01:11 fiduciaweb: Started
09/09/22 01:12:51 Started
09/09/22 01:12:56 fiduciaweb: JDevOJSP: init
09/09/22 01:12:56 fiduciaweb: Started
09/09/22 01:18:01 Started
09/09/22 01:18:03 fiduciaweb: JDevOJSP: init
09/09/22 01:18:03 fiduciaweb: Started
09/09/22 01:19:14 Started
09/09/22 01:19:16 fiduciaweb: JDevOJSP: init
09/09/22 01:19:16 fiduciaweb: Started
09/09/22 01:23:50 fiduciaweb: Servlet error
java.lang.NullPointerException
	at java.text.DecimalFormat.parse(DecimalFormat.java:1045)
	at java.text.NumberFormat.parse(NumberFormat.java:312)
	at _confirmarInst__10._jspService(confirmarInst_10.jsp:63)
	at com.orionserver[Oracle Application Server Containers for J2EE 10g (10.1.2.2.0)].http.OrionHttpJspPage.service(OrionHttpJspPage.java:56)
	at oracle.jsp.runtimev2.JspPageTable.service(JspPageTable.java:356)
	at oracle.jsp.runtimev2.JspServlet.internalService(JspServlet.java:498)
	at oracle.jsp.runtimev2.JspServlet.service(JspServlet.java:402)
	at javax.servlet.http.HttpServlet.service(HttpServlet.java:853)
	at com.evermind[Oracle Application Server Containers for J2EE 10g (10.1.2.2.0)].server.http.ResourceFilterChain.doFilter(ResourceFilterChain.java:65)
	at oracle.security.jazn.oc4j.JAZNFilter.doFilter(Unknown Source)
	at com.evermind[Oracle Application Server Containers for J2EE 10g (10.1.2.2.0)].server.http.ServletRequestDispatcher.invoke(ServletRequestDispatcher.java:673)
	at com.evermind[Oracle Application Server Containers for J2EE 10g (10.1.2.2.0)].server.http.ServletRequestDispatcher.forwardInternal(ServletRequestDispatcher.java:340)
	at com.evermind[Oracle Application Server Containers for J2EE 10g (10.1.2.2.0)].server.http.HttpRequestHandler.processRequest(HttpRequestHandler.java:830)
	at com.evermind[Oracle Application Server Containers for J2EE 10g (10.1.2.2.0)].server.http.HttpRequestHandler.run(HttpRequestHandler.java:285)
	at com.evermind[Oracle Application Server Containers for J2EE 10g (10.1.2.2.0)].server.http.HttpRequestHandler.run(HttpRequestHandler.java:126)
	at com.evermind[Oracle Application Server Containers for J2EE 10g (10.1.2.2.0)].util.ReleasableResourcePooledExecutor$MyWorker.run(ReleasableResourcePooledExecutor.java:192)
	at java.lang.Thread.run(Thread.java:534)
09/09/22 01:25:33 Started
09/09/22 01:25:34 fiduciaweb: JDevOJSP: init
09/09/22 01:25:34 fiduciaweb: Started
09/09/22 01:25:46 Started
09/09/22 01:25:48 fiduciaweb: JDevOJSP: init
09/09/22 01:25:48 fiduciaweb: Started
09/09/22 01:35:25 Started
09/09/22 01:35:27 fiduciaweb: JDevOJSP: init
09/09/22 01:35:27 fiduciaweb: Started
09/09/22 01:42:23 Started
09/09/22 01:42:25 fiduciaweb: JDevOJSP: init
09/09/22 01:42:25 fiduciaweb: Started
09/09/22 02:31:10 Started
09/09/22 02:31:12 fiduciaweb: JDevOJSP: init
09/09/22 02:31:12 fiduciaweb: Started
09/09/22 23:36:12 Started
09/09/22 23:36:14 fiduciaweb: JDevOJSP: init
09/09/22 23:36:14 fiduciaweb: Started
09/09/22 23:36:22 fiduciaweb: Servlet error
java.lang.NullPointerException
	at _FI__ValidUser._jspService(FI_ValidUser.jsp:97)
	at com.orionserver[Oracle Application Server Containers for J2EE 10g (10.1.2.2.0)].http.OrionHttpJspPage.service(OrionHttpJspPage.java:56)
	at oracle.jsp.runtimev2.JspPageTable.service(JspPageTable.java:356)
	at oracle.jsp.runtimev2.JspServlet.internalService(JspServlet.java:498)
	at oracle.jsp.runtimev2.JspServlet.service(JspServlet.java:402)
	at javax.servlet.http.HttpServlet.service(HttpServlet.java:853)
	at com.evermind[Oracle Application Server Containers for J2EE 10g (10.1.2.2.0)].server.http.ResourceFilterChain.doFilter(ResourceFilterChain.java:65)
	at oracle.security.jazn.oc4j.JAZNFilter.doFilter(Unknown Source)
	at com.evermind[Oracle Application Server Containers for J2EE 10g (10.1.2.2.0)].server.http.ServletRequestDispatcher.invoke(ServletRequestDispatcher.java:673)
	at com.evermind[Oracle Application Server Containers for J2EE 10g (10.1.2.2.0)].server.http.ServletRequestDispatcher.forwardInternal(ServletRequestDispatcher.java:340)
	at com.evermind[Oracle Application Server Containers for J2EE 10g (10.1.2.2.0)].server.http.HttpRequestHandler.processRequest(HttpRequestHandler.java:830)
	at com.evermind[Oracle Application Server Containers for J2EE 10g (10.1.2.2.0)].server.http.HttpRequestHandler.run(HttpRequestHandler.java:285)
	at com.evermind[Oracle Application Server Containers for J2EE 10g (10.1.2.2.0)].server.http.HttpRequestHandler.run(HttpRequestHandler.java:126)
	at com.evermind[Oracle Application Server Containers for J2EE 10g (10.1.2.2.0)].util.ReleasableResourcePooledExecutor$MyWorker.run(ReleasableResourcePooledExecutor.java:192)
	at java.lang.Thread.run(Thread.java:534)
09/09/23 00:18:11 Started
09/09/23 00:18:13 fiduciaweb: JDevOJSP: init
09/09/23 00:18:13 fiduciaweb: Started
09/09/23 00:23:21 Started
09/09/23 00:23:23 fiduciaweb: JDevOJSP: init
09/09/23 00:23:23 fiduciaweb: Started
09/09/25 19:28:24 Started
09/09/25 19:28:26 fiduciaweb: JDevOJSP: init
09/09/25 19:28:26 fiduciaweb: Started
09/09/25 19:34:39 Started
09/09/25 19:34:41 fiduciaweb: JDevOJSP: init
09/09/25 19:34:41 fiduciaweb: Started
09/09/28 00:23:10 Started
09/09/28 00:23:15 fiduciaweb: JDevOJSP: init
09/09/28 00:23:15 fiduciaweb: Started
09/09/28 00:23:23 fiduciaweb: Servlet error
java.lang.NullPointerException
	at _FI__ValidUser._jspService(FI_ValidUser.jsp:97)
	at com.orionserver[Oracle Application Server Containers for J2EE 10g (10.1.2.2.0)].http.OrionHttpJspPage.service(OrionHttpJspPage.java:56)
	at oracle.jsp.runtimev2.JspPageTable.service(JspPageTable.java:356)
	at oracle.jsp.runtimev2.JspServlet.internalService(JspServlet.java:498)
	at oracle.jsp.runtimev2.JspServlet.service(JspServlet.java:402)
	at javax.servlet.http.HttpServlet.service(HttpServlet.java:853)
	at com.evermind[Oracle Application Server Containers for J2EE 10g (10.1.2.2.0)].server.http.ResourceFilterChain.doFilter(ResourceFilterChain.java:65)
	at oracle.security.jazn.oc4j.JAZNFilter.doFilter(Unknown Source)
	at com.evermind[Oracle Application Server Containers for J2EE 10g (10.1.2.2.0)].server.http.ServletRequestDispatcher.invoke(ServletRequestDispatcher.java:673)
	at com.evermind[Oracle Application Server Containers for J2EE 10g (10.1.2.2.0)].server.http.ServletRequestDispatcher.forwardInternal(ServletRequestDispatcher.java:340)
	at com.evermind[Oracle Application Server Containers for J2EE 10g (10.1.2.2.0)].server.http.HttpRequestHandler.processRequest(HttpRequestHandler.java:830)
	at com.evermind[Oracle Application Server Containers for J2EE 10g (10.1.2.2.0)].server.http.HttpRequestHandler.run(HttpRequestHandler.java:285)
	at com.evermind[Oracle Application Server Containers for J2EE 10g (10.1.2.2.0)].server.http.HttpRequestHandler.run(HttpRequestHandler.java:126)
	at com.evermind[Oracle Application Server Containers for J2EE 10g (10.1.2.2.0)].util.ReleasableResourcePooledExecutor$MyWorker.run(ReleasableResourcePooledExecutor.java:192)
	at java.lang.Thread.run(Thread.java:534)
09/09/28 00:52:05 Started
09/09/28 00:52:08 fiduciaweb: JDevOJSP: init
09/09/28 00:52:08 fiduciaweb: Started
09/09/28 02:54:01 Started
09/09/28 02:54:04 fiduciaweb: JDevOJSP: init
09/09/28 02:54:04 fiduciaweb: Started
09/09/28 02:55:05 Started
09/09/28 02:55:07 fiduciaweb: JDevOJSP: init
09/09/28 02:55:07 fiduciaweb: Started
09/09/28 02:55:59 Started
09/09/28 02:56:01 fiduciaweb: JDevOJSP: init
09/09/28 02:56:01 fiduciaweb: Started
09/09/29 23:20:10 Started
09/09/29 23:20:12 fiduciaweb: JDevOJSP: init
09/09/29 23:20:12 fiduciaweb: Started
09/09/29 23:23:07 Started
09/09/29 23:23:09 fiduciaweb: JDevOJSP: init
09/09/29 23:23:09 fiduciaweb: Started
09/10/23 01:34:17 Started
09/10/23 01:34:20 fiduciaweb: JDevOJSP: init
09/10/23 01:34:20 fiduciaweb: Started
09/11/03 06:27:15 Started
09/11/03 06:27:17 fiduciaweb: JDevOJSP: init
09/11/03 06:27:17 fiduciaweb: Started
09/11/03 06:29:42 Started
09/11/03 06:29:45 fiduciaweb: JDevOJSP: init
09/11/03 06:29:45 fiduciaweb: Started
09/11/03 06:31:16 Started
09/11/03 06:31:18 fiduciaweb: JDevOJSP: init
09/11/03 06:31:18 fiduciaweb: Started
09/11/03 07:37:32 Started
09/11/03 07:37:34 fiduciaweb: JDevOJSP: init
09/11/03 07:37:34 fiduciaweb: Started
09/11/03 07:39:59 Started
09/11/03 07:40:01 fiduciaweb: JDevOJSP: init
09/11/03 07:40:01 fiduciaweb: Started
09/11/03 07:40:59 Started
09/11/03 07:41:02 fiduciaweb: JDevOJSP: init
09/11/03 07:41:02 fiduciaweb: Started
09/11/03 07:42:56 Started
09/11/03 07:42:58 fiduciaweb: JDevOJSP: init
09/11/03 07:42:58 fiduciaweb: Started
09/11/03 07:45:13 Started
09/11/03 07:45:15 fiduciaweb: JDevOJSP: init
09/11/03 07:45:15 fiduciaweb: Started
09/11/03 07:46:52 Started
09/11/03 07:46:54 fiduciaweb: JDevOJSP: init
09/11/03 07:46:54 fiduciaweb: Started
09/11/03 07:51:44 Started
09/11/03 07:51:46 fiduciaweb: JDevOJSP: init
09/11/03 07:51:46 fiduciaweb: Started
09/11/03 07:56:33 Started
09/11/03 07:56:35 fiduciaweb: JDevOJSP: init
09/11/03 07:56:35 fiduciaweb: Started
09/11/03 08:02:07 Started
09/11/03 08:02:09 fiduciaweb: JDevOJSP: init
09/11/03 08:02:09 fiduciaweb: Started
09/11/03 08:04:10 Started
09/11/03 08:04:12 fiduciaweb: JDevOJSP: init
09/11/03 08:04:12 fiduciaweb: Started
09/11/03 08:13:52 Started
09/11/03 08:13:54 fiduciaweb: JDevOJSP: init
09/11/03 08:13:54 fiduciaweb: Started
09/11/03 08:16:09 Started
09/11/03 08:16:11 fiduciaweb: JDevOJSP: init
09/11/03 08:16:11 fiduciaweb: Started
09/11/03 08:20:37 Started
09/11/03 08:20:40 fiduciaweb: JDevOJSP: init
09/11/03 08:20:40 fiduciaweb: Started
09/11/03 08:24:50 Started
09/11/03 08:24:52 fiduciaweb: JDevOJSP: init
09/11/03 08:24:52 fiduciaweb: Started
09/11/03 17:02:29 Started
09/11/03 17:02:31 fiduciaweb: JDevOJSP: init
09/11/03 17:02:31 fiduciaweb: Started
09/11/03 17:04:42 Started
09/11/03 17:04:45 fiduciaweb: JDevOJSP: init
09/11/03 17:04:45 fiduciaweb: Started
09/11/03 17:06:15 Started
09/11/03 17:06:17 fiduciaweb: JDevOJSP: init
09/11/03 17:06:17 fiduciaweb: Started
09/11/03 17:09:48 Started
09/11/03 17:09:50 fiduciaweb: JDevOJSP: init
09/11/03 17:09:50 fiduciaweb: Started
09/11/03 17:10:42 Started
09/11/03 17:10:44 fiduciaweb: JDevOJSP: init
09/11/03 17:10:44 fiduciaweb: Started
09/11/03 17:12:26 Started
09/11/03 17:12:28 fiduciaweb: JDevOJSP: init
09/11/03 17:12:28 fiduciaweb: Started
09/11/03 17:14:29 Started
09/11/03 17:14:31 fiduciaweb: JDevOJSP: init
09/11/03 17:14:31 fiduciaweb: Started
09/11/03 17:16:59 Started
09/11/03 17:17:02 fiduciaweb: JDevOJSP: init
09/11/03 17:17:02 fiduciaweb: Started
09/11/03 17:18:17 Started
09/11/03 17:18:19 fiduciaweb: JDevOJSP: init
09/11/03 17:18:19 fiduciaweb: Started
09/11/03 17:24:27 Started
09/11/03 17:24:29 fiduciaweb: JDevOJSP: init
09/11/03 17:24:29 fiduciaweb: Started
09/11/03 17:25:28 Started
09/11/03 17:25:30 fiduciaweb: JDevOJSP: init
09/11/03 17:25:30 fiduciaweb: Started
09/11/03 17:27:02 Started
09/11/03 17:27:04 fiduciaweb: JDevOJSP: init
09/11/03 17:27:04 fiduciaweb: Started
09/11/03 17:27:36 Started
09/11/03 17:27:38 fiduciaweb: JDevOJSP: init
09/11/03 17:27:38 fiduciaweb: Started
09/11/03 17:29:25 Started
09/11/03 17:29:27 fiduciaweb: JDevOJSP: init
09/11/03 17:29:27 fiduciaweb: Started
09/11/03 17:29:58 Started
09/11/03 17:30:00 fiduciaweb: JDevOJSP: init
09/11/03 17:30:00 fiduciaweb: Started
09/11/06 18:44:24 Started
09/11/06 18:44:26 fiduciaweb: JDevOJSP: init
09/11/06 18:44:26 fiduciaweb: Started
09/11/06 18:44:53 fiduciaweb: Connection reset by peer: socket write error
09/11/06 18:44:53 fiduciaweb: Connection reset by peer: socket write error
09/11/06 18:44:53 fiduciaweb: Connection reset by peer: socket write error
09/11/06 18:44:53 fiduciaweb: Connection reset by peer: socket write error
09/11/06 18:45:14 fiduciaweb: Servlet error
java.lang.IllegalStateException: Session was invalidated
	at com.evermind[Oracle Application Server Containers for J2EE 10g (10.1.2.2.0)].server.http.EvermindHttpSession.setAttribute(EvermindHttpSession.java:107)
	at com.evermind[Oracle Application Server Containers for J2EE 10g (10.1.2.2.0)].server.http.EvermindHttpSession.putValue(EvermindHttpSession.java:98)
	at _FI__ValidUser._jspService(FI_ValidUser.jsp:47)
	at com.orionserver[Oracle Application Server Containers for J2EE 10g (10.1.2.2.0)].http.OrionHttpJspPage.service(OrionHttpJspPage.java:56)
	at oracle.jsp.runtimev2.JspPageTable.service(JspPageTable.java:356)
	at oracle.jsp.runtimev2.JspServlet.internalService(JspServlet.java:498)
	at oracle.jsp.runtimev2.JspServlet.service(JspServlet.java:402)
	at javax.servlet.http.HttpServlet.service(HttpServlet.java:853)
	at com.evermind[Oracle Application Server Containers for J2EE 10g (10.1.2.2.0)].server.http.ResourceFilterChain.doFilter(ResourceFilterChain.java:65)
	at oracle.security.jazn.oc4j.JAZNFilter.doFilter(Unknown Source)
	at com.evermind[Oracle Application Server Containers for J2EE 10g (10.1.2.2.0)].server.http.ServletRequestDispatcher.invoke(ServletRequestDispatcher.java:673)
	at com.evermind[Oracle Application Server Containers for J2EE 10g (10.1.2.2.0)].server.http.ServletRequestDispatcher.forwardInternal(ServletRequestDispatcher.java:340)
	at com.evermind[Oracle Application Server Containers for J2EE 10g (10.1.2.2.0)].server.http.HttpRequestHandler.processRequest(HttpRequestHandler.java:830)
	at com.evermind[Oracle Application Server Containers for J2EE 10g (10.1.2.2.0)].server.http.HttpRequestHandler.run(HttpRequestHandler.java:285)
	at com.evermind[Oracle Application Server Containers for J2EE 10g (10.1.2.2.0)].server.http.HttpRequestHandler.run(HttpRequestHandler.java:126)
	at com.evermind[Oracle Application Server Containers for J2EE 10g (10.1.2.2.0)].util.ReleasableResourcePooledExecutor$MyWorker.run(ReleasableResourcePooledExecutor.java:186)
	at java.lang.Thread.run(Thread.java:534)
09/11/06 18:45:14 fiduciaweb: Connection reset by peer: socket write error
09/11/06 18:51:01 Started
09/11/06 18:51:03 fiduciaweb: JDevOJSP: init
09/11/06 18:51:03 fiduciaweb: Started
09/11/06 18:53:23 Started
09/11/06 18:53:25 fiduciaweb: JDevOJSP: init
09/11/06 18:53:25 fiduciaweb: Started
09/11/06 18:56:06 Started
09/11/06 18:56:08 fiduciaweb: JDevOJSP: init
09/11/06 18:56:08 fiduciaweb: Started
09/11/06 19:00:02 Started
09/11/06 19:00:04 fiduciaweb: JDevOJSP: init
09/11/06 19:00:04 fiduciaweb: Started
09/11/06 19:02:41 Started
09/11/06 19:02:43 fiduciaweb: JDevOJSP: init
09/11/06 19:02:43 fiduciaweb: Started
09/11/06 20:09:50 Started
09/11/06 20:09:54 fiduciaweb: JDevOJSP: init
09/11/06 20:09:54 fiduciaweb: Started
09/11/06 20:26:44 Started
09/11/06 20:26:48 fiduciaweb: JDevOJSP: init
09/11/06 20:26:48 fiduciaweb: Started
09/11/06 20:27:42 fiduciaweb: Connection reset by peer: socket write error
09/11/06 22:18:20 Started
09/11/06 22:18:22 fiduciaweb: JDevOJSP: init
09/11/06 22:18:22 fiduciaweb: Started
09/11/06 23:08:23 Started
09/11/06 23:08:24 fiduciaweb: JDevOJSP: init
09/11/06 23:08:24 fiduciaweb: Started
09/11/09 19:10:45 Started
09/11/09 19:10:50 fiduciaweb: JDevOJSP: init
09/11/09 19:10:50 fiduciaweb: Started
09/11/17 16:59:09 Started
09/11/17 16:59:13 fiduciaweb: JDevOJSP: init
09/11/17 16:59:13 fiduciaweb: Started
09/11/17 17:30:24 Started
09/11/17 17:30:26 fiduciaweb: JDevOJSP: init
09/11/17 17:30:26 fiduciaweb: Started
09/11/20 02:13:56 Started
09/11/20 02:13:58 fiduciaweb: JDevOJSP: init
09/11/20 02:13:58 fiduciaweb: Started
09/11/24 17:13:13 Started
09/11/24 17:13:15 fiduciaweb: JDevOJSP: init
09/11/24 17:13:15 fiduciaweb: Started
09/11/24 17:15:03 Started
09/11/24 17:15:05 fiduciaweb: JDevOJSP: init
09/11/24 17:15:05 fiduciaweb: Started
09/12/07 19:54:51 Started
09/12/07 19:54:54 fiduciaweb: JDevOJSP: init
09/12/07 19:54:54 fiduciaweb: Started
09/12/17 18:46:37 Started
09/12/17 18:46:39 fiduciaweb: JDevOJSP: init
09/12/17 18:46:39 fiduciaweb: Started
09/12/17 19:01:21 Started
09/12/17 19:01:22 fiduciaweb: JDevOJSP: init
09/12/17 19:01:22 fiduciaweb: Started
09/12/17 19:18:57 Started
09/12/17 19:18:59 fiduciaweb: JDevOJSP: init
09/12/17 19:18:59 fiduciaweb: Started
09/12/17 19:33:24 Started
09/12/17 19:33:26 fiduciaweb: JDevOJSP: init
09/12/17 19:33:26 fiduciaweb: Started
09/12/17 19:34:57 fiduciaweb: Servlet error
java.lang.ArrayIndexOutOfBoundsException: 0 >= 0
	at java.util.Vector.elementAt(Vector.java:431)
	at com.bancomext.negocio.nDatos.getVtrIntDato2(nDatos.java:658)
	at _confirmarOpc__2._jspService(confirmarOpc_2.jsp:264)
	at com.orionserver[Oracle Application Server Containers for J2EE 10g (10.1.2.2.0)].http.OrionHttpJspPage.service(OrionHttpJspPage.java:56)
	at oracle.jsp.runtimev2.JspPageTable.service(JspPageTable.java:356)
	at oracle.jsp.runtimev2.JspServlet.internalService(JspServlet.java:498)
	at oracle.jsp.runtimev2.JspServlet.service(JspServlet.java:402)
	at javax.servlet.http.HttpServlet.service(HttpServlet.java:853)
	at com.evermind[Oracle Application Server Containers for J2EE 10g (10.1.2.2.0)].server.http.ResourceFilterChain.doFilter(ResourceFilterChain.java:65)
	at oracle.security.jazn.oc4j.JAZNFilter.doFilter(Unknown Source)
	at com.evermind[Oracle Application Server Containers for J2EE 10g (10.1.2.2.0)].server.http.ServletRequestDispatcher.invoke(ServletRequestDispatcher.java:673)
	at com.evermind[Oracle Application Server Containers for J2EE 10g (10.1.2.2.0)].server.http.ServletRequestDispatcher.forwardInternal(ServletRequestDispatcher.java:340)
	at com.evermind[Oracle Application Server Containers for J2EE 10g (10.1.2.2.0)].server.http.HttpRequestHandler.processRequest(HttpRequestHandler.java:830)
	at com.evermind[Oracle Application Server Containers for J2EE 10g (10.1.2.2.0)].server.http.HttpRequestHandler.run(HttpRequestHandler.java:285)
	at com.evermind[Oracle Application Server Containers for J2EE 10g (10.1.2.2.0)].server.http.HttpRequestHandler.run(HttpRequestHandler.java:126)
	at com.evermind[Oracle Application Server Containers for J2EE 10g (10.1.2.2.0)].util.ReleasableResourcePooledExecutor$MyWorker.run(ReleasableResourcePooledExecutor.java:192)
	at java.lang.Thread.run(Thread.java:534)
09/12/17 19:35:54 fiduciaweb: Servlet error
java.lang.StringIndexOutOfBoundsException: String index out of range: 3
	at java.lang.String.substring(String.java:1441)
	at _confirmarOpc__2._jspService(confirmarOpc_2.jsp:35)
	at com.orionserver[Oracle Application Server Containers for J2EE 10g (10.1.2.2.0)].http.OrionHttpJspPage.service(OrionHttpJspPage.java:56)
	at oracle.jsp.runtimev2.JspPageTable.service(JspPageTable.java:356)
	at oracle.jsp.runtimev2.JspServlet.internalService(JspServlet.java:498)
	at oracle.jsp.runtimev2.JspServlet.service(JspServlet.java:402)
	at javax.servlet.http.HttpServlet.service(HttpServlet.java:853)
	at com.evermind[Oracle Application Server Containers for J2EE 10g (10.1.2.2.0)].server.http.ResourceFilterChain.doFilter(ResourceFilterChain.java:65)
	at oracle.security.jazn.oc4j.JAZNFilter.doFilter(Unknown Source)
	at com.evermind[Oracle Application Server Containers for J2EE 10g (10.1.2.2.0)].server.http.ServletRequestDispatcher.invoke(ServletRequestDispatcher.java:673)
	at com.evermind[Oracle Application Server Containers for J2EE 10g (10.1.2.2.0)].server.http.ServletRequestDispatcher.forwardInternal(ServletRequestDispatcher.java:340)
	at com.evermind[Oracle Application Server Containers for J2EE 10g (10.1.2.2.0)].server.http.HttpRequestHandler.processRequest(HttpRequestHandler.java:830)
	at com.evermind[Oracle Application Server Containers for J2EE 10g (10.1.2.2.0)].server.http.HttpRequestHandler.run(HttpRequestHandler.java:285)
	at com.evermind[Oracle Application Server Containers for J2EE 10g (10.1.2.2.0)].server.http.HttpRequestHandler.run(HttpRequestHandler.java:126)
	at com.evermind[Oracle Application Server Containers for J2EE 10g (10.1.2.2.0)].util.ReleasableResourcePooledExecutor$MyWorker.run(ReleasableResourcePooledExecutor.java:192)
	at java.lang.Thread.run(Thread.java:534)
09/12/17 19:35:55 fiduciaweb: Servlet error
java.lang.StringIndexOutOfBoundsException: String index out of range: 3
	at java.lang.String.substring(String.java:1441)
	at _confirmarOpc__2._jspService(confirmarOpc_2.jsp:35)
	at com.orionserver[Oracle Application Server Containers for J2EE 10g (10.1.2.2.0)].http.OrionHttpJspPage.service(OrionHttpJspPage.java:56)
	at oracle.jsp.runtimev2.JspPageTable.service(JspPageTable.java:356)
	at oracle.jsp.runtimev2.JspServlet.internalService(JspServlet.java:498)
	at oracle.jsp.runtimev2.JspServlet.service(JspServlet.java:402)
	at javax.servlet.http.HttpServlet.service(HttpServlet.java:853)
	at com.evermind[Oracle Application Server Containers for J2EE 10g (10.1.2.2.0)].server.http.ResourceFilterChain.doFilter(ResourceFilterChain.java:65)
	at oracle.security.jazn.oc4j.JAZNFilter.doFilter(Unknown Source)
	at com.evermind[Oracle Application Server Containers for J2EE 10g (10.1.2.2.0)].server.http.ServletRequestDispatcher.invoke(ServletRequestDispatcher.java:673)
	at com.evermind[Oracle Application Server Containers for J2EE 10g (10.1.2.2.0)].server.http.ServletRequestDispatcher.forwardInternal(ServletRequestDispatcher.java:340)
	at com.evermind[Oracle Application Server Containers for J2EE 10g (10.1.2.2.0)].server.http.HttpRequestHandler.processRequest(HttpRequestHandler.java:830)
	at com.evermind[Oracle Application Server Containers for J2EE 10g (10.1.2.2.0)].server.http.HttpRequestHandler.run(HttpRequestHandler.java:285)
	at com.evermind[Oracle Application Server Containers for J2EE 10g (10.1.2.2.0)].server.http.HttpRequestHandler.run(HttpRequestHandler.java:126)
	at com.evermind[Oracle Application Server Containers for J2EE 10g (10.1.2.2.0)].util.ReleasableResourcePooledExecutor$MyWorker.run(ReleasableResourcePooledExecutor.java:192)
	at java.lang.Thread.run(Thread.java:534)
09/12/17 19:35:56 fiduciaweb: Servlet error
java.lang.StringIndexOutOfBoundsException: String index out of range: 3
	at java.lang.String.substring(String.java:1441)
	at _confirmarOpc__2._jspService(confirmarOpc_2.jsp:35)
	at com.orionserver[Oracle Application Server Containers for J2EE 10g (10.1.2.2.0)].http.OrionHttpJspPage.service(OrionHttpJspPage.java:56)
	at oracle.jsp.runtimev2.JspPageTable.service(JspPageTable.java:356)
	at oracle.jsp.runtimev2.JspServlet.internalService(JspServlet.java:498)
	at oracle.jsp.runtimev2.JspServlet.service(JspServlet.java:402)
	at javax.servlet.http.HttpServlet.service(HttpServlet.java:853)
	at com.evermind[Oracle Application Server Containers for J2EE 10g (10.1.2.2.0)].server.http.ResourceFilterChain.doFilter(ResourceFilterChain.java:65)
	at oracle.security.jazn.oc4j.JAZNFilter.doFilter(Unknown Source)
	at com.evermind[Oracle Application Server Containers for J2EE 10g (10.1.2.2.0)].server.http.ServletRequestDispatcher.invoke(ServletRequestDispatcher.java:673)
	at com.evermind[Oracle Application Server Containers for J2EE 10g (10.1.2.2.0)].server.http.ServletRequestDispatcher.forwardInternal(ServletRequestDispatcher.java:340)
	at com.evermind[Oracle Application Server Containers for J2EE 10g (10.1.2.2.0)].server.http.HttpRequestHandler.processRequest(HttpRequestHandler.java:830)
	at com.evermind[Oracle Application Server Containers for J2EE 10g (10.1.2.2.0)].server.http.HttpRequestHandler.run(HttpRequestHandler.java:285)
	at com.evermind[Oracle Application Server Containers for J2EE 10g (10.1.2.2.0)].server.http.HttpRequestHandler.run(HttpRequestHandler.java:126)
	at com.evermind[Oracle Application Server Containers for J2EE 10g (10.1.2.2.0)].util.ReleasableResourcePooledExecutor$MyWorker.run(ReleasableResourcePooledExecutor.java:192)
	at java.lang.Thread.run(Thread.java:534)
09/12/17 19:36:10 fiduciaweb: Servlet error
java.lang.ArrayIndexOutOfBoundsException: 0 >= 0
	at java.util.Vector.elementAt(Vector.java:431)
	at com.bancomext.negocio.nDatos.getVtrIntDato2(nDatos.java:658)
	at _confirmarOpc__2._jspService(confirmarOpc_2.jsp:264)
	at com.orionserver[Oracle Application Server Containers for J2EE 10g (10.1.2.2.0)].http.OrionHttpJspPage.service(OrionHttpJspPage.java:56)
	at oracle.jsp.runtimev2.JspPageTable.service(JspPageTable.java:356)
	at oracle.jsp.runtimev2.JspServlet.internalService(JspServlet.java:498)
	at oracle.jsp.runtimev2.JspServlet.service(JspServlet.java:402)
	at javax.servlet.http.HttpServlet.service(HttpServlet.java:853)
	at com.evermind[Oracle Application Server Containers for J2EE 10g (10.1.2.2.0)].server.http.ResourceFilterChain.doFilter(ResourceFilterChain.java:65)
	at oracle.security.jazn.oc4j.JAZNFilter.doFilter(Unknown Source)
	at com.evermind[Oracle Application Server Containers for J2EE 10g (10.1.2.2.0)].server.http.ServletRequestDispatcher.invoke(ServletRequestDispatcher.java:673)
	at com.evermind[Oracle Application Server Containers for J2EE 10g (10.1.2.2.0)].server.http.ServletRequestDispatcher.forwardInternal(ServletRequestDispatcher.java:340)
	at com.evermind[Oracle Application Server Containers for J2EE 10g (10.1.2.2.0)].server.http.HttpRequestHandler.processRequest(HttpRequestHandler.java:830)
	at com.evermind[Oracle Application Server Containers for J2EE 10g (10.1.2.2.0)].server.http.HttpRequestHandler.run(HttpRequestHandler.java:285)
	at com.evermind[Oracle Application Server Containers for J2EE 10g (10.1.2.2.0)].server.http.HttpRequestHandler.run(HttpRequestHandler.java:126)
	at com.evermind[Oracle Application Server Containers for J2EE 10g (10.1.2.2.0)].util.ReleasableResourcePooledExecutor$MyWorker.run(ReleasableResourcePooledExecutor.java:192)
	at java.lang.Thread.run(Thread.java:534)
09/12/17 19:39:31 Started
09/12/17 19:39:33 fiduciaweb: JDevOJSP: init
09/12/17 19:39:33 fiduciaweb: Started
09/12/17 19:44:19 Started
09/12/17 19:44:21 fiduciaweb: JDevOJSP: init
09/12/17 19:44:21 fiduciaweb: Started
09/12/17 19:46:34 fiduciaweb: Servlet error
java.lang.ArrayIndexOutOfBoundsException: 0 >= 0
	at java.util.Vector.elementAt(Vector.java:431)
	at com.bancomext.negocio.nDatos.getVtrIntDato2(nDatos.java:658)
	at _confirmarOpc__2._jspService(confirmarOpc_2.jsp:264)
	at com.orionserver[Oracle Application Server Containers for J2EE 10g (10.1.2.2.0)].http.OrionHttpJspPage.service(OrionHttpJspPage.java:56)
	at oracle.jsp.runtimev2.JspPageTable.service(JspPageTable.java:356)
	at oracle.jsp.runtimev2.JspServlet.internalService(JspServlet.java:498)
	at oracle.jsp.runtimev2.JspServlet.service(JspServlet.java:402)
	at javax.servlet.http.HttpServlet.service(HttpServlet.java:853)
	at com.evermind[Oracle Application Server Containers for J2EE 10g (10.1.2.2.0)].server.http.ResourceFilterChain.doFilter(ResourceFilterChain.java:65)
	at oracle.security.jazn.oc4j.JAZNFilter.doFilter(Unknown Source)
	at com.evermind[Oracle Application Server Containers for J2EE 10g (10.1.2.2.0)].server.http.ServletRequestDispatcher.invoke(ServletRequestDispatcher.java:673)
	at com.evermind[Oracle Application Server Containers for J2EE 10g (10.1.2.2.0)].server.http.ServletRequestDispatcher.forwardInternal(ServletRequestDispatcher.java:340)
	at com.evermind[Oracle Application Server Containers for J2EE 10g (10.1.2.2.0)].server.http.HttpRequestHandler.processRequest(HttpRequestHandler.java:830)
	at com.evermind[Oracle Application Server Containers for J2EE 10g (10.1.2.2.0)].server.http.HttpRequestHandler.run(HttpRequestHandler.java:285)
	at com.evermind[Oracle Application Server Containers for J2EE 10g (10.1.2.2.0)].server.http.HttpRequestHandler.run(HttpRequestHandler.java:126)
	at com.evermind[Oracle Application Server Containers for J2EE 10g (10.1.2.2.0)].util.ReleasableResourcePooledExecutor$MyWorker.run(ReleasableResourcePooledExecutor.java:192)
	at java.lang.Thread.run(Thread.java:534)
09/12/17 19:47:04 Started
09/12/17 19:47:06 fiduciaweb: JDevOJSP: init
09/12/17 19:47:06 fiduciaweb: Started
09/12/17 19:49:46 fiduciaweb: Servlet error
java.lang.ArrayIndexOutOfBoundsException: 0 >= 0
	at java.util.Vector.elementAt(Vector.java:431)
	at com.bancomext.negocio.nDatos.getVtrIntDato2(nDatos.java:658)
	at _confirmarOpc__2._jspService(confirmarOpc_2.jsp:264)
	at com.orionserver[Oracle Application Server Containers for J2EE 10g (10.1.2.2.0)].http.OrionHttpJspPage.service(OrionHttpJspPage.java:56)
	at oracle.jsp.runtimev2.JspPageTable.service(JspPageTable.java:356)
	at oracle.jsp.runtimev2.JspServlet.internalService(JspServlet.java:498)
	at oracle.jsp.runtimev2.JspServlet.service(JspServlet.java:402)
	at javax.servlet.http.HttpServlet.service(HttpServlet.java:853)
	at com.evermind[Oracle Application Server Containers for J2EE 10g (10.1.2.2.0)].server.http.ResourceFilterChain.doFilter(ResourceFilterChain.java:65)
	at oracle.security.jazn.oc4j.JAZNFilter.doFilter(Unknown Source)
	at com.evermind[Oracle Application Server Containers for J2EE 10g (10.1.2.2.0)].server.http.ServletRequestDispatcher.invoke(ServletRequestDispatcher.java:673)
	at com.evermind[Oracle Application Server Containers for J2EE 10g (10.1.2.2.0)].server.http.ServletRequestDispatcher.forwardInternal(ServletRequestDispatcher.java:340)
	at com.evermind[Oracle Application Server Containers for J2EE 10g (10.1.2.2.0)].server.http.HttpRequestHandler.processRequest(HttpRequestHandler.java:830)
	at com.evermind[Oracle Application Server Containers for J2EE 10g (10.1.2.2.0)].server.http.HttpRequestHandler.run(HttpRequestHandler.java:285)
	at com.evermind[Oracle Application Server Containers for J2EE 10g (10.1.2.2.0)].server.http.HttpRequestHandler.run(HttpRequestHandler.java:126)
	at com.evermind[Oracle Application Server Containers for J2EE 10g (10.1.2.2.0)].util.ReleasableResourcePooledExecutor$MyWorker.run(ReleasableResourcePooledExecutor.java:192)
	at java.lang.Thread.run(Thread.java:534)
09/12/17 19:53:30 Started
09/12/17 19:53:31 fiduciaweb: JDevOJSP: init
09/12/17 19:53:31 fiduciaweb: Started
09/12/17 20:01:12 Started
09/12/17 20:01:14 fiduciaweb: JDevOJSP: init
09/12/17 20:01:14 fiduciaweb: Started
09/12/17 20:04:57 Started
09/12/17 20:04:59 fiduciaweb: JDevOJSP: init
09/12/17 20:04:59 fiduciaweb: Started
09/12/17 20:09:34 fiduciaweb: Servlet error
java.lang.ArrayIndexOutOfBoundsException: 0 >= 0
	at java.util.Vector.elementAt(Vector.java:431)
	at com.bancomext.negocio.nDatos.getVtrIntDato2(nDatos.java:658)
	at _confirmarOpc__2._jspService(confirmarOpc_2.jsp:264)
	at com.orionserver[Oracle Application Server Containers for J2EE 10g (10.1.2.2.0)].http.OrionHttpJspPage.service(OrionHttpJspPage.java:56)
	at oracle.jsp.runtimev2.JspPageTable.service(JspPageTable.java:356)
	at oracle.jsp.runtimev2.JspServlet.internalService(JspServlet.java:498)
	at oracle.jsp.runtimev2.JspServlet.service(JspServlet.java:402)
	at javax.servlet.http.HttpServlet.service(HttpServlet.java:853)
	at com.evermind[Oracle Application Server Containers for J2EE 10g (10.1.2.2.0)].server.http.ResourceFilterChain.doFilter(ResourceFilterChain.java:65)
	at oracle.security.jazn.oc4j.JAZNFilter.doFilter(Unknown Source)
	at com.evermind[Oracle Application Server Containers for J2EE 10g (10.1.2.2.0)].server.http.ServletRequestDispatcher.invoke(ServletRequestDispatcher.java:673)
	at com.evermind[Oracle Application Server Containers for J2EE 10g (10.1.2.2.0)].server.http.ServletRequestDispatcher.forwardInternal(ServletRequestDispatcher.java:340)
	at com.evermind[Oracle Application Server Containers for J2EE 10g (10.1.2.2.0)].server.http.HttpRequestHandler.processRequest(HttpRequestHandler.java:830)
	at com.evermind[Oracle Application Server Containers for J2EE 10g (10.1.2.2.0)].server.http.HttpRequestHandler.run(HttpRequestHandler.java:285)
	at com.evermind[Oracle Application Server Containers for J2EE 10g (10.1.2.2.0)].server.http.HttpRequestHandler.run(HttpRequestHandler.java:126)
	at com.evermind[Oracle Application Server Containers for J2EE 10g (10.1.2.2.0)].util.ReleasableResourcePooledExecutor$MyWorker.run(ReleasableResourcePooledExecutor.java:192)
	at java.lang.Thread.run(Thread.java:534)
09/12/17 20:22:20 Started
09/12/17 20:22:22 fiduciaweb: JDevOJSP: init
09/12/17 20:22:22 fiduciaweb: Started
09/12/17 20:31:31 Started
09/12/17 20:31:33 fiduciaweb: JDevOJSP: init
09/12/17 20:31:33 fiduciaweb: Started
09/12/17 21:28:53 Started
09/12/17 21:28:55 fiduciaweb: JDevOJSP: init
09/12/17 21:28:55 fiduciaweb: Started
09/12/18 00:40:18 Started
09/12/18 00:40:20 fiduciaweb: JDevOJSP: init
09/12/18 00:40:20 fiduciaweb: Started
09/12/18 00:42:19 Started
09/12/18 00:42:21 fiduciaweb: JDevOJSP: init
09/12/18 00:42:21 fiduciaweb: Started
09/12/30 20:11:25 Started
09/12/30 20:11:27 fiduciaweb: JDevOJSP: init
09/12/30 20:11:27 fiduciaweb: Started
09/12/30 20:13:20 Started
09/12/30 20:13:22 fiduciaweb: JDevOJSP: init
09/12/30 20:13:22 fiduciaweb: Started
09/12/30 20:13:58 fiduciaweb: Connection reset by peer: socket write error
09/12/30 20:13:58 fiduciaweb: Connection reset by peer: socket write error
09/12/30 20:13:58 fiduciaweb: Connection reset by peer: socket write error
09/12/30 20:13:58 fiduciaweb: Connection reset by peer: socket write error
09/12/30 20:14:59 Started
09/12/30 20:15:01 fiduciaweb: JDevOJSP: init
09/12/30 20:15:01 fiduciaweb: Started
09/12/30 20:15:30 fiduciaweb: Connection reset by peer: socket write error
09/12/30 20:15:37 fiduciaweb: Connection reset by peer: socket write error
09/12/30 20:18:31 fiduciaweb: Connection reset by peer: socket write error
09/12/30 21:22:17 Started
09/12/30 21:22:19 fiduciaweb: JDevOJSP: init
09/12/30 21:22:19 fiduciaweb: Started
09/12/30 22:26:33 Started
09/12/30 22:26:35 fiduciaweb: JDevOJSP: init
09/12/30 22:26:35 fiduciaweb: Started
10/01/06 16:51:35 Started
10/01/06 16:51:39 fiduciaweb: JDevOJSP: init
10/01/06 16:51:39 fiduciaweb: Started
10/01/06 16:57:08 fiduciaweb: Connection reset by peer: socket write error
10/01/28 22:55:58 Started
10/01/28 22:56:01 fiduciaweb: JDevOJSP: init
10/01/28 22:56:01 fiduciaweb: Started
10/03/16 18:04:09 Started
10/03/16 18:04:15 fiduciaweb: JDevOJSP: init
10/03/16 18:04:15 fiduciaweb: Started
10/03/16 18:07:56 Started
10/03/16 18:07:59 fiduciaweb: JDevOJSP: init
10/03/16 18:07:59 fiduciaweb: Started
10/03/16 18:09:36 Started
10/03/16 18:09:39 fiduciaweb: JDevOJSP: init
10/03/16 18:09:39 fiduciaweb: Started
10/03/29 20:27:10 Started
10/03/29 20:27:12 fiduciaweb: JDevOJSP: init
10/03/29 20:27:12 fiduciaweb: Started
10/03/29 20:28:24 fiduciaweb: Connection reset by peer: socket write error
10/03/29 22:14:21 Started
10/03/29 22:14:25 fiduciaweb: JDevOJSP: init
10/03/29 22:14:25 fiduciaweb: Started
10/03/29 22:25:55 Started
10/03/29 22:25:57 fiduciaweb: JDevOJSP: init
10/03/29 22:25:57 fiduciaweb: Started
10/03/29 22:55:27 Started
10/03/29 22:55:30 fiduciaweb: JDevOJSP: init
10/03/29 22:55:30 fiduciaweb: Started
10/03/30 21:36:39 Started
10/03/30 21:36:41 fiduciaweb: JDevOJSP: init
10/03/30 21:36:41 fiduciaweb: Started
10/03/30 21:43:35 Started
10/03/30 21:43:37 fiduciaweb: JDevOJSP: init
10/03/30 21:43:37 fiduciaweb: Started
10/03/30 21:49:17 fiduciaweb: Connection reset by peer: socket write error
10/03/30 21:49:17 fiduciaweb: Connection reset by peer: socket write error
10/03/30 21:49:17 fiduciaweb: Connection reset by peer: socket write error
10/03/30 21:49:17 fiduciaweb: Connection reset by peer: socket write error
10/03/30 21:58:38 Started
10/03/30 21:58:40 fiduciaweb: JDevOJSP: init
10/03/30 21:58:40 fiduciaweb: Started
10/03/30 22:01:26 Started
10/03/30 22:01:28 fiduciaweb: JDevOJSP: init
10/03/30 22:01:28 fiduciaweb: Started
10/03/30 22:03:02 fiduciaweb: Connection reset by peer: socket write error
10/03/30 22:03:02 fiduciaweb: Connection reset by peer: socket write error
10/03/30 22:03:02 fiduciaweb: Connection reset by peer: socket write error
10/03/30 22:03:02 fiduciaweb: Connection reset by peer: socket write error
10/03/30 22:03:02 fiduciaweb: Connection reset by peer: socket write error
10/03/30 22:04:33 Started
10/03/30 22:04:35 fiduciaweb: JDevOJSP: init
10/03/30 22:04:35 fiduciaweb: Started
10/03/30 22:07:15 Started
10/03/30 22:07:17 fiduciaweb: JDevOJSP: init
10/03/30 22:07:17 fiduciaweb: Started
10/03/30 22:07:52 fiduciaweb: Connection reset by peer: socket write error
10/03/30 22:07:52 fiduciaweb: Connection reset by peer: socket write error
10/03/30 22:07:52 fiduciaweb: Connection reset by peer: socket write error
10/03/30 22:07:52 fiduciaweb: Connection reset by peer: socket write error
10/03/30 22:07:52 fiduciaweb: Connection reset by peer: socket write error
10/03/30 22:07:52 fiduciaweb: Connection reset by peer: socket write error
10/03/30 22:07:52 fiduciaweb: Connection reset by peer: socket write error
10/03/30 22:07:52 fiduciaweb: Connection reset by peer: socket write error
10/03/30 22:07:53 fiduciaweb: Connection reset by peer: socket write error
10/03/30 22:07:53 fiduciaweb: Connection reset by peer: socket write error
10/03/30 22:07:53 fiduciaweb: Connection reset by peer: socket write error
10/03/30 22:07:53 fiduciaweb: Connection reset by peer: socket write error
10/03/30 22:07:53 fiduciaweb: Connection reset by peer: socket write error
10/03/30 22:07:53 fiduciaweb: Connection reset by peer: socket write error
10/03/30 22:07:53 fiduciaweb: Connection reset by peer: socket write error
10/03/30 22:07:53 fiduciaweb: Connection reset by peer: socket write error
10/03/30 22:10:58 Started
10/03/30 22:11:00 fiduciaweb: JDevOJSP: init
10/03/30 22:11:00 fiduciaweb: Started
10/03/30 22:25:31 Started
10/03/30 22:25:33 fiduciaweb: JDevOJSP: init
10/03/30 22:25:33 fiduciaweb: Started
10/03/30 22:46:48 fiduciaweb: Servlet error
java.lang.NullPointerException
	at _FI__ValidUser._jspService(FI_ValidUser.jsp:11)
	at com.orionserver[Oracle Application Server Containers for J2EE 10g (10.1.2.2.0)].http.OrionHttpJspPage.service(OrionHttpJspPage.java:56)
	at oracle.jsp.runtimev2.JspPageTable.compileAndServe(JspPageTable.java:575)
	at oracle.jsp.runtimev2.JspPageTable.service(JspPageTable.java:311)
	at oracle.jsp.runtimev2.JspServlet.internalService(JspServlet.java:498)
	at oracle.jsp.runtimev2.JspServlet.service(JspServlet.java:402)
	at javax.servlet.http.HttpServlet.service(HttpServlet.java:853)
	at com.evermind[Oracle Application Server Containers for J2EE 10g (10.1.2.2.0)].server.http.ResourceFilterChain.doFilter(ResourceFilterChain.java:65)
	at oracle.security.jazn.oc4j.JAZNFilter.doFilter(Unknown Source)
	at com.evermind[Oracle Application Server Containers for J2EE 10g (10.1.2.2.0)].server.http.ServletRequestDispatcher.invoke(ServletRequestDispatcher.java:673)
	at com.evermind[Oracle Application Server Containers for J2EE 10g (10.1.2.2.0)].server.http.ServletRequestDispatcher.forwardInternal(ServletRequestDispatcher.java:340)
	at com.evermind[Oracle Application Server Containers for J2EE 10g (10.1.2.2.0)].server.http.HttpRequestHandler.processRequest(HttpRequestHandler.java:830)
	at com.evermind[Oracle Application Server Containers for J2EE 10g (10.1.2.2.0)].server.http.HttpRequestHandler.run(HttpRequestHandler.java:285)
	at com.evermind[Oracle Application Server Containers for J2EE 10g (10.1.2.2.0)].server.http.HttpRequestHandler.run(HttpRequestHandler.java:126)
	at com.evermind[Oracle Application Server Containers for J2EE 10g (10.1.2.2.0)].util.ReleasableResourcePooledExecutor$MyWorker.run(ReleasableResourcePooledExecutor.java:192)
	at java.lang.Thread.run(Thread.java:534)
10/03/30 22:59:37 fiduciaweb: Servlet error
java.lang.NullPointerException
	at _FI__ValidUser._jspService(FI_ValidUser.jsp:13)
	at com.orionserver[Oracle Application Server Containers for J2EE 10g (10.1.2.2.0)].http.OrionHttpJspPage.service(OrionHttpJspPage.java:56)
	at oracle.jsp.runtimev2.JspPageTable.compileAndServe(JspPageTable.java:575)
	at oracle.jsp.runtimev2.JspPageTable.service(JspPageTable.java:311)
	at oracle.jsp.runtimev2.JspServlet.internalService(JspServlet.java:498)
	at oracle.jsp.runtimev2.JspServlet.service(JspServlet.java:402)
	at javax.servlet.http.HttpServlet.service(HttpServlet.java:853)
	at com.evermind[Oracle Application Server Containers for J2EE 10g (10.1.2.2.0)].server.http.ResourceFilterChain.doFilter(ResourceFilterChain.java:65)
	at oracle.security.jazn.oc4j.JAZNFilter.doFilter(Unknown Source)
	at com.evermind[Oracle Application Server Containers for J2EE 10g (10.1.2.2.0)].server.http.ServletRequestDispatcher.invoke(ServletRequestDispatcher.java:673)
	at com.evermind[Oracle Application Server Containers for J2EE 10g (10.1.2.2.0)].server.http.ServletRequestDispatcher.forwardInternal(ServletRequestDispatcher.java:340)
	at com.evermind[Oracle Application Server Containers for J2EE 10g (10.1.2.2.0)].server.http.HttpRequestHandler.processRequest(HttpRequestHandler.java:830)
	at com.evermind[Oracle Application Server Containers for J2EE 10g (10.1.2.2.0)].server.http.HttpRequestHandler.run(HttpRequestHandler.java:285)
	at com.evermind[Oracle Application Server Containers for J2EE 10g (10.1.2.2.0)].server.http.HttpRequestHandler.run(HttpRequestHandler.java:126)
	at com.evermind[Oracle Application Server Containers for J2EE 10g (10.1.2.2.0)].util.ReleasableResourcePooledExecutor$MyWorker.run(ReleasableResourcePooledExecutor.java:186)
	at java.lang.Thread.run(Thread.java:534)
10/03/30 23:00:17 fiduciaweb: Servlet error
java.lang.NullPointerException
	at _FI__ValidUser._jspService(FI_ValidUser.jsp:13)
	at com.orionserver[Oracle Application Server Containers for J2EE 10g (10.1.2.2.0)].http.OrionHttpJspPage.service(OrionHttpJspPage.java:56)
	at oracle.jsp.runtimev2.JspPageTable.compileAndServe(JspPageTable.java:575)
	at oracle.jsp.runtimev2.JspPageTable.service(JspPageTable.java:311)
	at oracle.jsp.runtimev2.JspServlet.internalService(JspServlet.java:498)
	at oracle.jsp.runtimev2.JspServlet.service(JspServlet.java:402)
	at javax.servlet.http.HttpServlet.service(HttpServlet.java:853)
	at com.evermind[Oracle Application Server Containers for J2EE 10g (10.1.2.2.0)].server.http.ResourceFilterChain.doFilter(ResourceFilterChain.java:65)
	at oracle.security.jazn.oc4j.JAZNFilter.doFilter(Unknown Source)
	at com.evermind[Oracle Application Server Containers for J2EE 10g (10.1.2.2.0)].server.http.ServletRequestDispatcher.invoke(ServletRequestDispatcher.java:673)
	at com.evermind[Oracle Application Server Containers for J2EE 10g (10.1.2.2.0)].server.http.ServletRequestDispatcher.forwardInternal(ServletRequestDispatcher.java:340)
	at com.evermind[Oracle Application Server Containers for J2EE 10g (10.1.2.2.0)].server.http.HttpRequestHandler.processRequest(HttpRequestHandler.java:830)
	at com.evermind[Oracle Application Server Containers for J2EE 10g (10.1.2.2.0)].server.http.HttpRequestHandler.run(HttpRequestHandler.java:285)
	at com.evermind[Oracle Application Server Containers for J2EE 10g (10.1.2.2.0)].server.http.HttpRequestHandler.run(HttpRequestHandler.java:126)
	at com.evermind[Oracle Application Server Containers for J2EE 10g (10.1.2.2.0)].util.ReleasableResourcePooledExecutor$MyWorker.run(ReleasableResourcePooledExecutor.java:192)
	at java.lang.Thread.run(Thread.java:534)
10/03/30 23:19:58 fiduciaweb: JspServlet: No se ha podido distribuir a la página solicitada: java.lang.ClassNotFoundException: _imagenes._msur01
	at oracle.jsp.runtimev2.JspClassLoader.loadClass(JspClassLoader.java:875)
	at java.lang.ClassLoader.loadClass(ClassLoader.java:235)
	at oracle.jsp.runtimev2.JspPageInfo.getInstFacade(JspPageInfo.java:172)
	at oracle.jsp.runtimev2.JspPageInfo.compileAndLoad(JspPageInfo.java:516)
	at oracle.jsp.runtimev2.JspPageTable.compileAndServe(JspPageTable.java:548)
	at oracle.jsp.runtimev2.JspPageTable.service(JspPageTable.java:311)
	at oracle.jsp.runtimev2.JspServlet.internalService(JspServlet.java:498)
	at oracle.jsp.runtimev2.JspServlet.service(JspServlet.java:402)
	at javax.servlet.http.HttpServlet.service(HttpServlet.java:853)
	at com.evermind.server.http.ResourceFilterChain.doFilter(ResourceFilterChain.java:65)
	at oracle.security.jazn.oc4j.JAZNFilter.doFilter(Unknown Source)
	at com.evermind.server.http.ServletRequestDispatcher.invoke(ServletRequestDispatcher.java:673)
	at com.evermind.server.http.ServletRequestDispatcher.forwardInternal(ServletRequestDispatcher.java:340)
	at com.evermind.server.http.HttpRequestHandler.processRequest(HttpRequestHandler.java:830)
	at com.evermind.server.http.HttpRequestHandler.run(HttpRequestHandler.java:285)
	at com.evermind.server.http.HttpRequestHandler.run(HttpRequestHandler.java:126)
	at com.evermind.util.ReleasableResourcePooledExecutor$MyWorker.run(ReleasableResourcePooledExecutor.java:192)
	at java.lang.Thread.run(Thread.java:534)

10/03/30 23:20:15 fiduciaweb: Servlet error
java.lang.StringIndexOutOfBoundsException: String index out of range: -1
	at java.lang.String.substring(String.java:1444)
	at _instruccion2._jspService(instruccion2.jsp:59)
	at com.orionserver[Oracle Application Server Containers for J2EE 10g (10.1.2.2.0)].http.OrionHttpJspPage.service(OrionHttpJspPage.java:56)
	at oracle.jsp.runtimev2.JspPageTable.service(JspPageTable.java:356)
	at oracle.jsp.runtimev2.JspServlet.internalService(JspServlet.java:498)
	at oracle.jsp.runtimev2.JspServlet.service(JspServlet.java:402)
	at javax.servlet.http.HttpServlet.service(HttpServlet.java:853)
	at com.evermind[Oracle Application Server Containers for J2EE 10g (10.1.2.2.0)].server.http.ResourceFilterChain.doFilter(ResourceFilterChain.java:65)
	at oracle.security.jazn.oc4j.JAZNFilter.doFilter(Unknown Source)
	at com.evermind[Oracle Application Server Containers for J2EE 10g (10.1.2.2.0)].server.http.ServletRequestDispatcher.invoke(ServletRequestDispatcher.java:673)
	at com.evermind[Oracle Application Server Containers for J2EE 10g (10.1.2.2.0)].server.http.ServletRequestDispatcher.forwardInternal(ServletRequestDispatcher.java:340)
	at com.evermind[Oracle Application Server Containers for J2EE 10g (10.1.2.2.0)].server.http.HttpRequestHandler.processRequest(HttpRequestHandler.java:830)
	at com.evermind[Oracle Application Server Containers for J2EE 10g (10.1.2.2.0)].server.http.HttpRequestHandler.run(HttpRequestHandler.java:285)
	at com.evermind[Oracle Application Server Containers for J2EE 10g (10.1.2.2.0)].server.http.HttpRequestHandler.run(HttpRequestHandler.java:126)
	at com.evermind[Oracle Application Server Containers for J2EE 10g (10.1.2.2.0)].util.ReleasableResourcePooledExecutor$MyWorker.run(ReleasableResourcePooledExecutor.java:192)
	at java.lang.Thread.run(Thread.java:534)
10/03/30 23:21:21 fiduciaweb: Servlet error
java.lang.StringIndexOutOfBoundsException: String index out of range: -1
	at java.lang.String.substring(String.java:1444)
	at _instruccion2._jspService(instruccion2.jsp:59)
	at com.orionserver[Oracle Application Server Containers for J2EE 10g (10.1.2.2.0)].http.OrionHttpJspPage.service(OrionHttpJspPage.java:56)
	at oracle.jsp.runtimev2.JspPageTable.service(JspPageTable.java:356)
	at oracle.jsp.runtimev2.JspServlet.internalService(JspServlet.java:498)
	at oracle.jsp.runtimev2.JspServlet.service(JspServlet.java:402)
	at javax.servlet.http.HttpServlet.service(HttpServlet.java:853)
	at com.evermind[Oracle Application Server Containers for J2EE 10g (10.1.2.2.0)].server.http.ResourceFilterChain.doFilter(ResourceFilterChain.java:65)
	at oracle.security.jazn.oc4j.JAZNFilter.doFilter(Unknown Source)
	at com.evermind[Oracle Application Server Containers for J2EE 10g (10.1.2.2.0)].server.http.ServletRequestDispatcher.invoke(ServletRequestDispatcher.java:673)
	at com.evermind[Oracle Application Server Containers for J2EE 10g (10.1.2.2.0)].server.http.ServletRequestDispatcher.forwardInternal(ServletRequestDispatcher.java:340)
	at com.evermind[Oracle Application Server Containers for J2EE 10g (10.1.2.2.0)].server.http.HttpRequestHandler.processRequest(HttpRequestHandler.java:830)
	at com.evermind[Oracle Application Server Containers for J2EE 10g (10.1.2.2.0)].server.http.HttpRequestHandler.run(HttpRequestHandler.java:285)
	at com.evermind[Oracle Application Server Containers for J2EE 10g (10.1.2.2.0)].server.http.HttpRequestHandler.run(HttpRequestHandler.java:126)
	at com.evermind[Oracle Application Server Containers for J2EE 10g (10.1.2.2.0)].util.ReleasableResourcePooledExecutor$MyWorker.run(ReleasableResourcePooledExecutor.java:192)
	at java.lang.Thread.run(Thread.java:534)
10/03/30 23:22:04 fiduciaweb: JspServlet: No se ha podido distribuir a la página solicitada: java.lang.ClassNotFoundException: _imagenes._msur01
	at oracle.jsp.runtimev2.JspClassLoader.loadClass(JspClassLoader.java:875)
	at java.lang.ClassLoader.loadClass(ClassLoader.java:235)
	at oracle.jsp.runtimev2.JspPageInfo.getInstFacade(JspPageInfo.java:172)
	at oracle.jsp.runtimev2.JspPageInfo.compileAndLoad(JspPageInfo.java:516)
	at oracle.jsp.runtimev2.JspPageTable.compileAndServe(JspPageTable.java:548)
	at oracle.jsp.runtimev2.JspPageTable.service(JspPageTable.java:311)
	at oracle.jsp.runtimev2.JspServlet.internalService(JspServlet.java:498)
	at oracle.jsp.runtimev2.JspServlet.service(JspServlet.java:402)
	at javax.servlet.http.HttpServlet.service(HttpServlet.java:853)
	at com.evermind.server.http.ResourceFilterChain.doFilter(ResourceFilterChain.java:65)
	at oracle.security.jazn.oc4j.JAZNFilter.doFilter(Unknown Source)
	at com.evermind.server.http.ServletRequestDispatcher.invoke(ServletRequestDispatcher.java:673)
	at com.evermind.server.http.ServletRequestDispatcher.forwardInternal(ServletRequestDispatcher.java:340)
	at com.evermind.server.http.HttpRequestHandler.processRequest(HttpRequestHandler.java:830)
	at com.evermind.server.http.HttpRequestHandler.run(HttpRequestHandler.java:285)
	at com.evermind.server.http.HttpRequestHandler.run(HttpRequestHandler.java:126)
	at com.evermind.util.ReleasableResourcePooledExecutor$MyWorker.run(ReleasableResourcePooledExecutor.java:192)
	at java.lang.Thread.run(Thread.java:534)

10/03/30 23:22:27 fiduciaweb: JspServlet: No se ha podido distribuir a la página solicitada: java.lang.ClassNotFoundException: _imagenes._msur01
	at oracle.jsp.runtimev2.JspClassLoader.loadClass(JspClassLoader.java:875)
	at java.lang.ClassLoader.loadClass(ClassLoader.java:235)
	at oracle.jsp.runtimev2.JspPageInfo.getInstFacade(JspPageInfo.java:172)
	at oracle.jsp.runtimev2.JspPageInfo.compileAndLoad(JspPageInfo.java:516)
	at oracle.jsp.runtimev2.JspPageTable.compileAndServe(JspPageTable.java:548)
	at oracle.jsp.runtimev2.JspPageTable.service(JspPageTable.java:311)
	at oracle.jsp.runtimev2.JspServlet.internalService(JspServlet.java:498)
	at oracle.jsp.runtimev2.JspServlet.service(JspServlet.java:402)
	at javax.servlet.http.HttpServlet.service(HttpServlet.java:853)
	at com.evermind.server.http.ResourceFilterChain.doFilter(ResourceFilterChain.java:65)
	at oracle.security.jazn.oc4j.JAZNFilter.doFilter(Unknown Source)
	at com.evermind.server.http.ServletRequestDispatcher.invoke(ServletRequestDispatcher.java:673)
	at com.evermind.server.http.ServletRequestDispatcher.forwardInternal(ServletRequestDispatcher.java:340)
	at com.evermind.server.http.HttpRequestHandler.processRequest(HttpRequestHandler.java:830)
	at com.evermind.server.http.HttpRequestHandler.run(HttpRequestHandler.java:285)
	at com.evermind.server.http.HttpRequestHandler.run(HttpRequestHandler.java:126)
	at com.evermind.util.ReleasableResourcePooledExecutor$MyWorker.run(ReleasableResourcePooledExecutor.java:192)
	at java.lang.Thread.run(Thread.java:534)

10/03/30 23:22:56 fiduciaweb: JspServlet: No se ha podido distribuir a la página solicitada: java.lang.ClassNotFoundException: _imagenes._msur01
	at oracle.jsp.runtimev2.JspClassLoader.loadClass(JspClassLoader.java:875)
	at java.lang.ClassLoader.loadClass(ClassLoader.java:235)
	at oracle.jsp.runtimev2.JspPageInfo.getInstFacade(JspPageInfo.java:172)
	at oracle.jsp.runtimev2.JspPageInfo.compileAndLoad(JspPageInfo.java:516)
	at oracle.jsp.runtimev2.JspPageTable.compileAndServe(JspPageTable.java:548)
	at oracle.jsp.runtimev2.JspPageTable.service(JspPageTable.java:311)
	at oracle.jsp.runtimev2.JspServlet.internalService(JspServlet.java:498)
	at oracle.jsp.runtimev2.JspServlet.service(JspServlet.java:402)
	at javax.servlet.http.HttpServlet.service(HttpServlet.java:853)
	at com.evermind.server.http.ResourceFilterChain.doFilter(ResourceFilterChain.java:65)
	at oracle.security.jazn.oc4j.JAZNFilter.doFilter(Unknown Source)
	at com.evermind.server.http.ServletRequestDispatcher.invoke(ServletRequestDispatcher.java:673)
	at com.evermind.server.http.ServletRequestDispatcher.forwardInternal(ServletRequestDispatcher.java:340)
	at com.evermind.server.http.HttpRequestHandler.processRequest(HttpRequestHandler.java:830)
	at com.evermind.server.http.HttpRequestHandler.run(HttpRequestHandler.java:285)
	at com.evermind.server.http.HttpRequestHandler.run(HttpRequestHandler.java:126)
	at com.evermind.util.ReleasableResourcePooledExecutor$MyWorker.run(ReleasableResourcePooledExecutor.java:192)
	at java.lang.Thread.run(Thread.java:534)

10/03/30 23:22:56 fiduciaweb: Connection reset by peer: socket write error
10/03/30 23:22:56 fiduciaweb: Connection reset by peer: socket write error
10/03/30 23:23:14 fiduciaweb: JspServlet: No se ha podido distribuir a la página solicitada: java.lang.ClassNotFoundException: _imagenes._msur01
	at oracle.jsp.runtimev2.JspClassLoader.loadClass(JspClassLoader.java:875)
	at java.lang.ClassLoader.loadClass(ClassLoader.java:235)
	at oracle.jsp.runtimev2.JspPageInfo.getInstFacade(JspPageInfo.java:172)
	at oracle.jsp.runtimev2.JspPageInfo.compileAndLoad(JspPageInfo.java:516)
	at oracle.jsp.runtimev2.JspPageTable.compileAndServe(JspPageTable.java:548)
	at oracle.jsp.runtimev2.JspPageTable.service(JspPageTable.java:311)
	at oracle.jsp.runtimev2.JspServlet.internalService(JspServlet.java:498)
	at oracle.jsp.runtimev2.JspServlet.service(JspServlet.java:402)
	at javax.servlet.http.HttpServlet.service(HttpServlet.java:853)
	at com.evermind.server.http.ResourceFilterChain.doFilter(ResourceFilterChain.java:65)
	at oracle.security.jazn.oc4j.JAZNFilter.doFilter(Unknown Source)
	at com.evermind.server.http.ServletRequestDispatcher.invoke(ServletRequestDispatcher.java:673)
	at com.evermind.server.http.ServletRequestDispatcher.forwardInternal(ServletRequestDispatcher.java:340)
	at com.evermind.server.http.HttpRequestHandler.processRequest(HttpRequestHandler.java:830)
	at com.evermind.server.http.HttpRequestHandler.run(HttpRequestHandler.java:285)
	at com.evermind.server.http.HttpRequestHandler.run(HttpRequestHandler.java:126)
	at com.evermind.util.ReleasableResourcePooledExecutor$MyWorker.run(ReleasableResourcePooledExecutor.java:192)
	at java.lang.Thread.run(Thread.java:534)

10/03/30 23:23:37 fiduciaweb: Servlet error
java.lang.StringIndexOutOfBoundsException: String index out of range: -1
	at java.lang.String.substring(String.java:1444)
	at _instruccion2._jspService(instruccion2.jsp:59)
	at com.orionserver[Oracle Application Server Containers for J2EE 10g (10.1.2.2.0)].http.OrionHttpJspPage.service(OrionHttpJspPage.java:56)
	at oracle.jsp.runtimev2.JspPageTable.service(JspPageTable.java:356)
	at oracle.jsp.runtimev2.JspServlet.internalService(JspServlet.java:498)
	at oracle.jsp.runtimev2.JspServlet.service(JspServlet.java:402)
	at javax.servlet.http.HttpServlet.service(HttpServlet.java:853)
	at com.evermind[Oracle Application Server Containers for J2EE 10g (10.1.2.2.0)].server.http.ResourceFilterChain.doFilter(ResourceFilterChain.java:65)
	at oracle.security.jazn.oc4j.JAZNFilter.doFilter(Unknown Source)
	at com.evermind[Oracle Application Server Containers for J2EE 10g (10.1.2.2.0)].server.http.ServletRequestDispatcher.invoke(ServletRequestDispatcher.java:673)
	at com.evermind[Oracle Application Server Containers for J2EE 10g (10.1.2.2.0)].server.http.ServletRequestDispatcher.forwardInternal(ServletRequestDispatcher.java:340)
	at com.evermind[Oracle Application Server Containers for J2EE 10g (10.1.2.2.0)].server.http.HttpRequestHandler.processRequest(HttpRequestHandler.java:830)
	at com.evermind[Oracle Application Server Containers for J2EE 10g (10.1.2.2.0)].server.http.HttpRequestHandler.run(HttpRequestHandler.java:285)
	at com.evermind[Oracle Application Server Containers for J2EE 10g (10.1.2.2.0)].server.http.HttpRequestHandler.run(HttpRequestHandler.java:126)
	at com.evermind[Oracle Application Server Containers for J2EE 10g (10.1.2.2.0)].util.ReleasableResourcePooledExecutor$MyWorker.run(ReleasableResourcePooledExecutor.java:192)
	at java.lang.Thread.run(Thread.java:534)
10/03/30 23:24:53 fiduciaweb: JspServlet: No se ha podido distribuir a la página solicitada: java.lang.ClassNotFoundException: _imagenes._msur01
	at oracle.jsp.runtimev2.JspClassLoader.loadClass(JspClassLoader.java:875)
	at java.lang.ClassLoader.loadClass(ClassLoader.java:235)
	at oracle.jsp.runtimev2.JspPageInfo.getInstFacade(JspPageInfo.java:172)
	at oracle.jsp.runtimev2.JspPageInfo.compileAndLoad(JspPageInfo.java:516)
	at oracle.jsp.runtimev2.JspPageTable.compileAndServe(JspPageTable.java:548)
	at oracle.jsp.runtimev2.JspPageTable.service(JspPageTable.java:311)
	at oracle.jsp.runtimev2.JspServlet.internalService(JspServlet.java:498)
	at oracle.jsp.runtimev2.JspServlet.service(JspServlet.java:402)
	at javax.servlet.http.HttpServlet.service(HttpServlet.java:853)
	at com.evermind.server.http.ResourceFilterChain.doFilter(ResourceFilterChain.java:65)
	at oracle.security.jazn.oc4j.JAZNFilter.doFilter(Unknown Source)
	at com.evermind.server.http.ServletRequestDispatcher.invoke(ServletRequestDispatcher.java:673)
	at com.evermind.server.http.ServletRequestDispatcher.forwardInternal(ServletRequestDispatcher.java:340)
	at com.evermind.server.http.HttpRequestHandler.processRequest(HttpRequestHandler.java:830)
	at com.evermind.server.http.HttpRequestHandler.run(HttpRequestHandler.java:285)
	at com.evermind.server.http.HttpRequestHandler.run(HttpRequestHandler.java:126)
	at com.evermind.util.ReleasableResourcePooledExecutor$MyWorker.run(ReleasableResourcePooledExecutor.java:192)
	at java.lang.Thread.run(Thread.java:534)

10/03/30 23:24:53 fiduciaweb: Connection reset by peer: socket write error
10/03/30 23:24:53 fiduciaweb: Connection reset by peer: socket write error
10/03/30 23:26:07 fiduciaweb: JspServlet: No se ha podido distribuir a la página solicitada: java.lang.ClassNotFoundException: _imagenes._msur01
	at oracle.jsp.runtimev2.JspClassLoader.loadClass(JspClassLoader.java:875)
	at java.lang.ClassLoader.loadClass(ClassLoader.java:235)
	at oracle.jsp.runtimev2.JspPageInfo.getInstFacade(JspPageInfo.java:172)
	at oracle.jsp.runtimev2.JspPageInfo.compileAndLoad(JspPageInfo.java:516)
	at oracle.jsp.runtimev2.JspPageTable.compileAndServe(JspPageTable.java:548)
	at oracle.jsp.runtimev2.JspPageTable.service(JspPageTable.java:311)
	at oracle.jsp.runtimev2.JspServlet.internalService(JspServlet.java:498)
	at oracle.jsp.runtimev2.JspServlet.service(JspServlet.java:402)
	at javax.servlet.http.HttpServlet.service(HttpServlet.java:853)
	at com.evermind.server.http.ResourceFilterChain.doFilter(ResourceFilterChain.java:65)
	at oracle.security.jazn.oc4j.JAZNFilter.doFilter(Unknown Source)
	at com.evermind.server.http.ServletRequestDispatcher.invoke(ServletRequestDispatcher.java:673)
	at com.evermind.server.http.ServletRequestDispatcher.forwardInternal(ServletRequestDispatcher.java:340)
	at com.evermind.server.http.HttpRequestHandler.processRequest(HttpRequestHandler.java:830)
	at com.evermind.server.http.HttpRequestHandler.run(HttpRequestHandler.java:285)
	at com.evermind.server.http.HttpRequestHandler.run(HttpRequestHandler.java:126)
	at com.evermind.util.ReleasableResourcePooledExecutor$MyWorker.run(ReleasableResourcePooledExecutor.java:192)
	at java.lang.Thread.run(Thread.java:534)

10/03/30 23:27:00 fiduciaweb: JspServlet: No se ha podido distribuir a la página solicitada: java.lang.ClassNotFoundException: _imagenes._msur01
	at oracle.jsp.runtimev2.JspClassLoader.loadClass(JspClassLoader.java:875)
	at java.lang.ClassLoader.loadClass(ClassLoader.java:235)
	at oracle.jsp.runtimev2.JspPageInfo.getInstFacade(JspPageInfo.java:172)
	at oracle.jsp.runtimev2.JspPageInfo.compileAndLoad(JspPageInfo.java:516)
	at oracle.jsp.runtimev2.JspPageTable.compileAndServe(JspPageTable.java:548)
	at oracle.jsp.runtimev2.JspPageTable.service(JspPageTable.java:311)
	at oracle.jsp.runtimev2.JspServlet.internalService(JspServlet.java:498)
	at oracle.jsp.runtimev2.JspServlet.service(JspServlet.java:402)
	at javax.servlet.http.HttpServlet.service(HttpServlet.java:853)
	at com.evermind.server.http.ResourceFilterChain.doFilter(ResourceFilterChain.java:65)
	at oracle.security.jazn.oc4j.JAZNFilter.doFilter(Unknown Source)
	at com.evermind.server.http.ServletRequestDispatcher.invoke(ServletRequestDispatcher.java:673)
	at com.evermind.server.http.ServletRequestDispatcher.forwardInternal(ServletRequestDispatcher.java:340)
	at com.evermind.server.http.HttpRequestHandler.processRequest(HttpRequestHandler.java:830)
	at com.evermind.server.http.HttpRequestHandler.run(HttpRequestHandler.java:285)
	at com.evermind.server.http.HttpRequestHandler.run(HttpRequestHandler.java:126)
	at com.evermind.util.ReleasableResourcePooledExecutor$MyWorker.run(ReleasableResourcePooledExecutor.java:192)
	at java.lang.Thread.run(Thread.java:534)

10/03/30 23:27:04 fiduciaweb: Servlet error
java.lang.StringIndexOutOfBoundsException: String index out of range: -1
	at java.lang.String.substring(String.java:1444)
	at _instruccion2._jspService(instruccion2.jsp:59)
	at com.orionserver[Oracle Application Server Containers for J2EE 10g (10.1.2.2.0)].http.OrionHttpJspPage.service(OrionHttpJspPage.java:56)
	at oracle.jsp.runtimev2.JspPageTable.service(JspPageTable.java:356)
	at oracle.jsp.runtimev2.JspServlet.internalService(JspServlet.java:498)
	at oracle.jsp.runtimev2.JspServlet.service(JspServlet.java:402)
	at javax.servlet.http.HttpServlet.service(HttpServlet.java:853)
	at com.evermind[Oracle Application Server Containers for J2EE 10g (10.1.2.2.0)].server.http.ResourceFilterChain.doFilter(ResourceFilterChain.java:65)
	at oracle.security.jazn.oc4j.JAZNFilter.doFilter(Unknown Source)
	at com.evermind[Oracle Application Server Containers for J2EE 10g (10.1.2.2.0)].server.http.ServletRequestDispatcher.invoke(ServletRequestDispatcher.java:673)
	at com.evermind[Oracle Application Server Containers for J2EE 10g (10.1.2.2.0)].server.http.ServletRequestDispatcher.forwardInternal(ServletRequestDispatcher.java:340)
	at com.evermind[Oracle Application Server Containers for J2EE 10g (10.1.2.2.0)].server.http.HttpRequestHandler.processRequest(HttpRequestHandler.java:830)
	at com.evermind[Oracle Application Server Containers for J2EE 10g (10.1.2.2.0)].server.http.HttpRequestHandler.run(HttpRequestHandler.java:285)
	at com.evermind[Oracle Application Server Containers for J2EE 10g (10.1.2.2.0)].server.http.HttpRequestHandler.run(HttpRequestHandler.java:126)
	at com.evermind[Oracle Application Server Containers for J2EE 10g (10.1.2.2.0)].util.ReleasableResourcePooledExecutor$MyWorker.run(ReleasableResourcePooledExecutor.java:192)
	at java.lang.Thread.run(Thread.java:534)
10/03/30 23:27:30 fiduciaweb: JspServlet: No se ha podido distribuir a la página solicitada: java.lang.ClassNotFoundException: _imagenes._msur01
	at oracle.jsp.runtimev2.JspClassLoader.loadClass(JspClassLoader.java:875)
	at java.lang.ClassLoader.loadClass(ClassLoader.java:235)
	at oracle.jsp.runtimev2.JspPageInfo.getInstFacade(JspPageInfo.java:172)
	at oracle.jsp.runtimev2.JspPageInfo.compileAndLoad(JspPageInfo.java:516)
	at oracle.jsp.runtimev2.JspPageTable.compileAndServe(JspPageTable.java:548)
	at oracle.jsp.runtimev2.JspPageTable.service(JspPageTable.java:311)
	at oracle.jsp.runtimev2.JspServlet.internalService(JspServlet.java:498)
	at oracle.jsp.runtimev2.JspServlet.service(JspServlet.java:402)
	at javax.servlet.http.HttpServlet.service(HttpServlet.java:853)
	at com.evermind.server.http.ResourceFilterChain.doFilter(ResourceFilterChain.java:65)
	at oracle.security.jazn.oc4j.JAZNFilter.doFilter(Unknown Source)
	at com.evermind.server.http.ServletRequestDispatcher.invoke(ServletRequestDispatcher.java:673)
	at com.evermind.server.http.ServletRequestDispatcher.forwardInternal(ServletRequestDispatcher.java:340)
	at com.evermind.server.http.HttpRequestHandler.processRequest(HttpRequestHandler.java:830)
	at com.evermind.server.http.HttpRequestHandler.run(HttpRequestHandler.java:285)
	at com.evermind.server.http.HttpRequestHandler.run(HttpRequestHandler.java:126)
	at com.evermind.util.ReleasableResourcePooledExecutor$MyWorker.run(ReleasableResourcePooledExecutor.java:192)
	at java.lang.Thread.run(Thread.java:534)

10/03/30 23:28:04 fiduciaweb: Servlet error
java.lang.NullPointerException
	at _FI__ValidUser._jspService(FI_ValidUser.jsp:11)
	at com.orionserver[Oracle Application Server Containers for J2EE 10g (10.1.2.2.0)].http.OrionHttpJspPage.service(OrionHttpJspPage.java:56)
	at oracle.jsp.runtimev2.JspPageTable.service(JspPageTable.java:356)
	at oracle.jsp.runtimev2.JspServlet.internalService(JspServlet.java:498)
	at oracle.jsp.runtimev2.JspServlet.service(JspServlet.java:402)
	at javax.servlet.http.HttpServlet.service(HttpServlet.java:853)
	at com.evermind[Oracle Application Server Containers for J2EE 10g (10.1.2.2.0)].server.http.ResourceFilterChain.doFilter(ResourceFilterChain.java:65)
	at oracle.security.jazn.oc4j.JAZNFilter.doFilter(Unknown Source)
	at com.evermind[Oracle Application Server Containers for J2EE 10g (10.1.2.2.0)].server.http.ServletRequestDispatcher.invoke(ServletRequestDispatcher.java:673)
	at com.evermind[Oracle Application Server Containers for J2EE 10g (10.1.2.2.0)].server.http.ServletRequestDispatcher.forwardInternal(ServletRequestDispatcher.java:340)
	at com.evermind[Oracle Application Server Containers for J2EE 10g (10.1.2.2.0)].server.http.HttpRequestHandler.processRequest(HttpRequestHandler.java:830)
	at com.evermind[Oracle Application Server Containers for J2EE 10g (10.1.2.2.0)].server.http.HttpRequestHandler.run(HttpRequestHandler.java:285)
	at com.evermind[Oracle Application Server Containers for J2EE 10g (10.1.2.2.0)].server.http.HttpRequestHandler.run(HttpRequestHandler.java:126)
	at com.evermind[Oracle Application Server Containers for J2EE 10g (10.1.2.2.0)].util.ReleasableResourcePooledExecutor$MyWorker.run(ReleasableResourcePooledExecutor.java:192)
	at java.lang.Thread.run(Thread.java:534)
10/03/30 23:28:39 Started
10/03/30 23:28:41 fiduciaweb: JDevOJSP: init
10/03/30 23:28:41 fiduciaweb: Started
10/03/30 23:36:14 fiduciaweb: Servlet error
java.lang.NullPointerException
	at _FI__ValidUser._jspService(FI_ValidUser.jsp:11)
	at com.orionserver[Oracle Application Server Containers for J2EE 10g (10.1.2.2.0)].http.OrionHttpJspPage.service(OrionHttpJspPage.java:56)
	at oracle.jsp.runtimev2.JspPageTable.service(JspPageTable.java:356)
	at oracle.jsp.runtimev2.JspServlet.internalService(JspServlet.java:498)
	at oracle.jsp.runtimev2.JspServlet.service(JspServlet.java:402)
	at javax.servlet.http.HttpServlet.service(HttpServlet.java:853)
	at com.evermind[Oracle Application Server Containers for J2EE 10g (10.1.2.2.0)].server.http.ResourceFilterChain.doFilter(ResourceFilterChain.java:65)
	at oracle.security.jazn.oc4j.JAZNFilter.doFilter(Unknown Source)
	at com.evermind[Oracle Application Server Containers for J2EE 10g (10.1.2.2.0)].server.http.ServletRequestDispatcher.invoke(ServletRequestDispatcher.java:673)
	at com.evermind[Oracle Application Server Containers for J2EE 10g (10.1.2.2.0)].server.http.ServletRequestDispatcher.forwardInternal(ServletRequestDispatcher.java:340)
	at com.evermind[Oracle Application Server Containers for J2EE 10g (10.1.2.2.0)].server.http.HttpRequestHandler.processRequest(HttpRequestHandler.java:830)
	at com.evermind[Oracle Application Server Containers for J2EE 10g (10.1.2.2.0)].server.http.HttpRequestHandler.run(HttpRequestHandler.java:285)
	at com.evermind[Oracle Application Server Containers for J2EE 10g (10.1.2.2.0)].server.http.HttpRequestHandler.run(HttpRequestHandler.java:126)
	at com.evermind[Oracle Application Server Containers for J2EE 10g (10.1.2.2.0)].util.ReleasableResourcePooledExecutor$MyWorker.run(ReleasableResourcePooledExecutor.java:186)
	at java.lang.Thread.run(Thread.java:534)
10/03/30 23:36:40 fiduciaweb: Servlet error
java.lang.NullPointerException
	at _FI__ValidUser._jspService(FI_ValidUser.jsp:11)
	at com.orionserver[Oracle Application Server Containers for J2EE 10g (10.1.2.2.0)].http.OrionHttpJspPage.service(OrionHttpJspPage.java:56)
	at oracle.jsp.runtimev2.JspPageTable.service(JspPageTable.java:356)
	at oracle.jsp.runtimev2.JspServlet.internalService(JspServlet.java:498)
	at oracle.jsp.runtimev2.JspServlet.service(JspServlet.java:402)
	at javax.servlet.http.HttpServlet.service(HttpServlet.java:853)
	at com.evermind[Oracle Application Server Containers for J2EE 10g (10.1.2.2.0)].server.http.ResourceFilterChain.doFilter(ResourceFilterChain.java:65)
	at oracle.security.jazn.oc4j.JAZNFilter.doFilter(Unknown Source)
	at com.evermind[Oracle Application Server Containers for J2EE 10g (10.1.2.2.0)].server.http.ServletRequestDispatcher.invoke(ServletRequestDispatcher.java:673)
	at com.evermind[Oracle Application Server Containers for J2EE 10g (10.1.2.2.0)].server.http.ServletRequestDispatcher.forwardInternal(ServletRequestDispatcher.java:340)
	at com.evermind[Oracle Application Server Containers for J2EE 10g (10.1.2.2.0)].server.http.HttpRequestHandler.processRequest(HttpRequestHandler.java:830)
	at com.evermind[Oracle Application Server Containers for J2EE 10g (10.1.2.2.0)].server.http.HttpRequestHandler.run(HttpRequestHandler.java:285)
	at com.evermind[Oracle Application Server Containers for J2EE 10g (10.1.2.2.0)].server.http.HttpRequestHandler.run(HttpRequestHandler.java:126)
	at com.evermind[Oracle Application Server Containers for J2EE 10g (10.1.2.2.0)].util.ReleasableResourcePooledExecutor$MyWorker.run(ReleasableResourcePooledExecutor.java:192)
	at java.lang.Thread.run(Thread.java:534)
10/03/30 23:36:59 fiduciaweb: Servlet error
java.lang.NullPointerException
	at _FI__ValidUser._jspService(FI_ValidUser.jsp:11)
	at com.orionserver[Oracle Application Server Containers for J2EE 10g (10.1.2.2.0)].http.OrionHttpJspPage.service(OrionHttpJspPage.java:56)
	at oracle.jsp.runtimev2.JspPageTable.service(JspPageTable.java:356)
	at oracle.jsp.runtimev2.JspServlet.internalService(JspServlet.java:498)
	at oracle.jsp.runtimev2.JspServlet.service(JspServlet.java:402)
	at javax.servlet.http.HttpServlet.service(HttpServlet.java:853)
	at com.evermind[Oracle Application Server Containers for J2EE 10g (10.1.2.2.0)].server.http.ResourceFilterChain.doFilter(ResourceFilterChain.java:65)
	at oracle.security.jazn.oc4j.JAZNFilter.doFilter(Unknown Source)
	at com.evermind[Oracle Application Server Containers for J2EE 10g (10.1.2.2.0)].server.http.ServletRequestDispatcher.invoke(ServletRequestDispatcher.java:673)
	at com.evermind[Oracle Application Server Containers for J2EE 10g (10.1.2.2.0)].server.http.ServletRequestDispatcher.forwardInternal(ServletRequestDispatcher.java:340)
	at com.evermind[Oracle Application Server Containers for J2EE 10g (10.1.2.2.0)].server.http.HttpRequestHandler.processRequest(HttpRequestHandler.java:830)
	at com.evermind[Oracle Application Server Containers for J2EE 10g (10.1.2.2.0)].server.http.HttpRequestHandler.run(HttpRequestHandler.java:285)
	at com.evermind[Oracle Application Server Containers for J2EE 10g (10.1.2.2.0)].server.http.HttpRequestHandler.run(HttpRequestHandler.java:126)
	at com.evermind[Oracle Application Server Containers for J2EE 10g (10.1.2.2.0)].util.ReleasableResourcePooledExecutor$MyWorker.run(ReleasableResourcePooledExecutor.java:192)
	at java.lang.Thread.run(Thread.java:534)
10/03/30 23:37:22 fiduciaweb: Servlet error
java.lang.NullPointerException
	at _FI__ValidUser._jspService(FI_ValidUser.jsp:11)
	at com.orionserver[Oracle Application Server Containers for J2EE 10g (10.1.2.2.0)].http.OrionHttpJspPage.service(OrionHttpJspPage.java:56)
	at oracle.jsp.runtimev2.JspPageTable.service(JspPageTable.java:356)
	at oracle.jsp.runtimev2.JspServlet.internalService(JspServlet.java:498)
	at oracle.jsp.runtimev2.JspServlet.service(JspServlet.java:402)
	at javax.servlet.http.HttpServlet.service(HttpServlet.java:853)
	at com.evermind[Oracle Application Server Containers for J2EE 10g (10.1.2.2.0)].server.http.ResourceFilterChain.doFilter(ResourceFilterChain.java:65)
	at oracle.security.jazn.oc4j.JAZNFilter.doFilter(Unknown Source)
	at com.evermind[Oracle Application Server Containers for J2EE 10g (10.1.2.2.0)].server.http.ServletRequestDispatcher.invoke(ServletRequestDispatcher.java:673)
	at com.evermind[Oracle Application Server Containers for J2EE 10g (10.1.2.2.0)].server.http.ServletRequestDispatcher.forwardInternal(ServletRequestDispatcher.java:340)
	at com.evermind[Oracle Application Server Containers for J2EE 10g (10.1.2.2.0)].server.http.HttpRequestHandler.processRequest(HttpRequestHandler.java:830)
	at com.evermind[Oracle Application Server Containers for J2EE 10g (10.1.2.2.0)].server.http.HttpRequestHandler.run(HttpRequestHandler.java:285)
	at com.evermind[Oracle Application Server Containers for J2EE 10g (10.1.2.2.0)].server.http.HttpRequestHandler.run(HttpRequestHandler.java:126)
	at com.evermind[Oracle Application Server Containers for J2EE 10g (10.1.2.2.0)].util.ReleasableResourcePooledExecutor$MyWorker.run(ReleasableResourcePooledExecutor.java:192)
	at java.lang.Thread.run(Thread.java:534)
10/03/30 23:38:40 Started
10/03/30 23:38:43 fiduciaweb: JDevOJSP: init
10/03/30 23:38:43 fiduciaweb: Started
10/03/31 00:04:17 Started
10/03/31 00:04:24 fiduciaweb: JDevOJSP: init
10/03/31 00:04:24 fiduciaweb: Started
10/03/31 00:04:45 fiduciaweb: Connection reset by peer: socket write error
10/03/31 00:18:21 fiduciaweb: JspServlet: No se ha podido distribuir a la página solicitada: java.lang.ClassNotFoundException: _imagenes._msur01
	at oracle.jsp.runtimev2.JspClassLoader.loadClass(JspClassLoader.java:875)
	at java.lang.ClassLoader.loadClass(ClassLoader.java:235)
	at oracle.jsp.runtimev2.JspPageInfo.getInstFacade(JspPageInfo.java:172)
	at oracle.jsp.runtimev2.JspPageInfo.compileAndLoad(JspPageInfo.java:516)
	at oracle.jsp.runtimev2.JspPageTable.compileAndServe(JspPageTable.java:548)
	at oracle.jsp.runtimev2.JspPageTable.service(JspPageTable.java:311)
	at oracle.jsp.runtimev2.JspServlet.internalService(JspServlet.java:498)
	at oracle.jsp.runtimev2.JspServlet.service(JspServlet.java:402)
	at javax.servlet.http.HttpServlet.service(HttpServlet.java:853)
	at com.evermind.server.http.ResourceFilterChain.doFilter(ResourceFilterChain.java:65)
	at oracle.security.jazn.oc4j.JAZNFilter.doFilter(Unknown Source)
	at com.evermind.server.http.ServletRequestDispatcher.invoke(ServletRequestDispatcher.java:673)
	at com.evermind.server.http.ServletRequestDispatcher.forwardInternal(ServletRequestDispatcher.java:340)
	at com.evermind.server.http.HttpRequestHandler.processRequest(HttpRequestHandler.java:830)
	at com.evermind.server.http.HttpRequestHandler.run(HttpRequestHandler.java:285)
	at com.evermind.server.http.HttpRequestHandler.run(HttpRequestHandler.java:126)
	at com.evermind.util.ReleasableResourcePooledExecutor$MyWorker.run(ReleasableResourcePooledExecutor.java:186)
	at java.lang.Thread.run(Thread.java:534)

10/03/31 00:18:24 fiduciaweb: Servlet error
java.lang.StringIndexOutOfBoundsException: String index out of range: -1
	at java.lang.String.substring(String.java:1444)
	at _instruccion2._jspService(instruccion2.jsp:59)
	at com.orionserver[Oracle Application Server Containers for J2EE 10g (10.1.2.2.0)].http.OrionHttpJspPage.service(OrionHttpJspPage.java:56)
	at oracle.jsp.runtimev2.JspPageTable.service(JspPageTable.java:356)
	at oracle.jsp.runtimev2.JspServlet.internalService(JspServlet.java:498)
	at oracle.jsp.runtimev2.JspServlet.service(JspServlet.java:402)
	at javax.servlet.http.HttpServlet.service(HttpServlet.java:853)
	at com.evermind[Oracle Application Server Containers for J2EE 10g (10.1.2.2.0)].server.http.ResourceFilterChain.doFilter(ResourceFilterChain.java:65)
	at oracle.security.jazn.oc4j.JAZNFilter.doFilter(Unknown Source)
	at com.evermind[Oracle Application Server Containers for J2EE 10g (10.1.2.2.0)].server.http.ServletRequestDispatcher.invoke(ServletRequestDispatcher.java:673)
	at com.evermind[Oracle Application Server Containers for J2EE 10g (10.1.2.2.0)].server.http.ServletRequestDispatcher.forwardInternal(ServletRequestDispatcher.java:340)
	at com.evermind[Oracle Application Server Containers for J2EE 10g (10.1.2.2.0)].server.http.HttpRequestHandler.processRequest(HttpRequestHandler.java:830)
	at com.evermind[Oracle Application Server Containers for J2EE 10g (10.1.2.2.0)].server.http.HttpRequestHandler.run(HttpRequestHandler.java:285)
	at com.evermind[Oracle Application Server Containers for J2EE 10g (10.1.2.2.0)].server.http.HttpRequestHandler.run(HttpRequestHandler.java:126)
	at com.evermind[Oracle Application Server Containers for J2EE 10g (10.1.2.2.0)].util.ReleasableResourcePooledExecutor$MyWorker.run(ReleasableResourcePooledExecutor.java:192)
	at java.lang.Thread.run(Thread.java:534)
10/03/31 00:20:53 fiduciaweb: JspServlet: No se ha podido distribuir a la página solicitada: java.lang.ClassNotFoundException: _imagenes._msur01
	at oracle.jsp.runtimev2.JspClassLoader.loadClass(JspClassLoader.java:875)
	at java.lang.ClassLoader.loadClass(ClassLoader.java:235)
	at oracle.jsp.runtimev2.JspPageInfo.getInstFacade(JspPageInfo.java:172)
	at oracle.jsp.runtimev2.JspPageInfo.compileAndLoad(JspPageInfo.java:516)
	at oracle.jsp.runtimev2.JspPageTable.compileAndServe(JspPageTable.java:548)
	at oracle.jsp.runtimev2.JspPageTable.service(JspPageTable.java:311)
	at oracle.jsp.runtimev2.JspServlet.internalService(JspServlet.java:498)
	at oracle.jsp.runtimev2.JspServlet.service(JspServlet.java:402)
	at javax.servlet.http.HttpServlet.service(HttpServlet.java:853)
	at com.evermind.server.http.ResourceFilterChain.doFilter(ResourceFilterChain.java:65)
	at oracle.security.jazn.oc4j.JAZNFilter.doFilter(Unknown Source)
	at com.evermind.server.http.ServletRequestDispatcher.invoke(ServletRequestDispatcher.java:673)
	at com.evermind.server.http.ServletRequestDispatcher.forwardInternal(ServletRequestDispatcher.java:340)
	at com.evermind.server.http.HttpRequestHandler.processRequest(HttpRequestHandler.java:830)
	at com.evermind.server.http.HttpRequestHandler.run(HttpRequestHandler.java:285)
	at com.evermind.server.http.HttpRequestHandler.run(HttpRequestHandler.java:126)
	at com.evermind.util.ReleasableResourcePooledExecutor$MyWorker.run(ReleasableResourcePooledExecutor.java:192)
	at java.lang.Thread.run(Thread.java:534)

10/03/31 00:23:22 fiduciaweb: JspServlet: No se ha podido distribuir a la página solicitada: java.lang.ClassNotFoundException: _imagenes._msur01
	at oracle.jsp.runtimev2.JspClassLoader.loadClass(JspClassLoader.java:875)
	at java.lang.ClassLoader.loadClass(ClassLoader.java:235)
	at oracle.jsp.runtimev2.JspPageInfo.getInstFacade(JspPageInfo.java:172)
	at oracle.jsp.runtimev2.JspPageInfo.compileAndLoad(JspPageInfo.java:516)
	at oracle.jsp.runtimev2.JspPageTable.compileAndServe(JspPageTable.java:548)
	at oracle.jsp.runtimev2.JspPageTable.service(JspPageTable.java:311)
	at oracle.jsp.runtimev2.JspServlet.internalService(JspServlet.java:498)
	at oracle.jsp.runtimev2.JspServlet.service(JspServlet.java:402)
	at javax.servlet.http.HttpServlet.service(HttpServlet.java:853)
	at com.evermind.server.http.ResourceFilterChain.doFilter(ResourceFilterChain.java:65)
	at oracle.security.jazn.oc4j.JAZNFilter.doFilter(Unknown Source)
	at com.evermind.server.http.ServletRequestDispatcher.invoke(ServletRequestDispatcher.java:673)
	at com.evermind.server.http.ServletRequestDispatcher.forwardInternal(ServletRequestDispatcher.java:340)
	at com.evermind.server.http.HttpRequestHandler.processRequest(HttpRequestHandler.java:830)
	at com.evermind.server.http.HttpRequestHandler.run(HttpRequestHandler.java:285)
	at com.evermind.server.http.HttpRequestHandler.run(HttpRequestHandler.java:126)
	at com.evermind.util.ReleasableResourcePooledExecutor$MyWorker.run(ReleasableResourcePooledExecutor.java:192)
	at java.lang.Thread.run(Thread.java:534)

10/03/31 00:24:32 fiduciaweb: JspServlet: No se ha podido distribuir a la página solicitada: java.lang.ClassNotFoundException: _imagenes._msur01
	at oracle.jsp.runtimev2.JspClassLoader.loadClass(JspClassLoader.java:875)
	at java.lang.ClassLoader.loadClass(ClassLoader.java:235)
	at oracle.jsp.runtimev2.JspPageInfo.getInstFacade(JspPageInfo.java:172)
	at oracle.jsp.runtimev2.JspPageInfo.compileAndLoad(JspPageInfo.java:516)
	at oracle.jsp.runtimev2.JspPageTable.compileAndServe(JspPageTable.java:548)
	at oracle.jsp.runtimev2.JspPageTable.service(JspPageTable.java:311)
	at oracle.jsp.runtimev2.JspServlet.internalService(JspServlet.java:498)
	at oracle.jsp.runtimev2.JspServlet.service(JspServlet.java:402)
	at javax.servlet.http.HttpServlet.service(HttpServlet.java:853)
	at com.evermind.server.http.ResourceFilterChain.doFilter(ResourceFilterChain.java:65)
	at oracle.security.jazn.oc4j.JAZNFilter.doFilter(Unknown Source)
	at com.evermind.server.http.ServletRequestDispatcher.invoke(ServletRequestDispatcher.java:673)
	at com.evermind.server.http.ServletRequestDispatcher.forwardInternal(ServletRequestDispatcher.java:340)
	at com.evermind.server.http.HttpRequestHandler.processRequest(HttpRequestHandler.java:830)
	at com.evermind.server.http.HttpRequestHandler.run(HttpRequestHandler.java:285)
	at com.evermind.server.http.HttpRequestHandler.run(HttpRequestHandler.java:126)
	at com.evermind.util.ReleasableResourcePooledExecutor$MyWorker.run(ReleasableResourcePooledExecutor.java:192)
	at java.lang.Thread.run(Thread.java:534)

10/03/31 00:24:49 fiduciaweb: JspServlet: No se ha podido distribuir a la página solicitada: java.lang.ClassNotFoundException: _imagenes._msur01
	at oracle.jsp.runtimev2.JspClassLoader.loadClass(JspClassLoader.java:875)
	at java.lang.ClassLoader.loadClass(ClassLoader.java:235)
	at oracle.jsp.runtimev2.JspPageInfo.getInstFacade(JspPageInfo.java:172)
	at oracle.jsp.runtimev2.JspPageInfo.compileAndLoad(JspPageInfo.java:516)
	at oracle.jsp.runtimev2.JspPageTable.compileAndServe(JspPageTable.java:548)
	at oracle.jsp.runtimev2.JspPageTable.service(JspPageTable.java:311)
	at oracle.jsp.runtimev2.JspServlet.internalService(JspServlet.java:498)
	at oracle.jsp.runtimev2.JspServlet.service(JspServlet.java:402)
	at javax.servlet.http.HttpServlet.service(HttpServlet.java:853)
	at com.evermind.server.http.ResourceFilterChain.doFilter(ResourceFilterChain.java:65)
	at oracle.security.jazn.oc4j.JAZNFilter.doFilter(Unknown Source)
	at com.evermind.server.http.ServletRequestDispatcher.invoke(ServletRequestDispatcher.java:673)
	at com.evermind.server.http.ServletRequestDispatcher.forwardInternal(ServletRequestDispatcher.java:340)
	at com.evermind.server.http.HttpRequestHandler.processRequest(HttpRequestHandler.java:830)
	at com.evermind.server.http.HttpRequestHandler.run(HttpRequestHandler.java:285)
	at com.evermind.server.http.HttpRequestHandler.run(HttpRequestHandler.java:126)
	at com.evermind.util.ReleasableResourcePooledExecutor$MyWorker.run(ReleasableResourcePooledExecutor.java:192)
	at java.lang.Thread.run(Thread.java:534)

10/03/31 00:25:49 fiduciaweb: JspServlet: No se ha podido distribuir a la página solicitada: java.lang.ClassNotFoundException: _imagenes._msur01
	at oracle.jsp.runtimev2.JspClassLoader.loadClass(JspClassLoader.java:875)
	at java.lang.ClassLoader.loadClass(ClassLoader.java:235)
	at oracle.jsp.runtimev2.JspPageInfo.getInstFacade(JspPageInfo.java:172)
	at oracle.jsp.runtimev2.JspPageInfo.compileAndLoad(JspPageInfo.java:516)
	at oracle.jsp.runtimev2.JspPageTable.compileAndServe(JspPageTable.java:548)
	at oracle.jsp.runtimev2.JspPageTable.service(JspPageTable.java:311)
	at oracle.jsp.runtimev2.JspServlet.internalService(JspServlet.java:498)
	at oracle.jsp.runtimev2.JspServlet.service(JspServlet.java:402)
	at javax.servlet.http.HttpServlet.service(HttpServlet.java:853)
	at com.evermind.server.http.ResourceFilterChain.doFilter(ResourceFilterChain.java:65)
	at oracle.security.jazn.oc4j.JAZNFilter.doFilter(Unknown Source)
	at com.evermind.server.http.ServletRequestDispatcher.invoke(ServletRequestDispatcher.java:673)
	at com.evermind.server.http.ServletRequestDispatcher.forwardInternal(ServletRequestDispatcher.java:340)
	at com.evermind.server.http.HttpRequestHandler.processRequest(HttpRequestHandler.java:830)
	at com.evermind.server.http.HttpRequestHandler.run(HttpRequestHandler.java:285)
	at com.evermind.server.http.HttpRequestHandler.run(HttpRequestHandler.java:126)
	at com.evermind.util.ReleasableResourcePooledExecutor$MyWorker.run(ReleasableResourcePooledExecutor.java:192)
	at java.lang.Thread.run(Thread.java:534)

10/03/31 00:26:58 fiduciaweb: JspServlet: No se ha podido distribuir a la página solicitada: java.lang.ClassNotFoundException: _imagenes._msur01
	at oracle.jsp.runtimev2.JspClassLoader.loadClass(JspClassLoader.java:875)
	at java.lang.ClassLoader.loadClass(ClassLoader.java:235)
	at oracle.jsp.runtimev2.JspPageInfo.getInstFacade(JspPageInfo.java:172)
	at oracle.jsp.runtimev2.JspPageInfo.compileAndLoad(JspPageInfo.java:516)
	at oracle.jsp.runtimev2.JspPageTable.compileAndServe(JspPageTable.java:548)
	at oracle.jsp.runtimev2.JspPageTable.service(JspPageTable.java:311)
	at oracle.jsp.runtimev2.JspServlet.internalService(JspServlet.java:498)
	at oracle.jsp.runtimev2.JspServlet.service(JspServlet.java:402)
	at javax.servlet.http.HttpServlet.service(HttpServlet.java:853)
	at com.evermind.server.http.ResourceFilterChain.doFilter(ResourceFilterChain.java:65)
	at oracle.security.jazn.oc4j.JAZNFilter.doFilter(Unknown Source)
	at com.evermind.server.http.ServletRequestDispatcher.invoke(ServletRequestDispatcher.java:673)
	at com.evermind.server.http.ServletRequestDispatcher.forwardInternal(ServletRequestDispatcher.java:340)
	at com.evermind.server.http.HttpRequestHandler.processRequest(HttpRequestHandler.java:830)
	at com.evermind.server.http.HttpRequestHandler.run(HttpRequestHandler.java:285)
	at com.evermind.server.http.HttpRequestHandler.run(HttpRequestHandler.java:126)
	at com.evermind.util.ReleasableResourcePooledExecutor$MyWorker.run(ReleasableResourcePooledExecutor.java:192)
	at java.lang.Thread.run(Thread.java:534)

10/03/31 00:48:32 fiduciaweb: JspServlet: No se ha podido distribuir a la página solicitada: java.lang.ClassNotFoundException: _imagenes._msur01
	at oracle.jsp.runtimev2.JspClassLoader.loadClass(JspClassLoader.java:875)
	at java.lang.ClassLoader.loadClass(ClassLoader.java:235)
	at oracle.jsp.runtimev2.JspPageInfo.getInstFacade(JspPageInfo.java:172)
	at oracle.jsp.runtimev2.JspPageInfo.compileAndLoad(JspPageInfo.java:516)
	at oracle.jsp.runtimev2.JspPageTable.compileAndServe(JspPageTable.java:548)
	at oracle.jsp.runtimev2.JspPageTable.service(JspPageTable.java:311)
	at oracle.jsp.runtimev2.JspServlet.internalService(JspServlet.java:498)
	at oracle.jsp.runtimev2.JspServlet.service(JspServlet.java:402)
	at javax.servlet.http.HttpServlet.service(HttpServlet.java:853)
	at com.evermind.server.http.ResourceFilterChain.doFilter(ResourceFilterChain.java:65)
	at oracle.security.jazn.oc4j.JAZNFilter.doFilter(Unknown Source)
	at com.evermind.server.http.ServletRequestDispatcher.invoke(ServletRequestDispatcher.java:673)
	at com.evermind.server.http.ServletRequestDispatcher.forwardInternal(ServletRequestDispatcher.java:340)
	at com.evermind.server.http.HttpRequestHandler.processRequest(HttpRequestHandler.java:830)
	at com.evermind.server.http.HttpRequestHandler.run(HttpRequestHandler.java:285)
	at com.evermind.server.http.HttpRequestHandler.run(HttpRequestHandler.java:126)
	at com.evermind.util.ReleasableResourcePooledExecutor$MyWorker.run(ReleasableResourcePooledExecutor.java:192)
	at java.lang.Thread.run(Thread.java:534)

10/03/31 00:52:31 fiduciaweb: JspServlet: No se ha podido distribuir a la página solicitada: java.lang.ClassNotFoundException: _imagenes._msur01
	at oracle.jsp.runtimev2.JspClassLoader.loadClass(JspClassLoader.java:875)
	at java.lang.ClassLoader.loadClass(ClassLoader.java:235)
	at oracle.jsp.runtimev2.JspPageInfo.getInstFacade(JspPageInfo.java:172)
	at oracle.jsp.runtimev2.JspPageInfo.compileAndLoad(JspPageInfo.java:516)
	at oracle.jsp.runtimev2.JspPageTable.compileAndServe(JspPageTable.java:548)
	at oracle.jsp.runtimev2.JspPageTable.service(JspPageTable.java:311)
	at oracle.jsp.runtimev2.JspServlet.internalService(JspServlet.java:498)
	at oracle.jsp.runtimev2.JspServlet.service(JspServlet.java:402)
	at javax.servlet.http.HttpServlet.service(HttpServlet.java:853)
	at com.evermind.server.http.ResourceFilterChain.doFilter(ResourceFilterChain.java:65)
	at oracle.security.jazn.oc4j.JAZNFilter.doFilter(Unknown Source)
	at com.evermind.server.http.ServletRequestDispatcher.invoke(ServletRequestDispatcher.java:673)
	at com.evermind.server.http.ServletRequestDispatcher.forwardInternal(ServletRequestDispatcher.java:340)
	at com.evermind.server.http.HttpRequestHandler.processRequest(HttpRequestHandler.java:830)
	at com.evermind.server.http.HttpRequestHandler.run(HttpRequestHandler.java:285)
	at com.evermind.server.http.HttpRequestHandler.run(HttpRequestHandler.java:126)
	at com.evermind.util.ReleasableResourcePooledExecutor$MyWorker.run(ReleasableResourcePooledExecutor.java:192)
	at java.lang.Thread.run(Thread.java:534)

10/03/31 01:05:23 fiduciaweb: JspServlet: No se ha podido distribuir a la página solicitada: java.lang.ClassNotFoundException: _imagenes._msur01
	at oracle.jsp.runtimev2.JspClassLoader.loadClass(JspClassLoader.java:875)
	at java.lang.ClassLoader.loadClass(ClassLoader.java:235)
	at oracle.jsp.runtimev2.JspPageInfo.getInstFacade(JspPageInfo.java:172)
	at oracle.jsp.runtimev2.JspPageInfo.compileAndLoad(JspPageInfo.java:516)
	at oracle.jsp.runtimev2.JspPageTable.compileAndServe(JspPageTable.java:548)
	at oracle.jsp.runtimev2.JspPageTable.service(JspPageTable.java:311)
	at oracle.jsp.runtimev2.JspServlet.internalService(JspServlet.java:498)
	at oracle.jsp.runtimev2.JspServlet.service(JspServlet.java:402)
	at javax.servlet.http.HttpServlet.service(HttpServlet.java:853)
	at com.evermind.server.http.ResourceFilterChain.doFilter(ResourceFilterChain.java:65)
	at oracle.security.jazn.oc4j.JAZNFilter.doFilter(Unknown Source)
	at com.evermind.server.http.ServletRequestDispatcher.invoke(ServletRequestDispatcher.java:673)
	at com.evermind.server.http.ServletRequestDispatcher.forwardInternal(ServletRequestDispatcher.java:340)
	at com.evermind.server.http.HttpRequestHandler.processRequest(HttpRequestHandler.java:830)
	at com.evermind.server.http.HttpRequestHandler.run(HttpRequestHandler.java:285)
	at com.evermind.server.http.HttpRequestHandler.run(HttpRequestHandler.java:126)
	at com.evermind.util.ReleasableResourcePooledExecutor$MyWorker.run(ReleasableResourcePooledExecutor.java:192)
	at java.lang.Thread.run(Thread.java:534)

10/03/31 19:26:20 Started
10/03/31 19:26:23 fiduciaweb: JDevOJSP: init
10/03/31 19:26:23 fiduciaweb: Started
10/03/31 19:48:05 Started
10/03/31 19:48:09 fiduciaweb: JDevOJSP: init
10/03/31 19:48:09 fiduciaweb: Started
10/03/31 19:48:10 fiduciaweb: com.evermind.server.http.NotFoundServlet: init
10/03/31 20:01:58 Started
10/03/31 20:02:02 fiduciaweb: JDevOJSP: init
10/03/31 20:02:02 fiduciaweb: Started
10/03/31 20:24:15 fiduciaweb: com.evermind.server.http.NotFoundServlet: init
10/03/31 20:37:13 Started
10/03/31 20:37:15 fiduciaweb: JDevOJSP: init
10/03/31 20:37:15 fiduciaweb: Started
10/03/31 20:39:09 fiduciaweb: Connection reset by peer: socket write error
10/03/31 20:39:10 fiduciaweb: Connection reset by peer: socket write error
10/03/31 20:39:10 fiduciaweb: Connection reset by peer: socket write error
10/03/31 20:39:10 fiduciaweb: Connection reset by peer: socket write error
10/03/31 20:39:10 fiduciaweb: Connection reset by peer: socket write error
10/03/31 20:39:10 fiduciaweb: Connection reset by peer: socket write error
10/03/31 20:39:10 fiduciaweb: Connection reset by peer: socket write error
10/03/31 20:39:10 fiduciaweb: Connection reset by peer: socket write error
10/03/31 20:39:10 fiduciaweb: Connection reset by peer: socket write error
10/03/31 20:39:10 fiduciaweb: Connection reset by peer: socket write error
10/03/31 20:39:10 fiduciaweb: Connection reset by peer: socket write error
10/03/31 20:39:10 fiduciaweb: Connection reset by peer: socket write error
10/03/31 20:39:10 fiduciaweb: Connection reset by peer: socket write error
10/03/31 20:39:10 fiduciaweb: Connection reset by peer: socket write error
10/03/31 20:39:10 fiduciaweb: Connection reset by peer: socket write error
10/03/31 20:39:10 fiduciaweb: Connection reset by peer: socket write error
10/03/31 20:39:10 fiduciaweb: Connection reset by peer: socket write error
10/03/31 20:39:11 fiduciaweb: Connection reset by peer: socket write error
10/03/31 20:39:11 fiduciaweb: Connection reset by peer: socket write error
10/03/31 20:39:11 fiduciaweb: Connection reset by peer: socket write error
10/03/31 20:39:11 fiduciaweb: Connection reset by peer: socket write error
10/03/31 20:39:12 fiduciaweb: Connection reset by peer: socket write error
10/03/31 20:39:12 fiduciaweb: Connection reset by peer: socket write error
10/03/31 20:39:12 fiduciaweb: Connection reset by peer: socket write error
10/03/31 20:39:12 fiduciaweb: Connection reset by peer: socket write error
10/03/31 20:39:12 fiduciaweb: Connection reset by peer: socket write error
10/03/31 20:39:13 fiduciaweb: Connection reset by peer: socket write error
10/03/31 20:39:13 fiduciaweb: Connection reset by peer: socket write error
10/03/31 20:39:13 fiduciaweb: Connection reset by peer: socket write error
10/03/31 20:39:13 fiduciaweb: Connection reset by peer: socket write error
10/03/31 20:39:25 fiduciaweb: com.evermind.server.http.NotFoundServlet: init
10/03/31 20:39:36 fiduciaweb: Connection reset by peer: socket write error
10/03/31 20:39:36 fiduciaweb: Connection reset by peer: socket write error
10/03/31 20:39:36 fiduciaweb: Connection reset by peer: socket write error
10/03/31 20:39:36 fiduciaweb: Connection reset by peer: socket write error
10/03/31 20:39:36 fiduciaweb: Connection reset by peer: socket write error
10/03/31 20:39:37 fiduciaweb: Connection reset by peer: socket write error
10/03/31 20:39:37 fiduciaweb: Connection reset by peer: socket write error
10/03/31 20:39:37 fiduciaweb: Connection reset by peer: socket write error
10/03/31 20:39:37 fiduciaweb: Connection reset by peer: socket write error
10/03/31 20:42:24 Started
10/03/31 20:42:26 fiduciaweb: JDevOJSP: init
10/03/31 20:42:26 fiduciaweb: Started
10/03/31 20:45:38 fiduciaweb: Connection reset by peer: socket write error
10/03/31 20:49:46 fiduciaweb: com.evermind.server.http.NotFoundServlet: init
10/03/31 21:00:37 Started
10/03/31 21:00:43 fiduciaweb: JDevOJSP: init
10/03/31 21:00:43 fiduciaweb: Started
10/03/31 21:04:25 Started
10/03/31 21:04:27 fiduciaweb: JDevOJSP: init
10/03/31 21:04:27 fiduciaweb: Started
10/03/31 21:55:16 Started
10/03/31 21:55:18 fiduciaweb: JDevOJSP: init
10/03/31 21:55:18 fiduciaweb: Started
10/03/31 21:56:02 fiduciaweb: Connection reset by peer: socket write error
10/03/31 21:56:02 fiduciaweb: Connection reset by peer: socket write error
10/03/31 21:56:02 fiduciaweb: Connection reset by peer: socket write error
10/03/31 21:56:02 fiduciaweb: Connection reset by peer: socket write error
10/03/31 21:56:02 fiduciaweb: Connection reset by peer: socket write error
10/03/31 21:56:02 fiduciaweb: Connection reset by peer: socket write error
10/03/31 21:56:02 fiduciaweb: Connection reset by peer: socket write error
10/03/31 21:56:02 fiduciaweb: Connection reset by peer: socket write error
10/03/31 21:56:02 fiduciaweb: Connection reset by peer: socket write error
10/03/31 21:56:02 fiduciaweb: Connection reset by peer: socket write error
10/03/31 21:56:02 fiduciaweb: Connection reset by peer: socket write error
10/03/31 22:04:34 fiduciaweb: JspServlet: No se ha podido distribuir a la página solicitada: java.lang.ClassNotFoundException: _imagenes._msur01
	at oracle.jsp.runtimev2.JspClassLoader.loadClass(JspClassLoader.java:875)
	at java.lang.ClassLoader.loadClass(ClassLoader.java:235)
	at oracle.jsp.runtimev2.JspPageInfo.getInstFacade(JspPageInfo.java:172)
	at oracle.jsp.runtimev2.JspPageInfo.compileAndLoad(JspPageInfo.java:516)
	at oracle.jsp.runtimev2.JspPageTable.compileAndServe(JspPageTable.java:548)
	at oracle.jsp.runtimev2.JspPageTable.service(JspPageTable.java:311)
	at oracle.jsp.runtimev2.JspServlet.internalService(JspServlet.java:498)
	at oracle.jsp.runtimev2.JspServlet.service(JspServlet.java:402)
	at javax.servlet.http.HttpServlet.service(HttpServlet.java:853)
	at com.evermind.server.http.ResourceFilterChain.doFilter(ResourceFilterChain.java:65)
	at oracle.security.jazn.oc4j.JAZNFilter.doFilter(Unknown Source)
	at com.evermind.server.http.ServletRequestDispatcher.invoke(ServletRequestDispatcher.java:673)
	at com.evermind.server.http.ServletRequestDispatcher.forwardInternal(ServletRequestDispatcher.java:340)
	at com.evermind.server.http.HttpRequestHandler.processRequest(HttpRequestHandler.java:830)
	at com.evermind.server.http.HttpRequestHandler.run(HttpRequestHandler.java:285)
	at com.evermind.server.http.HttpRequestHandler.run(HttpRequestHandler.java:126)
	at com.evermind.util.ReleasableResourcePooledExecutor$MyWorker.run(ReleasableResourcePooledExecutor.java:192)
	at java.lang.Thread.run(Thread.java:534)

10/03/31 22:23:43 Started
10/03/31 22:23:45 fiduciaweb: JDevOJSP: init
10/03/31 22:23:45 fiduciaweb: Started
10/04/05 19:36:07 Started
10/04/05 19:36:10 fiduciaweb: JDevOJSP: init
10/04/05 19:36:10 fiduciaweb: Started
10/04/06 00:56:48 Started
10/04/06 00:56:56 fiduciaweb: JDevOJSP: init
10/04/06 00:56:56 fiduciaweb: Started
10/04/06 01:35:30 Started
10/04/06 01:35:31 fiduciaweb: JDevOJSP: init
10/04/06 01:35:31 fiduciaweb: Started
10/04/06 01:35:33 Started
10/04/06 01:35:34 fiduciaweb: JDevOJSP: init
10/04/06 01:35:34 fiduciaweb: Started
10/04/06 01:36:39 fiduciaweb: JspServlet: No se ha podido distribuir a la página solicitada: java.lang.ClassNotFoundException: _imagenes._msur01
	at oracle.jsp.runtimev2.JspClassLoader.loadClass(JspClassLoader.java:875)
	at java.lang.ClassLoader.loadClass(ClassLoader.java:235)
	at oracle.jsp.runtimev2.JspPageInfo.getInstFacade(JspPageInfo.java:172)
	at oracle.jsp.runtimev2.JspPageInfo.compileAndLoad(JspPageInfo.java:516)
	at oracle.jsp.runtimev2.JspPageTable.compileAndServe(JspPageTable.java:548)
	at oracle.jsp.runtimev2.JspPageTable.service(JspPageTable.java:311)
	at oracle.jsp.runtimev2.JspServlet.internalService(JspServlet.java:498)
	at oracle.jsp.runtimev2.JspServlet.service(JspServlet.java:402)
	at javax.servlet.http.HttpServlet.service(HttpServlet.java:853)
	at com.evermind.server.http.ResourceFilterChain.doFilter(ResourceFilterChain.java:65)
	at oracle.security.jazn.oc4j.JAZNFilter.doFilter(Unknown Source)
	at com.evermind.server.http.ServletRequestDispatcher.invoke(ServletRequestDispatcher.java:673)
	at com.evermind.server.http.ServletRequestDispatcher.forwardInternal(ServletRequestDispatcher.java:340)
	at com.evermind.server.http.HttpRequestHandler.processRequest(HttpRequestHandler.java:830)
	at com.evermind.server.http.HttpRequestHandler.run(HttpRequestHandler.java:285)
	at com.evermind.server.http.HttpRequestHandler.run(HttpRequestHandler.java:126)
	at com.evermind.util.ReleasableResourcePooledExecutor$MyWorker.run(ReleasableResourcePooledExecutor.java:192)
	at java.lang.Thread.run(Thread.java:534)

10/04/06 01:37:07 fiduciaweb: JspServlet: No se ha podido distribuir a la página solicitada: java.lang.ClassNotFoundException: _imagenes._msur01
	at oracle.jsp.runtimev2.JspClassLoader.loadClass(JspClassLoader.java:875)
	at java.lang.ClassLoader.loadClass(ClassLoader.java:235)
	at oracle.jsp.runtimev2.JspPageInfo.getInstFacade(JspPageInfo.java:172)
	at oracle.jsp.runtimev2.JspPageInfo.compileAndLoad(JspPageInfo.java:516)
	at oracle.jsp.runtimev2.JspPageTable.compileAndServe(JspPageTable.java:548)
	at oracle.jsp.runtimev2.JspPageTable.service(JspPageTable.java:311)
	at oracle.jsp.runtimev2.JspServlet.internalService(JspServlet.java:498)
	at oracle.jsp.runtimev2.JspServlet.service(JspServlet.java:402)
	at javax.servlet.http.HttpServlet.service(HttpServlet.java:853)
	at com.evermind.server.http.ResourceFilterChain.doFilter(ResourceFilterChain.java:65)
	at oracle.security.jazn.oc4j.JAZNFilter.doFilter(Unknown Source)
	at com.evermind.server.http.ServletRequestDispatcher.invoke(ServletRequestDispatcher.java:673)
	at com.evermind.server.http.ServletRequestDispatcher.forwardInternal(ServletRequestDispatcher.java:340)
	at com.evermind.server.http.HttpRequestHandler.processRequest(HttpRequestHandler.java:830)
	at com.evermind.server.http.HttpRequestHandler.run(HttpRequestHandler.java:285)
	at com.evermind.server.http.HttpRequestHandler.run(HttpRequestHandler.java:126)
	at com.evermind.util.ReleasableResourcePooledExecutor$MyWorker.run(ReleasableResourcePooledExecutor.java:192)
	at java.lang.Thread.run(Thread.java:534)

10/04/06 01:37:28 fiduciaweb: Servlet error
java.lang.StringIndexOutOfBoundsException: String index out of range: -1
	at java.lang.String.substring(String.java:1444)
	at _instruccion2._jspService(instruccion2.jsp:59)
	at com.orionserver[Oracle Application Server Containers for J2EE 10g (10.1.2.2.0)].http.OrionHttpJspPage.service(OrionHttpJspPage.java:56)
	at oracle.jsp.runtimev2.JspPageTable.service(JspPageTable.java:356)
	at oracle.jsp.runtimev2.JspServlet.internalService(JspServlet.java:498)
	at oracle.jsp.runtimev2.JspServlet.service(JspServlet.java:402)
	at javax.servlet.http.HttpServlet.service(HttpServlet.java:853)
	at com.evermind[Oracle Application Server Containers for J2EE 10g (10.1.2.2.0)].server.http.ResourceFilterChain.doFilter(ResourceFilterChain.java:65)
	at oracle.security.jazn.oc4j.JAZNFilter.doFilter(Unknown Source)
	at com.evermind[Oracle Application Server Containers for J2EE 10g (10.1.2.2.0)].server.http.ServletRequestDispatcher.invoke(ServletRequestDispatcher.java:673)
	at com.evermind[Oracle Application Server Containers for J2EE 10g (10.1.2.2.0)].server.http.ServletRequestDispatcher.forwardInternal(ServletRequestDispatcher.java:340)
	at com.evermind[Oracle Application Server Containers for J2EE 10g (10.1.2.2.0)].server.http.HttpRequestHandler.processRequest(HttpRequestHandler.java:830)
	at com.evermind[Oracle Application Server Containers for J2EE 10g (10.1.2.2.0)].server.http.HttpRequestHandler.run(HttpRequestHandler.java:285)
	at com.evermind[Oracle Application Server Containers for J2EE 10g (10.1.2.2.0)].server.http.HttpRequestHandler.run(HttpRequestHandler.java:126)
	at com.evermind[Oracle Application Server Containers for J2EE 10g (10.1.2.2.0)].util.ReleasableResourcePooledExecutor$MyWorker.run(ReleasableResourcePooledExecutor.java:192)
	at java.lang.Thread.run(Thread.java:534)
10/04/06 01:38:34 fiduciaweb: Servlet error
java.lang.NullPointerException
	at _instruccion2._jspService(instruccion2.jsp:59)
	at com.orionserver[Oracle Application Server Containers for J2EE 10g (10.1.2.2.0)].http.OrionHttpJspPage.service(OrionHttpJspPage.java:56)
	at oracle.jsp.runtimev2.JspPageTable.compileAndServe(JspPageTable.java:575)
	at oracle.jsp.runtimev2.JspPageTable.service(JspPageTable.java:311)
	at oracle.jsp.runtimev2.JspServlet.internalService(JspServlet.java:498)
	at oracle.jsp.runtimev2.JspServlet.service(JspServlet.java:402)
	at javax.servlet.http.HttpServlet.service(HttpServlet.java:853)
	at com.evermind[Oracle Application Server Containers for J2EE 10g (10.1.2.2.0)].server.http.ResourceFilterChain.doFilter(ResourceFilterChain.java:65)
	at oracle.security.jazn.oc4j.JAZNFilter.doFilter(Unknown Source)
	at com.evermind[Oracle Application Server Containers for J2EE 10g (10.1.2.2.0)].server.http.ServletRequestDispatcher.invoke(ServletRequestDispatcher.java:673)
	at com.evermind[Oracle Application Server Containers for J2EE 10g (10.1.2.2.0)].server.http.ServletRequestDispatcher.forwardInternal(ServletRequestDispatcher.java:340)
	at com.evermind[Oracle Application Server Containers for J2EE 10g (10.1.2.2.0)].server.http.HttpRequestHandler.processRequest(HttpRequestHandler.java:830)
	at com.evermind[Oracle Application Server Containers for J2EE 10g (10.1.2.2.0)].server.http.HttpRequestHandler.run(HttpRequestHandler.java:285)
	at com.evermind[Oracle Application Server Containers for J2EE 10g (10.1.2.2.0)].server.http.HttpRequestHandler.run(HttpRequestHandler.java:126)
	at com.evermind[Oracle Application Server Containers for J2EE 10g (10.1.2.2.0)].util.ReleasableResourcePooledExecutor$MyWorker.run(ReleasableResourcePooledExecutor.java:192)
	at java.lang.Thread.run(Thread.java:534)
10/04/06 01:39:24 fiduciaweb: Servlet error
java.lang.NullPointerException
	at _instruccion2._jspService(instruccion2.jsp:59)
	at com.orionserver[Oracle Application Server Containers for J2EE 10g (10.1.2.2.0)].http.OrionHttpJspPage.service(OrionHttpJspPage.java:56)
	at oracle.jsp.runtimev2.JspPageTable.compileAndServe(JspPageTable.java:575)
	at oracle.jsp.runtimev2.JspPageTable.service(JspPageTable.java:311)
	at oracle.jsp.runtimev2.JspServlet.internalService(JspServlet.java:498)
	at oracle.jsp.runtimev2.JspServlet.service(JspServlet.java:402)
	at javax.servlet.http.HttpServlet.service(HttpServlet.java:853)
	at com.evermind[Oracle Application Server Containers for J2EE 10g (10.1.2.2.0)].server.http.ResourceFilterChain.doFilter(ResourceFilterChain.java:65)
	at oracle.security.jazn.oc4j.JAZNFilter.doFilter(Unknown Source)
	at com.evermind[Oracle Application Server Containers for J2EE 10g (10.1.2.2.0)].server.http.ServletRequestDispatcher.invoke(ServletRequestDispatcher.java:673)
	at com.evermind[Oracle Application Server Containers for J2EE 10g (10.1.2.2.0)].server.http.ServletRequestDispatcher.forwardInternal(ServletRequestDispatcher.java:340)
	at com.evermind[Oracle Application Server Containers for J2EE 10g (10.1.2.2.0)].server.http.HttpRequestHandler.processRequest(HttpRequestHandler.java:830)
	at com.evermind[Oracle Application Server Containers for J2EE 10g (10.1.2.2.0)].server.http.HttpRequestHandler.run(HttpRequestHandler.java:285)
	at com.evermind[Oracle Application Server Containers for J2EE 10g (10.1.2.2.0)].server.http.HttpRequestHandler.run(HttpRequestHandler.java:126)
	at com.evermind[Oracle Application Server Containers for J2EE 10g (10.1.2.2.0)].util.ReleasableResourcePooledExecutor$MyWorker.run(ReleasableResourcePooledExecutor.java:192)
	at java.lang.Thread.run(Thread.java:534)
10/04/06 01:40:07 Started
10/04/06 01:40:08 fiduciaweb: JDevOJSP: init
10/04/06 01:40:08 fiduciaweb: Started
10/04/06 01:41:20 fiduciaweb: JspServlet: No se ha podido distribuir a la página solicitada: java.lang.ClassNotFoundException: _imagenes._msur01
	at oracle.jsp.runtimev2.JspClassLoader.loadClass(JspClassLoader.java:875)
	at java.lang.ClassLoader.loadClass(ClassLoader.java:235)
	at oracle.jsp.runtimev2.JspPageInfo.getInstFacade(JspPageInfo.java:172)
	at oracle.jsp.runtimev2.JspPageInfo.compileAndLoad(JspPageInfo.java:516)
	at oracle.jsp.runtimev2.JspPageTable.compileAndServe(JspPageTable.java:548)
	at oracle.jsp.runtimev2.JspPageTable.service(JspPageTable.java:311)
	at oracle.jsp.runtimev2.JspServlet.internalService(JspServlet.java:498)
	at oracle.jsp.runtimev2.JspServlet.service(JspServlet.java:402)
	at javax.servlet.http.HttpServlet.service(HttpServlet.java:853)
	at com.evermind.server.http.ResourceFilterChain.doFilter(ResourceFilterChain.java:65)
	at oracle.security.jazn.oc4j.JAZNFilter.doFilter(Unknown Source)
	at com.evermind.server.http.ServletRequestDispatcher.invoke(ServletRequestDispatcher.java:673)
	at com.evermind.server.http.ServletRequestDispatcher.forwardInternal(ServletRequestDispatcher.java:340)
	at com.evermind.server.http.HttpRequestHandler.processRequest(HttpRequestHandler.java:830)
	at com.evermind.server.http.HttpRequestHandler.run(HttpRequestHandler.java:285)
	at com.evermind.server.http.HttpRequestHandler.run(HttpRequestHandler.java:126)
	at com.evermind.util.ReleasableResourcePooledExecutor$MyWorker.run(ReleasableResourcePooledExecutor.java:192)
	at java.lang.Thread.run(Thread.java:534)

10/04/06 01:41:35 fiduciaweb: Servlet error
java.lang.NullPointerException
	at _instruccion2._jspService(instruccion2.jsp:60)
	at com.orionserver[Oracle Application Server Containers for J2EE 10g (10.1.2.2.0)].http.OrionHttpJspPage.service(OrionHttpJspPage.java:56)
	at oracle.jsp.runtimev2.JspPageTable.service(JspPageTable.java:356)
	at oracle.jsp.runtimev2.JspServlet.internalService(JspServlet.java:498)
	at oracle.jsp.runtimev2.JspServlet.service(JspServlet.java:402)
	at javax.servlet.http.HttpServlet.service(HttpServlet.java:853)
	at com.evermind[Oracle Application Server Containers for J2EE 10g (10.1.2.2.0)].server.http.ResourceFilterChain.doFilter(ResourceFilterChain.java:65)
	at oracle.security.jazn.oc4j.JAZNFilter.doFilter(Unknown Source)
	at com.evermind[Oracle Application Server Containers for J2EE 10g (10.1.2.2.0)].server.http.ServletRequestDispatcher.invoke(ServletRequestDispatcher.java:673)
	at com.evermind[Oracle Application Server Containers for J2EE 10g (10.1.2.2.0)].server.http.ServletRequestDispatcher.forwardInternal(ServletRequestDispatcher.java:340)
	at com.evermind[Oracle Application Server Containers for J2EE 10g (10.1.2.2.0)].server.http.HttpRequestHandler.processRequest(HttpRequestHandler.java:830)
	at com.evermind[Oracle Application Server Containers for J2EE 10g (10.1.2.2.0)].server.http.HttpRequestHandler.run(HttpRequestHandler.java:285)
	at com.evermind[Oracle Application Server Containers for J2EE 10g (10.1.2.2.0)].server.http.HttpRequestHandler.run(HttpRequestHandler.java:126)
	at com.evermind[Oracle Application Server Containers for J2EE 10g (10.1.2.2.0)].util.ReleasableResourcePooledExecutor$MyWorker.run(ReleasableResourcePooledExecutor.java:192)
	at java.lang.Thread.run(Thread.java:534)
10/04/06 01:47:42 Started
10/04/06 01:47:45 fiduciaweb: JDevOJSP: init
10/04/06 01:47:45 fiduciaweb: Started
10/04/06 01:48:44 fiduciaweb: JspServlet: No se ha podido distribuir a la página solicitada: java.lang.ClassNotFoundException: _imagenes._msur01
	at oracle.jsp.runtimev2.JspClassLoader.loadClass(JspClassLoader.java:875)
	at java.lang.ClassLoader.loadClass(ClassLoader.java:235)
	at oracle.jsp.runtimev2.JspPageInfo.getInstFacade(JspPageInfo.java:172)
	at oracle.jsp.runtimev2.JspPageInfo.compileAndLoad(JspPageInfo.java:516)
	at oracle.jsp.runtimev2.JspPageTable.compileAndServe(JspPageTable.java:548)
	at oracle.jsp.runtimev2.JspPageTable.service(JspPageTable.java:311)
	at oracle.jsp.runtimev2.JspServlet.internalService(JspServlet.java:498)
	at oracle.jsp.runtimev2.JspServlet.service(JspServlet.java:402)
	at javax.servlet.http.HttpServlet.service(HttpServlet.java:853)
	at com.evermind.server.http.ResourceFilterChain.doFilter(ResourceFilterChain.java:65)
	at oracle.security.jazn.oc4j.JAZNFilter.doFilter(Unknown Source)
	at com.evermind.server.http.ServletRequestDispatcher.invoke(ServletRequestDispatcher.java:673)
	at com.evermind.server.http.ServletRequestDispatcher.forwardInternal(ServletRequestDispatcher.java:340)
	at com.evermind.server.http.HttpRequestHandler.processRequest(HttpRequestHandler.java:830)
	at com.evermind.server.http.HttpRequestHandler.run(HttpRequestHandler.java:285)
	at com.evermind.server.http.HttpRequestHandler.run(HttpRequestHandler.java:126)
	at com.evermind.util.ReleasableResourcePooledExecutor$MyWorker.run(ReleasableResourcePooledExecutor.java:192)
	at java.lang.Thread.run(Thread.java:534)

10/04/07 04:12:35 Started
10/04/07 04:12:47 fiduciaweb: JDevOJSP: init
10/04/07 04:12:47 fiduciaweb: Started
10/04/07 04:15:06 fiduciaweb: Connection reset by peer: socket write error
10/04/07 20:59:04 Started
10/04/07 20:59:07 fiduciaweb: JDevOJSP: init
10/04/07 20:59:07 fiduciaweb: Started
10/04/07 21:04:32 Started
10/04/07 21:04:34 fiduciaweb: JDevOJSP: init
10/04/07 21:04:34 fiduciaweb: Started
10/04/07 22:25:24 Started
10/04/07 22:25:26 fiduciaweb: JDevOJSP: init
10/04/07 22:25:26 fiduciaweb: Started
10/04/08 21:53:52 Started
10/04/08 21:53:53 fiduciaweb: JDevOJSP: init
10/04/08 21:53:53 fiduciaweb: Started
10/04/08 22:14:24 fiduciaweb: JspServlet: No se ha podido distribuir a la página solicitada: java.lang.ClassNotFoundException: _imagenes._msur01
	at oracle.jsp.runtimev2.JspClassLoader.loadClass(JspClassLoader.java:875)
	at java.lang.ClassLoader.loadClass(ClassLoader.java:235)
	at oracle.jsp.runtimev2.JspPageInfo.getInstFacade(JspPageInfo.java:172)
	at oracle.jsp.runtimev2.JspPageInfo.compileAndLoad(JspPageInfo.java:516)
	at oracle.jsp.runtimev2.JspPageTable.compileAndServe(JspPageTable.java:548)
	at oracle.jsp.runtimev2.JspPageTable.service(JspPageTable.java:311)
	at oracle.jsp.runtimev2.JspServlet.internalService(JspServlet.java:498)
	at oracle.jsp.runtimev2.JspServlet.service(JspServlet.java:402)
	at javax.servlet.http.HttpServlet.service(HttpServlet.java:853)
	at com.evermind.server.http.ResourceFilterChain.doFilter(ResourceFilterChain.java:65)
	at oracle.security.jazn.oc4j.JAZNFilter.doFilter(Unknown Source)
	at com.evermind.server.http.ServletRequestDispatcher.invoke(ServletRequestDispatcher.java:673)
	at com.evermind.server.http.ServletRequestDispatcher.forwardInternal(ServletRequestDispatcher.java:340)
	at com.evermind.server.http.HttpRequestHandler.processRequest(HttpRequestHandler.java:830)
	at com.evermind.server.http.HttpRequestHandler.run(HttpRequestHandler.java:285)
	at com.evermind.server.http.HttpRequestHandler.run(HttpRequestHandler.java:126)
	at com.evermind.util.ReleasableResourcePooledExecutor$MyWorker.run(ReleasableResourcePooledExecutor.java:192)
	at java.lang.Thread.run(Thread.java:534)

10/04/08 22:15:10 Started
10/04/08 22:15:12 fiduciaweb: JDevOJSP: init
10/04/08 22:15:12 fiduciaweb: Started
10/04/08 22:17:00 fiduciaweb: JspServlet: No se ha podido distribuir a la página solicitada: java.lang.ClassNotFoundException: _imagenes._msur01
	at oracle.jsp.runtimev2.JspClassLoader.loadClass(JspClassLoader.java:875)
	at java.lang.ClassLoader.loadClass(ClassLoader.java:235)
	at oracle.jsp.runtimev2.JspPageInfo.getInstFacade(JspPageInfo.java:172)
	at oracle.jsp.runtimev2.JspPageInfo.compileAndLoad(JspPageInfo.java:516)
	at oracle.jsp.runtimev2.JspPageTable.compileAndServe(JspPageTable.java:548)
	at oracle.jsp.runtimev2.JspPageTable.service(JspPageTable.java:311)
	at oracle.jsp.runtimev2.JspServlet.internalService(JspServlet.java:498)
	at oracle.jsp.runtimev2.JspServlet.service(JspServlet.java:402)
	at javax.servlet.http.HttpServlet.service(HttpServlet.java:853)
	at com.evermind.server.http.ResourceFilterChain.doFilter(ResourceFilterChain.java:65)
	at oracle.security.jazn.oc4j.JAZNFilter.doFilter(Unknown Source)
	at com.evermind.server.http.ServletRequestDispatcher.invoke(ServletRequestDispatcher.java:673)
	at com.evermind.server.http.ServletRequestDispatcher.forwardInternal(ServletRequestDispatcher.java:340)
	at com.evermind.server.http.HttpRequestHandler.processRequest(HttpRequestHandler.java:830)
	at com.evermind.server.http.HttpRequestHandler.run(HttpRequestHandler.java:285)
	at com.evermind.server.http.HttpRequestHandler.run(HttpRequestHandler.java:126)
	at com.evermind.util.ReleasableResourcePooledExecutor$MyWorker.run(ReleasableResourcePooledExecutor.java:192)
	at java.lang.Thread.run(Thread.java:534)

10/04/08 22:18:56 Started
10/04/08 22:18:57 fiduciaweb: JDevOJSP: init
10/04/08 22:18:57 fiduciaweb: Started
10/04/08 22:21:16 fiduciaweb: JspServlet: No se ha podido distribuir a la página solicitada: java.lang.ClassNotFoundException: _imagenes._msur01
	at oracle.jsp.runtimev2.JspClassLoader.loadClass(JspClassLoader.java:875)
	at java.lang.ClassLoader.loadClass(ClassLoader.java:235)
	at oracle.jsp.runtimev2.JspPageInfo.getInstFacade(JspPageInfo.java:172)
	at oracle.jsp.runtimev2.JspPageInfo.compileAndLoad(JspPageInfo.java:516)
	at oracle.jsp.runtimev2.JspPageTable.compileAndServe(JspPageTable.java:548)
	at oracle.jsp.runtimev2.JspPageTable.service(JspPageTable.java:311)
	at oracle.jsp.runtimev2.JspServlet.internalService(JspServlet.java:498)
	at oracle.jsp.runtimev2.JspServlet.service(JspServlet.java:402)
	at javax.servlet.http.HttpServlet.service(HttpServlet.java:853)
	at com.evermind.server.http.ResourceFilterChain.doFilter(ResourceFilterChain.java:65)
	at oracle.security.jazn.oc4j.JAZNFilter.doFilter(Unknown Source)
	at com.evermind.server.http.ServletRequestDispatcher.invoke(ServletRequestDispatcher.java:673)
	at com.evermind.server.http.ServletRequestDispatcher.forwardInternal(ServletRequestDispatcher.java:340)
	at com.evermind.server.http.HttpRequestHandler.processRequest(HttpRequestHandler.java:830)
	at com.evermind.server.http.HttpRequestHandler.run(HttpRequestHandler.java:285)
	at com.evermind.server.http.HttpRequestHandler.run(HttpRequestHandler.java:126)
	at com.evermind.util.ReleasableResourcePooledExecutor$MyWorker.run(ReleasableResourcePooledExecutor.java:192)
	at java.lang.Thread.run(Thread.java:534)

10/04/08 23:08:12 fiduciaweb: Connection reset by peer: socket write error
10/04/08 23:08:12 fiduciaweb: Connection reset by peer: socket write error
10/04/08 23:08:12 fiduciaweb: Connection reset by peer: socket write error
10/04/08 23:08:12 fiduciaweb: Connection reset by peer: socket write error
10/04/08 23:20:16 fiduciaweb: JspServlet: No se ha podido distribuir a la página solicitada: java.lang.ClassNotFoundException: _imagenes._msur01
	at oracle.jsp.runtimev2.JspClassLoader.loadClass(JspClassLoader.java:875)
	at java.lang.ClassLoader.loadClass(ClassLoader.java:235)
	at oracle.jsp.runtimev2.JspPageInfo.getInstFacade(JspPageInfo.java:172)
	at oracle.jsp.runtimev2.JspPageInfo.compileAndLoad(JspPageInfo.java:516)
	at oracle.jsp.runtimev2.JspPageTable.compileAndServe(JspPageTable.java:548)
	at oracle.jsp.runtimev2.JspPageTable.service(JspPageTable.java:311)
	at oracle.jsp.runtimev2.JspServlet.internalService(JspServlet.java:498)
	at oracle.jsp.runtimev2.JspServlet.service(JspServlet.java:402)
	at javax.servlet.http.HttpServlet.service(HttpServlet.java:853)
	at com.evermind.server.http.ResourceFilterChain.doFilter(ResourceFilterChain.java:65)
	at oracle.security.jazn.oc4j.JAZNFilter.doFilter(Unknown Source)
	at com.evermind.server.http.ServletRequestDispatcher.invoke(ServletRequestDispatcher.java:673)
	at com.evermind.server.http.ServletRequestDispatcher.forwardInternal(ServletRequestDispatcher.java:340)
	at com.evermind.server.http.HttpRequestHandler.processRequest(HttpRequestHandler.java:830)
	at com.evermind.server.http.HttpRequestHandler.run(HttpRequestHandler.java:285)
	at com.evermind.server.http.HttpRequestHandler.run(HttpRequestHandler.java:126)
	at com.evermind.util.ReleasableResourcePooledExecutor$MyWorker.run(ReleasableResourcePooledExecutor.java:192)
	at java.lang.Thread.run(Thread.java:534)

10/04/08 23:20:39 fiduciaweb: JspServlet: No se ha podido distribuir a la página solicitada: java.lang.ClassNotFoundException: _imagenes._msur01
	at oracle.jsp.runtimev2.JspClassLoader.loadClass(JspClassLoader.java:875)
	at java.lang.ClassLoader.loadClass(ClassLoader.java:235)
	at oracle.jsp.runtimev2.JspPageInfo.getInstFacade(JspPageInfo.java:172)
	at oracle.jsp.runtimev2.JspPageInfo.compileAndLoad(JspPageInfo.java:516)
	at oracle.jsp.runtimev2.JspPageTable.compileAndServe(JspPageTable.java:548)
	at oracle.jsp.runtimev2.JspPageTable.service(JspPageTable.java:311)
	at oracle.jsp.runtimev2.JspServlet.internalService(JspServlet.java:498)
	at oracle.jsp.runtimev2.JspServlet.service(JspServlet.java:402)
	at javax.servlet.http.HttpServlet.service(HttpServlet.java:853)
	at com.evermind.server.http.ResourceFilterChain.doFilter(ResourceFilterChain.java:65)
	at oracle.security.jazn.oc4j.JAZNFilter.doFilter(Unknown Source)
	at com.evermind.server.http.ServletRequestDispatcher.invoke(ServletRequestDispatcher.java:673)
	at com.evermind.server.http.ServletRequestDispatcher.forwardInternal(ServletRequestDispatcher.java:340)
	at com.evermind.server.http.HttpRequestHandler.processRequest(HttpRequestHandler.java:830)
	at com.evermind.server.http.HttpRequestHandler.run(HttpRequestHandler.java:285)
	at com.evermind.server.http.HttpRequestHandler.run(HttpRequestHandler.java:126)
	at com.evermind.util.ReleasableResourcePooledExecutor$MyWorker.run(ReleasableResourcePooledExecutor.java:192)
	at java.lang.Thread.run(Thread.java:534)

10/04/08 23:24:39 fiduciaweb: JspServlet: No se ha podido distribuir a la página solicitada: java.lang.ClassNotFoundException: _imagenes._msur01
	at oracle.jsp.runtimev2.JspClassLoader.loadClass(JspClassLoader.java:875)
	at java.lang.ClassLoader.loadClass(ClassLoader.java:235)
	at oracle.jsp.runtimev2.JspPageInfo.getInstFacade(JspPageInfo.java:172)
	at oracle.jsp.runtimev2.JspPageInfo.compileAndLoad(JspPageInfo.java:516)
	at oracle.jsp.runtimev2.JspPageTable.compileAndServe(JspPageTable.java:548)
	at oracle.jsp.runtimev2.JspPageTable.service(JspPageTable.java:311)
	at oracle.jsp.runtimev2.JspServlet.internalService(JspServlet.java:498)
	at oracle.jsp.runtimev2.JspServlet.service(JspServlet.java:402)
	at javax.servlet.http.HttpServlet.service(HttpServlet.java:853)
	at com.evermind.server.http.ResourceFilterChain.doFilter(ResourceFilterChain.java:65)
	at oracle.security.jazn.oc4j.JAZNFilter.doFilter(Unknown Source)
	at com.evermind.server.http.ServletRequestDispatcher.invoke(ServletRequestDispatcher.java:673)
	at com.evermind.server.http.ServletRequestDispatcher.forwardInternal(ServletRequestDispatcher.java:340)
	at com.evermind.server.http.HttpRequestHandler.processRequest(HttpRequestHandler.java:830)
	at com.evermind.server.http.HttpRequestHandler.run(HttpRequestHandler.java:285)
	at com.evermind.server.http.HttpRequestHandler.run(HttpRequestHandler.java:126)
	at com.evermind.util.ReleasableResourcePooledExecutor$MyWorker.run(ReleasableResourcePooledExecutor.java:186)
	at java.lang.Thread.run(Thread.java:534)

10/04/08 23:25:10 fiduciaweb: JspServlet: No se ha podido distribuir a la página solicitada: java.lang.ClassNotFoundException: _imagenes._msur01
	at oracle.jsp.runtimev2.JspClassLoader.loadClass(JspClassLoader.java:875)
	at java.lang.ClassLoader.loadClass(ClassLoader.java:235)
	at oracle.jsp.runtimev2.JspPageInfo.getInstFacade(JspPageInfo.java:172)
	at oracle.jsp.runtimev2.JspPageInfo.compileAndLoad(JspPageInfo.java:516)
	at oracle.jsp.runtimev2.JspPageTable.compileAndServe(JspPageTable.java:548)
	at oracle.jsp.runtimev2.JspPageTable.service(JspPageTable.java:311)
	at oracle.jsp.runtimev2.JspServlet.internalService(JspServlet.java:498)
	at oracle.jsp.runtimev2.JspServlet.service(JspServlet.java:402)
	at javax.servlet.http.HttpServlet.service(HttpServlet.java:853)
	at com.evermind.server.http.ResourceFilterChain.doFilter(ResourceFilterChain.java:65)
	at oracle.security.jazn.oc4j.JAZNFilter.doFilter(Unknown Source)
	at com.evermind.server.http.ServletRequestDispatcher.invoke(ServletRequestDispatcher.java:673)
	at com.evermind.server.http.ServletRequestDispatcher.forwardInternal(ServletRequestDispatcher.java:340)
	at com.evermind.server.http.HttpRequestHandler.processRequest(HttpRequestHandler.java:830)
	at com.evermind.server.http.HttpRequestHandler.run(HttpRequestHandler.java:285)
	at com.evermind.server.http.HttpRequestHandler.run(HttpRequestHandler.java:126)
	at com.evermind.util.ReleasableResourcePooledExecutor$MyWorker.run(ReleasableResourcePooledExecutor.java:192)
	at java.lang.Thread.run(Thread.java:534)

10/04/08 23:25:26 fiduciaweb: JspServlet: No se ha podido distribuir a la página solicitada: java.lang.ClassNotFoundException: _imagenes._msur01
	at oracle.jsp.runtimev2.JspClassLoader.loadClass(JspClassLoader.java:875)
	at java.lang.ClassLoader.loadClass(ClassLoader.java:235)
	at oracle.jsp.runtimev2.JspPageInfo.getInstFacade(JspPageInfo.java:172)
	at oracle.jsp.runtimev2.JspPageInfo.compileAndLoad(JspPageInfo.java:516)
	at oracle.jsp.runtimev2.JspPageTable.compileAndServe(JspPageTable.java:548)
	at oracle.jsp.runtimev2.JspPageTable.service(JspPageTable.java:311)
	at oracle.jsp.runtimev2.JspServlet.internalService(JspServlet.java:498)
	at oracle.jsp.runtimev2.JspServlet.service(JspServlet.java:402)
	at javax.servlet.http.HttpServlet.service(HttpServlet.java:853)
	at com.evermind.server.http.ResourceFilterChain.doFilter(ResourceFilterChain.java:65)
	at oracle.security.jazn.oc4j.JAZNFilter.doFilter(Unknown Source)
	at com.evermind.server.http.ServletRequestDispatcher.invoke(ServletRequestDispatcher.java:673)
	at com.evermind.server.http.ServletRequestDispatcher.forwardInternal(ServletRequestDispatcher.java:340)
	at com.evermind.server.http.HttpRequestHandler.processRequest(HttpRequestHandler.java:830)
	at com.evermind.server.http.HttpRequestHandler.run(HttpRequestHandler.java:285)
	at com.evermind.server.http.HttpRequestHandler.run(HttpRequestHandler.java:126)
	at com.evermind.util.ReleasableResourcePooledExecutor$MyWorker.run(ReleasableResourcePooledExecutor.java:192)
	at java.lang.Thread.run(Thread.java:534)

10/04/08 23:25:47 fiduciaweb: JspServlet: No se ha podido distribuir a la página solicitada: java.lang.ClassNotFoundException: _imagenes._msur01
	at oracle.jsp.runtimev2.JspClassLoader.loadClass(JspClassLoader.java:875)
	at java.lang.ClassLoader.loadClass(ClassLoader.java:235)
	at oracle.jsp.runtimev2.JspPageInfo.getInstFacade(JspPageInfo.java:172)
	at oracle.jsp.runtimev2.JspPageInfo.compileAndLoad(JspPageInfo.java:516)
	at oracle.jsp.runtimev2.JspPageTable.compileAndServe(JspPageTable.java:548)
	at oracle.jsp.runtimev2.JspPageTable.service(JspPageTable.java:311)
	at oracle.jsp.runtimev2.JspServlet.internalService(JspServlet.java:498)
	at oracle.jsp.runtimev2.JspServlet.service(JspServlet.java:402)
	at javax.servlet.http.HttpServlet.service(HttpServlet.java:853)
	at com.evermind.server.http.ResourceFilterChain.doFilter(ResourceFilterChain.java:65)
	at oracle.security.jazn.oc4j.JAZNFilter.doFilter(Unknown Source)
	at com.evermind.server.http.ServletRequestDispatcher.invoke(ServletRequestDispatcher.java:673)
	at com.evermind.server.http.ServletRequestDispatcher.forwardInternal(ServletRequestDispatcher.java:340)
	at com.evermind.server.http.HttpRequestHandler.processRequest(HttpRequestHandler.java:830)
	at com.evermind.server.http.HttpRequestHandler.run(HttpRequestHandler.java:285)
	at com.evermind.server.http.HttpRequestHandler.run(HttpRequestHandler.java:126)
	at com.evermind.util.ReleasableResourcePooledExecutor$MyWorker.run(ReleasableResourcePooledExecutor.java:192)
	at java.lang.Thread.run(Thread.java:534)

10/04/08 23:26:55 Started
10/04/08 23:26:57 fiduciaweb: JDevOJSP: init
10/04/08 23:26:57 fiduciaweb: Started
10/04/08 23:28:48 fiduciaweb: JspServlet: No se ha podido distribuir a la página solicitada: java.lang.ClassNotFoundException: _imagenes._msur01
	at oracle.jsp.runtimev2.JspClassLoader.loadClass(JspClassLoader.java:875)
	at java.lang.ClassLoader.loadClass(ClassLoader.java:235)
	at oracle.jsp.runtimev2.JspPageInfo.getInstFacade(JspPageInfo.java:172)
	at oracle.jsp.runtimev2.JspPageInfo.compileAndLoad(JspPageInfo.java:516)
	at oracle.jsp.runtimev2.JspPageTable.compileAndServe(JspPageTable.java:548)
	at oracle.jsp.runtimev2.JspPageTable.service(JspPageTable.java:311)
	at oracle.jsp.runtimev2.JspServlet.internalService(JspServlet.java:498)
	at oracle.jsp.runtimev2.JspServlet.service(JspServlet.java:402)
	at javax.servlet.http.HttpServlet.service(HttpServlet.java:853)
	at com.evermind.server.http.ResourceFilterChain.doFilter(ResourceFilterChain.java:65)
	at oracle.security.jazn.oc4j.JAZNFilter.doFilter(Unknown Source)
	at com.evermind.server.http.ServletRequestDispatcher.invoke(ServletRequestDispatcher.java:673)
	at com.evermind.server.http.ServletRequestDispatcher.forwardInternal(ServletRequestDispatcher.java:340)
	at com.evermind.server.http.HttpRequestHandler.processRequest(HttpRequestHandler.java:830)
	at com.evermind.server.http.HttpRequestHandler.run(HttpRequestHandler.java:285)
	at com.evermind.server.http.HttpRequestHandler.run(HttpRequestHandler.java:126)
	at com.evermind.util.ReleasableResourcePooledExecutor$MyWorker.run(ReleasableResourcePooledExecutor.java:192)
	at java.lang.Thread.run(Thread.java:534)

10/04/08 23:31:14 Started
10/04/08 23:31:16 fiduciaweb: JDevOJSP: init
10/04/08 23:31:16 fiduciaweb: Started
10/04/12 21:25:23 Started
10/04/12 21:25:26 fiduciaweb: JDevOJSP: init
10/04/12 21:25:26 fiduciaweb: Started
10/04/12 22:30:12 Started
10/04/12 22:30:15 fiduciaweb: JDevOJSP: init
10/04/12 22:30:15 fiduciaweb: Started
10/04/12 22:34:46 Started
10/04/12 22:34:48 fiduciaweb: JDevOJSP: init
10/04/12 22:34:48 fiduciaweb: Started
10/04/12 23:23:12 Started
10/04/12 23:23:15 fiduciaweb: JDevOJSP: init
10/04/12 23:23:15 fiduciaweb: Started
10/04/26 21:11:26 Started
10/04/26 21:11:28 fiduciaweb: JDevOJSP: init
10/04/26 21:11:28 fiduciaweb: Started
10/04/26 21:12:08 Started
10/04/26 21:12:10 fiduciaweb: JDevOJSP: init
10/04/26 21:12:10 fiduciaweb: Started
10/04/26 21:12:54 fiduciaweb: Servlet error
java.lang.NullPointerException
	at _FI__ValidUser._jspService(FI_ValidUser.jsp:11)
	at com.orionserver[Oracle Application Server Containers for J2EE 10g (10.1.2.2.0)].http.OrionHttpJspPage.service(OrionHttpJspPage.java:56)
	at oracle.jsp.runtimev2.JspPageTable.service(JspPageTable.java:356)
	at oracle.jsp.runtimev2.JspServlet.internalService(JspServlet.java:498)
	at oracle.jsp.runtimev2.JspServlet.service(JspServlet.java:402)
	at javax.servlet.http.HttpServlet.service(HttpServlet.java:853)
	at com.evermind[Oracle Application Server Containers for J2EE 10g (10.1.2.2.0)].server.http.ResourceFilterChain.doFilter(ResourceFilterChain.java:65)
	at oracle.security.jazn.oc4j.JAZNFilter.doFilter(Unknown Source)
	at com.evermind[Oracle Application Server Containers for J2EE 10g (10.1.2.2.0)].server.http.ServletRequestDispatcher.invoke(ServletRequestDispatcher.java:673)
	at com.evermind[Oracle Application Server Containers for J2EE 10g (10.1.2.2.0)].server.http.ServletRequestDispatcher.forwardInternal(ServletRequestDispatcher.java:340)
	at com.evermind[Oracle Application Server Containers for J2EE 10g (10.1.2.2.0)].server.http.HttpRequestHandler.processRequest(HttpRequestHandler.java:830)
	at com.evermind[Oracle Application Server Containers for J2EE 10g (10.1.2.2.0)].server.http.HttpRequestHandler.run(HttpRequestHandler.java:285)
	at com.evermind[Oracle Application Server Containers for J2EE 10g (10.1.2.2.0)].server.http.HttpRequestHandler.run(HttpRequestHandler.java:126)
	at com.evermind[Oracle Application Server Containers for J2EE 10g (10.1.2.2.0)].util.ReleasableResourcePooledExecutor$MyWorker.run(ReleasableResourcePooledExecutor.java:192)
	at java.lang.Thread.run(Thread.java:534)
10/04/26 21:13:10 fiduciaweb: Servlet error
java.lang.NullPointerException
	at _FI__ValidUser._jspService(FI_ValidUser.jsp:11)
	at com.orionserver[Oracle Application Server Containers for J2EE 10g (10.1.2.2.0)].http.OrionHttpJspPage.service(OrionHttpJspPage.java:56)
	at oracle.jsp.runtimev2.JspPageTable.service(JspPageTable.java:356)
	at oracle.jsp.runtimev2.JspServlet.internalService(JspServlet.java:498)
	at oracle.jsp.runtimev2.JspServlet.service(JspServlet.java:402)
	at javax.servlet.http.HttpServlet.service(HttpServlet.java:853)
	at com.evermind[Oracle Application Server Containers for J2EE 10g (10.1.2.2.0)].server.http.ResourceFilterChain.doFilter(ResourceFilterChain.java:65)
	at oracle.security.jazn.oc4j.JAZNFilter.doFilter(Unknown Source)
	at com.evermind[Oracle Application Server Containers for J2EE 10g (10.1.2.2.0)].server.http.ServletRequestDispatcher.invoke(ServletRequestDispatcher.java:673)
	at com.evermind[Oracle Application Server Containers for J2EE 10g (10.1.2.2.0)].server.http.ServletRequestDispatcher.forwardInternal(ServletRequestDispatcher.java:340)
	at com.evermind[Oracle Application Server Containers for J2EE 10g (10.1.2.2.0)].server.http.HttpRequestHandler.processRequest(HttpRequestHandler.java:830)
	at com.evermind[Oracle Application Server Containers for J2EE 10g (10.1.2.2.0)].server.http.HttpRequestHandler.run(HttpRequestHandler.java:285)
	at com.evermind[Oracle Application Server Containers for J2EE 10g (10.1.2.2.0)].server.http.HttpRequestHandler.run(HttpRequestHandler.java:126)
	at com.evermind[Oracle Application Server Containers for J2EE 10g (10.1.2.2.0)].util.ReleasableResourcePooledExecutor$MyWorker.run(ReleasableResourcePooledExecutor.java:192)
	at java.lang.Thread.run(Thread.java:534)
10/04/26 22:27:24 Started
10/04/26 22:27:26 fiduciaweb: JDevOJSP: init
10/04/26 22:27:26 fiduciaweb: Started
10/05/08 01:20:15 Started
10/05/08 01:20:20 fiduciaweb: JDevOJSP: init
10/05/08 01:20:20 fiduciaweb: Started
10/05/08 01:21:43 fiduciaweb: Connection reset by peer: socket write error
10/06/15 01:28:12 Started
10/06/15 01:28:19 fiduciaweb: JDevOJSP: init
10/06/15 01:28:19 fiduciaweb: Started
10/06/15 01:30:56 fiduciaweb: Servlet error
java.lang.NullPointerException
	at _FI__ValidUser._jspService(FI_ValidUser.jsp:11)
	at com.orionserver[Oracle Application Server Containers for J2EE 10g (10.1.2.2.0)].http.OrionHttpJspPage.service(OrionHttpJspPage.java:56)
	at oracle.jsp.runtimev2.JspPageTable.service(JspPageTable.java:356)
	at oracle.jsp.runtimev2.JspServlet.internalService(JspServlet.java:498)
	at oracle.jsp.runtimev2.JspServlet.service(JspServlet.java:402)
	at javax.servlet.http.HttpServlet.service(HttpServlet.java:853)
	at com.evermind[Oracle Application Server Containers for J2EE 10g (10.1.2.2.0)].server.http.ResourceFilterChain.doFilter(ResourceFilterChain.java:65)
	at oracle.security.jazn.oc4j.JAZNFilter.doFilter(Unknown Source)
	at com.evermind[Oracle Application Server Containers for J2EE 10g (10.1.2.2.0)].server.http.ServletRequestDispatcher.invoke(ServletRequestDispatcher.java:673)
	at com.evermind[Oracle Application Server Containers for J2EE 10g (10.1.2.2.0)].server.http.ServletRequestDispatcher.forwardInternal(ServletRequestDispatcher.java:340)
	at com.evermind[Oracle Application Server Containers for J2EE 10g (10.1.2.2.0)].server.http.HttpRequestHandler.processRequest(HttpRequestHandler.java:830)
	at com.evermind[Oracle Application Server Containers for J2EE 10g (10.1.2.2.0)].server.http.HttpRequestHandler.run(HttpRequestHandler.java:285)
	at com.evermind[Oracle Application Server Containers for J2EE 10g (10.1.2.2.0)].server.http.HttpRequestHandler.run(HttpRequestHandler.java:126)
	at com.evermind[Oracle Application Server Containers for J2EE 10g (10.1.2.2.0)].util.ReleasableResourcePooledExecutor$MyWorker.run(ReleasableResourcePooledExecutor.java:186)
	at java.lang.Thread.run(Thread.java:534)
10/06/15 01:31:28 fiduciaweb: Servlet error
java.lang.NullPointerException
	at _FI__ValidUser._jspService(FI_ValidUser.jsp:11)
	at com.orionserver[Oracle Application Server Containers for J2EE 10g (10.1.2.2.0)].http.OrionHttpJspPage.service(OrionHttpJspPage.java:56)
	at oracle.jsp.runtimev2.JspPageTable.service(JspPageTable.java:356)
	at oracle.jsp.runtimev2.JspServlet.internalService(JspServlet.java:498)
	at oracle.jsp.runtimev2.JspServlet.service(JspServlet.java:402)
	at javax.servlet.http.HttpServlet.service(HttpServlet.java:853)
	at com.evermind[Oracle Application Server Containers for J2EE 10g (10.1.2.2.0)].server.http.ResourceFilterChain.doFilter(ResourceFilterChain.java:65)
	at oracle.security.jazn.oc4j.JAZNFilter.doFilter(Unknown Source)
	at com.evermind[Oracle Application Server Containers for J2EE 10g (10.1.2.2.0)].server.http.ServletRequestDispatcher.invoke(ServletRequestDispatcher.java:673)
	at com.evermind[Oracle Application Server Containers for J2EE 10g (10.1.2.2.0)].server.http.ServletRequestDispatcher.forwardInternal(ServletRequestDispatcher.java:340)
	at com.evermind[Oracle Application Server Containers for J2EE 10g (10.1.2.2.0)].server.http.HttpRequestHandler.processRequest(HttpRequestHandler.java:830)
	at com.evermind[Oracle Application Server Containers for J2EE 10g (10.1.2.2.0)].server.http.HttpRequestHandler.run(HttpRequestHandler.java:285)
	at com.evermind[Oracle Application Server Containers for J2EE 10g (10.1.2.2.0)].server.http.HttpRequestHandler.run(HttpRequestHandler.java:126)
	at com.evermind[Oracle Application Server Containers for J2EE 10g (10.1.2.2.0)].util.ReleasableResourcePooledExecutor$MyWorker.run(ReleasableResourcePooledExecutor.java:192)
	at java.lang.Thread.run(Thread.java:534)
10/06/15 01:31:29 fiduciaweb: Servlet error
java.lang.NullPointerException
	at _FI__ValidUser._jspService(FI_ValidUser.jsp:11)
	at com.orionserver[Oracle Application Server Containers for J2EE 10g (10.1.2.2.0)].http.OrionHttpJspPage.service(OrionHttpJspPage.java:56)
	at oracle.jsp.runtimev2.JspPageTable.service(JspPageTable.java:356)
	at oracle.jsp.runtimev2.JspServlet.internalService(JspServlet.java:498)
	at oracle.jsp.runtimev2.JspServlet.service(JspServlet.java:402)
	at javax.servlet.http.HttpServlet.service(HttpServlet.java:853)
	at com.evermind[Oracle Application Server Containers for J2EE 10g (10.1.2.2.0)].server.http.ResourceFilterChain.doFilter(ResourceFilterChain.java:65)
	at oracle.security.jazn.oc4j.JAZNFilter.doFilter(Unknown Source)
	at com.evermind[Oracle Application Server Containers for J2EE 10g (10.1.2.2.0)].server.http.ServletRequestDispatcher.invoke(ServletRequestDispatcher.java:673)
	at com.evermind[Oracle Application Server Containers for J2EE 10g (10.1.2.2.0)].server.http.ServletRequestDispatcher.forwardInternal(ServletRequestDispatcher.java:340)
	at com.evermind[Oracle Application Server Containers for J2EE 10g (10.1.2.2.0)].server.http.HttpRequestHandler.processRequest(HttpRequestHandler.java:830)
	at com.evermind[Oracle Application Server Containers for J2EE 10g (10.1.2.2.0)].server.http.HttpRequestHandler.run(HttpRequestHandler.java:285)
	at com.evermind[Oracle Application Server Containers for J2EE 10g (10.1.2.2.0)].server.http.HttpRequestHandler.run(HttpRequestHandler.java:126)
	at com.evermind[Oracle Application Server Containers for J2EE 10g (10.1.2.2.0)].util.ReleasableResourcePooledExecutor$MyWorker.run(ReleasableResourcePooledExecutor.java:192)
	at java.lang.Thread.run(Thread.java:534)
10/06/15 01:31:29 fiduciaweb: Servlet error
java.lang.NullPointerException
	at _FI__ValidUser._jspService(FI_ValidUser.jsp:11)
	at com.orionserver[Oracle Application Server Containers for J2EE 10g (10.1.2.2.0)].http.OrionHttpJspPage.service(OrionHttpJspPage.java:56)
	at oracle.jsp.runtimev2.JspPageTable.service(JspPageTable.java:356)
	at oracle.jsp.runtimev2.JspServlet.internalService(JspServlet.java:498)
	at oracle.jsp.runtimev2.JspServlet.service(JspServlet.java:402)
	at javax.servlet.http.HttpServlet.service(HttpServlet.java:853)
	at com.evermind[Oracle Application Server Containers for J2EE 10g (10.1.2.2.0)].server.http.ResourceFilterChain.doFilter(ResourceFilterChain.java:65)
	at oracle.security.jazn.oc4j.JAZNFilter.doFilter(Unknown Source)
	at com.evermind[Oracle Application Server Containers for J2EE 10g (10.1.2.2.0)].server.http.ServletRequestDispatcher.invoke(ServletRequestDispatcher.java:673)
	at com.evermind[Oracle Application Server Containers for J2EE 10g (10.1.2.2.0)].server.http.ServletRequestDispatcher.forwardInternal(ServletRequestDispatcher.java:340)
	at com.evermind[Oracle Application Server Containers for J2EE 10g (10.1.2.2.0)].server.http.HttpRequestHandler.processRequest(HttpRequestHandler.java:830)
	at com.evermind[Oracle Application Server Containers for J2EE 10g (10.1.2.2.0)].server.http.HttpRequestHandler.run(HttpRequestHandler.java:285)
	at com.evermind[Oracle Application Server Containers for J2EE 10g (10.1.2.2.0)].server.http.HttpRequestHandler.run(HttpRequestHandler.java:126)
	at com.evermind[Oracle Application Server Containers for J2EE 10g (10.1.2.2.0)].util.ReleasableResourcePooledExecutor$MyWorker.run(ReleasableResourcePooledExecutor.java:192)
	at java.lang.Thread.run(Thread.java:534)
10/06/15 01:31:29 fiduciaweb: Servlet error
java.lang.NullPointerException
	at _FI__ValidUser._jspService(FI_ValidUser.jsp:11)
	at com.orionserver[Oracle Application Server Containers for J2EE 10g (10.1.2.2.0)].http.OrionHttpJspPage.service(OrionHttpJspPage.java:56)
	at oracle.jsp.runtimev2.JspPageTable.service(JspPageTable.java:356)
	at oracle.jsp.runtimev2.JspServlet.internalService(JspServlet.java:498)
	at oracle.jsp.runtimev2.JspServlet.service(JspServlet.java:402)
	at javax.servlet.http.HttpServlet.service(HttpServlet.java:853)
	at com.evermind[Oracle Application Server Containers for J2EE 10g (10.1.2.2.0)].server.http.ResourceFilterChain.doFilter(ResourceFilterChain.java:65)
	at oracle.security.jazn.oc4j.JAZNFilter.doFilter(Unknown Source)
	at com.evermind[Oracle Application Server Containers for J2EE 10g (10.1.2.2.0)].server.http.ServletRequestDispatcher.invoke(ServletRequestDispatcher.java:673)
	at com.evermind[Oracle Application Server Containers for J2EE 10g (10.1.2.2.0)].server.http.ServletRequestDispatcher.forwardInternal(ServletRequestDispatcher.java:340)
	at com.evermind[Oracle Application Server Containers for J2EE 10g (10.1.2.2.0)].server.http.HttpRequestHandler.processRequest(HttpRequestHandler.java:830)
	at com.evermind[Oracle Application Server Containers for J2EE 10g (10.1.2.2.0)].server.http.HttpRequestHandler.run(HttpRequestHandler.java:285)
	at com.evermind[Oracle Application Server Containers for J2EE 10g (10.1.2.2.0)].server.http.HttpRequestHandler.run(HttpRequestHandler.java:126)
	at com.evermind[Oracle Application Server Containers for J2EE 10g (10.1.2.2.0)].util.ReleasableResourcePooledExecutor$MyWorker.run(ReleasableResourcePooledExecutor.java:192)
	at java.lang.Thread.run(Thread.java:534)
10/06/15 01:31:29 fiduciaweb: Servlet error
java.lang.NullPointerException
	at _FI__ValidUser._jspService(FI_ValidUser.jsp:11)
	at com.orionserver[Oracle Application Server Containers for J2EE 10g (10.1.2.2.0)].http.OrionHttpJspPage.service(OrionHttpJspPage.java:56)
	at oracle.jsp.runtimev2.JspPageTable.service(JspPageTable.java:356)
	at oracle.jsp.runtimev2.JspServlet.internalService(JspServlet.java:498)
	at oracle.jsp.runtimev2.JspServlet.service(JspServlet.java:402)
	at javax.servlet.http.HttpServlet.service(HttpServlet.java:853)
	at com.evermind[Oracle Application Server Containers for J2EE 10g (10.1.2.2.0)].server.http.ResourceFilterChain.doFilter(ResourceFilterChain.java:65)
	at oracle.security.jazn.oc4j.JAZNFilter.doFilter(Unknown Source)
	at com.evermind[Oracle Application Server Containers for J2EE 10g (10.1.2.2.0)].server.http.ServletRequestDispatcher.invoke(ServletRequestDispatcher.java:673)
	at com.evermind[Oracle Application Server Containers for J2EE 10g (10.1.2.2.0)].server.http.ServletRequestDispatcher.forwardInternal(ServletRequestDispatcher.java:340)
	at com.evermind[Oracle Application Server Containers for J2EE 10g (10.1.2.2.0)].server.http.HttpRequestHandler.processRequest(HttpRequestHandler.java:830)
	at com.evermind[Oracle Application Server Containers for J2EE 10g (10.1.2.2.0)].server.http.HttpRequestHandler.run(HttpRequestHandler.java:285)
	at com.evermind[Oracle Application Server Containers for J2EE 10g (10.1.2.2.0)].server.http.HttpRequestHandler.run(HttpRequestHandler.java:126)
	at com.evermind[Oracle Application Server Containers for J2EE 10g (10.1.2.2.0)].util.ReleasableResourcePooledExecutor$MyWorker.run(ReleasableResourcePooledExecutor.java:192)
	at java.lang.Thread.run(Thread.java:534)
10/06/15 01:31:30 fiduciaweb: Servlet error
java.lang.NullPointerException
	at _FI__ValidUser._jspService(FI_ValidUser.jsp:11)
	at com.orionserver[Oracle Application Server Containers for J2EE 10g (10.1.2.2.0)].http.OrionHttpJspPage.service(OrionHttpJspPage.java:56)
	at oracle.jsp.runtimev2.JspPageTable.service(JspPageTable.java:356)
	at oracle.jsp.runtimev2.JspServlet.internalService(JspServlet.java:498)
	at oracle.jsp.runtimev2.JspServlet.service(JspServlet.java:402)
	at javax.servlet.http.HttpServlet.service(HttpServlet.java:853)
	at com.evermind[Oracle Application Server Containers for J2EE 10g (10.1.2.2.0)].server.http.ResourceFilterChain.doFilter(ResourceFilterChain.java:65)
	at oracle.security.jazn.oc4j.JAZNFilter.doFilter(Unknown Source)
	at com.evermind[Oracle Application Server Containers for J2EE 10g (10.1.2.2.0)].server.http.ServletRequestDispatcher.invoke(ServletRequestDispatcher.java:673)
	at com.evermind[Oracle Application Server Containers for J2EE 10g (10.1.2.2.0)].server.http.ServletRequestDispatcher.forwardInternal(ServletRequestDispatcher.java:340)
	at com.evermind[Oracle Application Server Containers for J2EE 10g (10.1.2.2.0)].server.http.HttpRequestHandler.processRequest(HttpRequestHandler.java:830)
	at com.evermind[Oracle Application Server Containers for J2EE 10g (10.1.2.2.0)].server.http.HttpRequestHandler.run(HttpRequestHandler.java:285)
	at com.evermind[Oracle Application Server Containers for J2EE 10g (10.1.2.2.0)].server.http.HttpRequestHandler.run(HttpRequestHandler.java:126)
	at com.evermind[Oracle Application Server Containers for J2EE 10g (10.1.2.2.0)].util.ReleasableResourcePooledExecutor$MyWorker.run(ReleasableResourcePooledExecutor.java:192)
	at java.lang.Thread.run(Thread.java:534)
10/06/15 01:31:30 fiduciaweb: Servlet error
java.lang.NullPointerException
	at _FI__ValidUser._jspService(FI_ValidUser.jsp:11)
	at com.orionserver[Oracle Application Server Containers for J2EE 10g (10.1.2.2.0)].http.OrionHttpJspPage.service(OrionHttpJspPage.java:56)
	at oracle.jsp.runtimev2.JspPageTable.service(JspPageTable.java:356)
	at oracle.jsp.runtimev2.JspServlet.internalService(JspServlet.java:498)
	at oracle.jsp.runtimev2.JspServlet.service(JspServlet.java:402)
	at javax.servlet.http.HttpServlet.service(HttpServlet.java:853)
	at com.evermind[Oracle Application Server Containers for J2EE 10g (10.1.2.2.0)].server.http.ResourceFilterChain.doFilter(ResourceFilterChain.java:65)
	at oracle.security.jazn.oc4j.JAZNFilter.doFilter(Unknown Source)
	at com.evermind[Oracle Application Server Containers for J2EE 10g (10.1.2.2.0)].server.http.ServletRequestDispatcher.invoke(ServletRequestDispatcher.java:673)
	at com.evermind[Oracle Application Server Containers for J2EE 10g (10.1.2.2.0)].server.http.ServletRequestDispatcher.forwardInternal(ServletRequestDispatcher.java:340)
	at com.evermind[Oracle Application Server Containers for J2EE 10g (10.1.2.2.0)].server.http.HttpRequestHandler.processRequest(HttpRequestHandler.java:830)
	at com.evermind[Oracle Application Server Containers for J2EE 10g (10.1.2.2.0)].server.http.HttpRequestHandler.run(HttpRequestHandler.java:285)
	at com.evermind[Oracle Application Server Containers for J2EE 10g (10.1.2.2.0)].server.http.HttpRequestHandler.run(HttpRequestHandler.java:126)
	at com.evermind[Oracle Application Server Containers for J2EE 10g (10.1.2.2.0)].util.ReleasableResourcePooledExecutor$MyWorker.run(ReleasableResourcePooledExecutor.java:192)
	at java.lang.Thread.run(Thread.java:534)
10/06/15 01:31:30 fiduciaweb: Servlet error
java.lang.NullPointerException
	at _FI__ValidUser._jspService(FI_ValidUser.jsp:11)
	at com.orionserver[Oracle Application Server Containers for J2EE 10g (10.1.2.2.0)].http.OrionHttpJspPage.service(OrionHttpJspPage.java:56)
	at oracle.jsp.runtimev2.JspPageTable.service(JspPageTable.java:356)
	at oracle.jsp.runtimev2.JspServlet.internalService(JspServlet.java:498)
	at oracle.jsp.runtimev2.JspServlet.service(JspServlet.java:402)
	at javax.servlet.http.HttpServlet.service(HttpServlet.java:853)
	at com.evermind[Oracle Application Server Containers for J2EE 10g (10.1.2.2.0)].server.http.ResourceFilterChain.doFilter(ResourceFilterChain.java:65)
	at oracle.security.jazn.oc4j.JAZNFilter.doFilter(Unknown Source)
	at com.evermind[Oracle Application Server Containers for J2EE 10g (10.1.2.2.0)].server.http.ServletRequestDispatcher.invoke(ServletRequestDispatcher.java:673)
	at com.evermind[Oracle Application Server Containers for J2EE 10g (10.1.2.2.0)].server.http.ServletRequestDispatcher.forwardInternal(ServletRequestDispatcher.java:340)
	at com.evermind[Oracle Application Server Containers for J2EE 10g (10.1.2.2.0)].server.http.HttpRequestHandler.processRequest(HttpRequestHandler.java:830)
	at com.evermind[Oracle Application Server Containers for J2EE 10g (10.1.2.2.0)].server.http.HttpRequestHandler.run(HttpRequestHandler.java:285)
	at com.evermind[Oracle Application Server Containers for J2EE 10g (10.1.2.2.0)].server.http.HttpRequestHandler.run(HttpRequestHandler.java:126)
	at com.evermind[Oracle Application Server Containers for J2EE 10g (10.1.2.2.0)].util.ReleasableResourcePooledExecutor$MyWorker.run(ReleasableResourcePooledExecutor.java:192)
	at java.lang.Thread.run(Thread.java:534)
10/06/15 01:31:30 fiduciaweb: Servlet error
java.lang.NullPointerException
	at _FI__ValidUser._jspService(FI_ValidUser.jsp:11)
	at com.orionserver[Oracle Application Server Containers for J2EE 10g (10.1.2.2.0)].http.OrionHttpJspPage.service(OrionHttpJspPage.java:56)
	at oracle.jsp.runtimev2.JspPageTable.service(JspPageTable.java:356)
	at oracle.jsp.runtimev2.JspServlet.internalService(JspServlet.java:498)
	at oracle.jsp.runtimev2.JspServlet.service(JspServlet.java:402)
	at javax.servlet.http.HttpServlet.service(HttpServlet.java:853)
	at com.evermind[Oracle Application Server Containers for J2EE 10g (10.1.2.2.0)].server.http.ResourceFilterChain.doFilter(ResourceFilterChain.java:65)
	at oracle.security.jazn.oc4j.JAZNFilter.doFilter(Unknown Source)
	at com.evermind[Oracle Application Server Containers for J2EE 10g (10.1.2.2.0)].server.http.ServletRequestDispatcher.invoke(ServletRequestDispatcher.java:673)
	at com.evermind[Oracle Application Server Containers for J2EE 10g (10.1.2.2.0)].server.http.ServletRequestDispatcher.forwardInternal(ServletRequestDispatcher.java:340)
	at com.evermind[Oracle Application Server Containers for J2EE 10g (10.1.2.2.0)].server.http.HttpRequestHandler.processRequest(HttpRequestHandler.java:830)
	at com.evermind[Oracle Application Server Containers for J2EE 10g (10.1.2.2.0)].server.http.HttpRequestHandler.run(HttpRequestHandler.java:285)
	at com.evermind[Oracle Application Server Containers for J2EE 10g (10.1.2.2.0)].server.http.HttpRequestHandler.run(HttpRequestHandler.java:126)
	at com.evermind[Oracle Application Server Containers for J2EE 10g (10.1.2.2.0)].util.ReleasableResourcePooledExecutor$MyWorker.run(ReleasableResourcePooledExecutor.java:192)
	at java.lang.Thread.run(Thread.java:534)
10/06/15 01:31:30 fiduciaweb: Servlet error
java.lang.NullPointerException
	at _FI__ValidUser._jspService(FI_ValidUser.jsp:11)
	at com.orionserver[Oracle Application Server Containers for J2EE 10g (10.1.2.2.0)].http.OrionHttpJspPage.service(OrionHttpJspPage.java:56)
	at oracle.jsp.runtimev2.JspPageTable.service(JspPageTable.java:356)
	at oracle.jsp.runtimev2.JspServlet.internalService(JspServlet.java:498)
	at oracle.jsp.runtimev2.JspServlet.service(JspServlet.java:402)
	at javax.servlet.http.HttpServlet.service(HttpServlet.java:853)
	at com.evermind[Oracle Application Server Containers for J2EE 10g (10.1.2.2.0)].server.http.ResourceFilterChain.doFilter(ResourceFilterChain.java:65)
	at oracle.security.jazn.oc4j.JAZNFilter.doFilter(Unknown Source)
	at com.evermind[Oracle Application Server Containers for J2EE 10g (10.1.2.2.0)].server.http.ServletRequestDispatcher.invoke(ServletRequestDispatcher.java:673)
	at com.evermind[Oracle Application Server Containers for J2EE 10g (10.1.2.2.0)].server.http.ServletRequestDispatcher.forwardInternal(ServletRequestDispatcher.java:340)
	at com.evermind[Oracle Application Server Containers for J2EE 10g (10.1.2.2.0)].server.http.HttpRequestHandler.processRequest(HttpRequestHandler.java:830)
	at com.evermind[Oracle Application Server Containers for J2EE 10g (10.1.2.2.0)].server.http.HttpRequestHandler.run(HttpRequestHandler.java:285)
	at com.evermind[Oracle Application Server Containers for J2EE 10g (10.1.2.2.0)].server.http.HttpRequestHandler.run(HttpRequestHandler.java:126)
	at com.evermind[Oracle Application Server Containers for J2EE 10g (10.1.2.2.0)].util.ReleasableResourcePooledExecutor$MyWorker.run(ReleasableResourcePooledExecutor.java:192)
	at java.lang.Thread.run(Thread.java:534)
10/06/15 01:31:31 fiduciaweb: Servlet error
java.lang.NullPointerException
	at _FI__ValidUser._jspService(FI_ValidUser.jsp:11)
	at com.orionserver[Oracle Application Server Containers for J2EE 10g (10.1.2.2.0)].http.OrionHttpJspPage.service(OrionHttpJspPage.java:56)
	at oracle.jsp.runtimev2.JspPageTable.service(JspPageTable.java:356)
	at oracle.jsp.runtimev2.JspServlet.internalService(JspServlet.java:498)
	at oracle.jsp.runtimev2.JspServlet.service(JspServlet.java:402)
	at javax.servlet.http.HttpServlet.service(HttpServlet.java:853)
	at com.evermind[Oracle Application Server Containers for J2EE 10g (10.1.2.2.0)].server.http.ResourceFilterChain.doFilter(ResourceFilterChain.java:65)
	at oracle.security.jazn.oc4j.JAZNFilter.doFilter(Unknown Source)
	at com.evermind[Oracle Application Server Containers for J2EE 10g (10.1.2.2.0)].server.http.ServletRequestDispatcher.invoke(ServletRequestDispatcher.java:673)
	at com.evermind[Oracle Application Server Containers for J2EE 10g (10.1.2.2.0)].server.http.ServletRequestDispatcher.forwardInternal(ServletRequestDispatcher.java:340)
	at com.evermind[Oracle Application Server Containers for J2EE 10g (10.1.2.2.0)].server.http.HttpRequestHandler.processRequest(HttpRequestHandler.java:830)
	at com.evermind[Oracle Application Server Containers for J2EE 10g (10.1.2.2.0)].server.http.HttpRequestHandler.run(HttpRequestHandler.java:285)
	at com.evermind[Oracle Application Server Containers for J2EE 10g (10.1.2.2.0)].server.http.HttpRequestHandler.run(HttpRequestHandler.java:126)
	at com.evermind[Oracle Application Server Containers for J2EE 10g (10.1.2.2.0)].util.ReleasableResourcePooledExecutor$MyWorker.run(ReleasableResourcePooledExecutor.java:192)
	at java.lang.Thread.run(Thread.java:534)
10/06/15 01:31:31 fiduciaweb: Servlet error
java.lang.NullPointerException
	at _FI__ValidUser._jspService(FI_ValidUser.jsp:11)
	at com.orionserver[Oracle Application Server Containers for J2EE 10g (10.1.2.2.0)].http.OrionHttpJspPage.service(OrionHttpJspPage.java:56)
	at oracle.jsp.runtimev2.JspPageTable.service(JspPageTable.java:356)
	at oracle.jsp.runtimev2.JspServlet.internalService(JspServlet.java:498)
	at oracle.jsp.runtimev2.JspServlet.service(JspServlet.java:402)
	at javax.servlet.http.HttpServlet.service(HttpServlet.java:853)
	at com.evermind[Oracle Application Server Containers for J2EE 10g (10.1.2.2.0)].server.http.ResourceFilterChain.doFilter(ResourceFilterChain.java:65)
	at oracle.security.jazn.oc4j.JAZNFilter.doFilter(Unknown Source)
	at com.evermind[Oracle Application Server Containers for J2EE 10g (10.1.2.2.0)].server.http.ServletRequestDispatcher.invoke(ServletRequestDispatcher.java:673)
	at com.evermind[Oracle Application Server Containers for J2EE 10g (10.1.2.2.0)].server.http.ServletRequestDispatcher.forwardInternal(ServletRequestDispatcher.java:340)
	at com.evermind[Oracle Application Server Containers for J2EE 10g (10.1.2.2.0)].server.http.HttpRequestHandler.processRequest(HttpRequestHandler.java:830)
	at com.evermind[Oracle Application Server Containers for J2EE 10g (10.1.2.2.0)].server.http.HttpRequestHandler.run(HttpRequestHandler.java:285)
	at com.evermind[Oracle Application Server Containers for J2EE 10g (10.1.2.2.0)].server.http.HttpRequestHandler.run(HttpRequestHandler.java:126)
	at com.evermind[Oracle Application Server Containers for J2EE 10g (10.1.2.2.0)].util.ReleasableResourcePooledExecutor$MyWorker.run(ReleasableResourcePooledExecutor.java:192)
	at java.lang.Thread.run(Thread.java:534)
10/06/15 01:31:31 fiduciaweb: Servlet error
java.lang.NullPointerException
	at _FI__ValidUser._jspService(FI_ValidUser.jsp:11)
	at com.orionserver[Oracle Application Server Containers for J2EE 10g (10.1.2.2.0)].http.OrionHttpJspPage.service(OrionHttpJspPage.java:56)
	at oracle.jsp.runtimev2.JspPageTable.service(JspPageTable.java:356)
	at oracle.jsp.runtimev2.JspServlet.internalService(JspServlet.java:498)
	at oracle.jsp.runtimev2.JspServlet.service(JspServlet.java:402)
	at javax.servlet.http.HttpServlet.service(HttpServlet.java:853)
	at com.evermind[Oracle Application Server Containers for J2EE 10g (10.1.2.2.0)].server.http.ResourceFilterChain.doFilter(ResourceFilterChain.java:65)
	at oracle.security.jazn.oc4j.JAZNFilter.doFilter(Unknown Source)
	at com.evermind[Oracle Application Server Containers for J2EE 10g (10.1.2.2.0)].server.http.ServletRequestDispatcher.invoke(ServletRequestDispatcher.java:673)
	at com.evermind[Oracle Application Server Containers for J2EE 10g (10.1.2.2.0)].server.http.ServletRequestDispatcher.forwardInternal(ServletRequestDispatcher.java:340)
	at com.evermind[Oracle Application Server Containers for J2EE 10g (10.1.2.2.0)].server.http.HttpRequestHandler.processRequest(HttpRequestHandler.java:830)
	at com.evermind[Oracle Application Server Containers for J2EE 10g (10.1.2.2.0)].server.http.HttpRequestHandler.run(HttpRequestHandler.java:285)
	at com.evermind[Oracle Application Server Containers for J2EE 10g (10.1.2.2.0)].server.http.HttpRequestHandler.run(HttpRequestHandler.java:126)
	at com.evermind[Oracle Application Server Containers for J2EE 10g (10.1.2.2.0)].util.ReleasableResourcePooledExecutor$MyWorker.run(ReleasableResourcePooledExecutor.java:192)
	at java.lang.Thread.run(Thread.java:534)
10/06/15 01:32:48 fiduciaweb: Servlet error
java.lang.NullPointerException
	at _FI__ValidUser._jspService(FI_ValidUser.jsp:12)
	at com.orionserver[Oracle Application Server Containers for J2EE 10g (10.1.2.2.0)].http.OrionHttpJspPage.service(OrionHttpJspPage.java:56)
	at oracle.jsp.runtimev2.JspPageTable.compileAndServe(JspPageTable.java:575)
	at oracle.jsp.runtimev2.JspPageTable.service(JspPageTable.java:311)
	at oracle.jsp.runtimev2.JspServlet.internalService(JspServlet.java:498)
	at oracle.jsp.runtimev2.JspServlet.service(JspServlet.java:402)
	at javax.servlet.http.HttpServlet.service(HttpServlet.java:853)
	at com.evermind[Oracle Application Server Containers for J2EE 10g (10.1.2.2.0)].server.http.ResourceFilterChain.doFilter(ResourceFilterChain.java:65)
	at oracle.security.jazn.oc4j.JAZNFilter.doFilter(Unknown Source)
	at com.evermind[Oracle Application Server Containers for J2EE 10g (10.1.2.2.0)].server.http.ServletRequestDispatcher.invoke(ServletRequestDispatcher.java:673)
	at com.evermind[Oracle Application Server Containers for J2EE 10g (10.1.2.2.0)].server.http.ServletRequestDispatcher.forwardInternal(ServletRequestDispatcher.java:340)
	at com.evermind[Oracle Application Server Containers for J2EE 10g (10.1.2.2.0)].server.http.HttpRequestHandler.processRequest(HttpRequestHandler.java:830)
	at com.evermind[Oracle Application Server Containers for J2EE 10g (10.1.2.2.0)].server.http.HttpRequestHandler.run(HttpRequestHandler.java:285)
	at com.evermind[Oracle Application Server Containers for J2EE 10g (10.1.2.2.0)].server.http.HttpRequestHandler.run(HttpRequestHandler.java:126)
	at com.evermind[Oracle Application Server Containers for J2EE 10g (10.1.2.2.0)].util.ReleasableResourcePooledExecutor$MyWorker.run(ReleasableResourcePooledExecutor.java:186)
	at java.lang.Thread.run(Thread.java:534)
10/06/15 01:37:08 Started
10/06/15 01:37:10 fiduciaweb: JDevOJSP: init
10/06/15 01:37:10 fiduciaweb: Started
10/06/15 01:44:11 fiduciaweb: JspServlet: No se ha podido distribuir a la página solicitada: java.io.FileNotFoundException: C:\FiduciaWebExterno_PRODUCCION\PROJECTFIDUCIAWEB\public_html\FI_Proporiones.jsp (El sistema no puede hallar el archivo especificado)
	at java.io.FileInputStream.open(Native Method)
	at java.io.FileInputStream.<init>(FileInputStream.java:106)
	at java.io.FileInputStream.<init>(FileInputStream.java:66)
	at oracle.jsp.provider.JspFilesystemResource.fromStream(JspFilesystemResource.java:179)
	at oracle.jsp.provider.JspFilesystemResource.fromReader(JspFilesystemResource.java:195)
	at oracle.jsp.runtimev2.JspPageCompiler.fromReader(JspPageCompiler.java:535)
	at oracle.jsp.runtimev2.JspPageCompiler.attemptCompilePage(JspPageCompiler.java:396)
	at oracle.jsp.runtimev2.JspPageCompiler.compilePage(JspPageCompiler.java:308)
	at oracle.jsp.runtimev2.JspPageInfo.compileAndLoad(JspPageInfo.java:508)
	at oracle.jsp.runtimev2.JspPageTable.compileAndServe(JspPageTable.java:548)
	at oracle.jsp.runtimev2.JspPageTable.service(JspPageTable.java:311)
	at oracle.jsp.runtimev2.JspServlet.internalService(JspServlet.java:498)
	at oracle.jsp.runtimev2.JspServlet.service(JspServlet.java:402)
	at javax.servlet.http.HttpServlet.service(HttpServlet.java:853)
	at com.evermind.server.http.ResourceFilterChain.doFilter(ResourceFilterChain.java:65)
	at oracle.security.jazn.oc4j.JAZNFilter.doFilter(Unknown Source)
	at com.evermind.server.http.ServletRequestDispatcher.invoke(ServletRequestDispatcher.java:673)
	at com.evermind.server.http.ServletRequestDispatcher.forwardInternal(ServletRequestDispatcher.java:340)
	at com.evermind.server.http.HttpRequestHandler.processRequest(HttpRequestHandler.java:830)
	at com.evermind.server.http.HttpRequestHandler.run(HttpRequestHandler.java:285)
	at com.evermind.server.http.HttpRequestHandler.run(HttpRequestHandler.java:126)
	at com.evermind.util.ReleasableResourcePooledExecutor$MyWorker.run(ReleasableResourcePooledExecutor.java:192)
	at java.lang.Thread.run(Thread.java:534)

10/07/13 22:40:27 Started
10/07/13 22:40:29 fiduciaweb: JDevOJSP: init
10/07/13 22:40:29 fiduciaweb: Started
10/07/15 00:06:09 Started
10/07/15 00:06:12 fiduciaweb: JDevOJSP: init
10/07/15 00:06:12 fiduciaweb: Started
10/09/29 16:36:34 Started
10/09/29 16:36:37 fiduciaweb: JDevOJSP: init
10/09/29 16:36:37 fiduciaweb: Started
10/09/29 17:07:21 Started
10/09/29 17:07:23 fiduciaweb: JDevOJSP: init
10/09/29 17:07:23 fiduciaweb: Started
10/09/30 16:01:54 Started
10/09/30 16:01:59 fiduciaweb: JDevOJSP: init
10/09/30 16:01:59 fiduciaweb: Started
10/10/01 20:46:57 Started
10/10/01 20:47:01 fiduciaweb: JDevOJSP: init
10/10/01 20:47:01 fiduciaweb: Started
10/10/01 21:02:15 Started
10/10/01 21:02:18 fiduciaweb: JDevOJSP: init
10/10/01 21:02:18 fiduciaweb: Started
10/10/01 21:19:25 Started
10/10/01 21:19:27 fiduciaweb: JDevOJSP: init
10/10/01 21:19:27 fiduciaweb: Started
10/10/01 21:23:04 fiduciaweb: Servlet error
java.lang.NullPointerException
	at _instruccion2._jspService(instruccion2.jsp:62)
	at com.orionserver[Oracle Application Server Containers for J2EE 10g (10.1.2.2.0)].http.OrionHttpJspPage.service(OrionHttpJspPage.java:56)
	at oracle.jsp.runtimev2.JspPageTable.service(JspPageTable.java:356)
	at oracle.jsp.runtimev2.JspServlet.internalService(JspServlet.java:498)
	at oracle.jsp.runtimev2.JspServlet.service(JspServlet.java:402)
	at javax.servlet.http.HttpServlet.service(HttpServlet.java:853)
	at com.evermind[Oracle Application Server Containers for J2EE 10g (10.1.2.2.0)].server.http.ResourceFilterChain.doFilter(ResourceFilterChain.java:65)
	at oracle.security.jazn.oc4j.JAZNFilter.doFilter(Unknown Source)
	at com.evermind[Oracle Application Server Containers for J2EE 10g (10.1.2.2.0)].server.http.ServletRequestDispatcher.invoke(ServletRequestDispatcher.java:673)
	at com.evermind[Oracle Application Server Containers for J2EE 10g (10.1.2.2.0)].server.http.ServletRequestDispatcher.forwardInternal(ServletRequestDispatcher.java:340)
	at com.evermind[Oracle Application Server Containers for J2EE 10g (10.1.2.2.0)].server.http.HttpRequestHandler.processRequest(HttpRequestHandler.java:830)
	at com.evermind[Oracle Application Server Containers for J2EE 10g (10.1.2.2.0)].server.http.HttpRequestHandler.run(HttpRequestHandler.java:285)
	at com.evermind[Oracle Application Server Containers for J2EE 10g (10.1.2.2.0)].server.http.HttpRequestHandler.run(HttpRequestHandler.java:126)
	at com.evermind[Oracle Application Server Containers for J2EE 10g (10.1.2.2.0)].util.ReleasableResourcePooledExecutor$MyWorker.run(ReleasableResourcePooledExecutor.java:192)
	at java.lang.Thread.run(Thread.java:534)
10/10/01 21:28:41 Started
10/10/01 21:28:43 fiduciaweb: JDevOJSP: init
10/10/01 21:28:43 fiduciaweb: Started
10/10/01 21:28:52 fiduciaweb: Connection reset by peer: socket write error
10/10/01 21:28:52 fiduciaweb: Connection reset by peer: socket write error
10/10/01 21:28:52 fiduciaweb: Connection reset by peer: socket write error
10/10/01 21:28:52 fiduciaweb: Connection reset by peer: socket write error
10/10/01 21:50:21 Started
10/10/01 21:50:27 fiduciaweb: JDevOJSP: init
10/10/01 21:50:27 fiduciaweb: Started
10/10/01 22:04:14 Started
10/10/01 22:04:16 fiduciaweb: JDevOJSP: init
10/10/01 22:04:16 fiduciaweb: Started
10/10/02 01:22:16 Started
10/10/02 01:22:18 fiduciaweb: JDevOJSP: init
10/10/02 01:22:18 fiduciaweb: Started
10/10/02 01:23:02 fiduciaweb: Connection reset by peer: socket write error
10/10/02 01:23:02 fiduciaweb: Connection reset by peer: socket write error
10/10/02 01:23:02 fiduciaweb: Connection reset by peer: socket write error
10/10/02 01:23:02 fiduciaweb: Connection reset by peer: socket write error
10/10/02 01:26:58 Started
10/10/02 01:27:00 fiduciaweb: JDevOJSP: init
10/10/02 01:27:00 fiduciaweb: Started
10/10/20 18:41:28 Started
10/10/20 18:41:31 fiduciaweb: JDevOJSP: init
10/10/20 18:41:31 fiduciaweb: Started
10/10/20 18:42:56 Started
10/10/20 18:42:58 fiduciaweb: JDevOJSP: init
10/10/20 18:42:58 fiduciaweb: Started
10/10/21 19:06:24 Started
10/10/21 19:06:27 fiduciaweb: JDevOJSP: init
10/10/21 19:06:27 fiduciaweb: Started
10/11/09 05:14:43 Started
10/11/09 05:14:45 fiduciaweb: JDevOJSP: init
10/11/09 05:14:45 fiduciaweb: Started
10/11/09 05:14:56 fiduciaweb: Connection reset by peer: socket write error
10/11/09 05:33:57 Started
10/11/09 05:33:59 fiduciaweb: JDevOJSP: init
10/11/09 05:33:59 fiduciaweb: Started
10/11/09 06:49:02 Started
10/11/09 06:49:04 fiduciaweb: JDevOJSP: init
10/11/09 06:49:04 fiduciaweb: Started
10/11/09 07:01:48 Started
10/11/09 07:01:53 fiduciaweb: JDevOJSP: init
10/11/09 07:01:53 fiduciaweb: Started
10/11/09 18:50:30 Started
10/11/09 18:50:33 fiduciaweb: JDevOJSP: init
10/11/09 18:50:33 fiduciaweb: Started
10/11/09 19:11:47 Started
10/11/09 19:11:49 fiduciaweb: JDevOJSP: init
10/11/09 19:11:49 fiduciaweb: Started
10/11/09 19:34:17 Started
10/11/09 19:34:19 fiduciaweb: JDevOJSP: init
10/11/09 19:34:19 fiduciaweb: Started
10/11/09 22:01:13 Started
10/11/09 22:01:15 fiduciaweb: JDevOJSP: init
10/11/09 22:01:15 fiduciaweb: Started
10/11/10 20:07:41 Started
10/11/10 20:07:43 fiduciaweb: JDevOJSP: init
10/11/10 20:07:43 fiduciaweb: Started
10/11/10 20:09:19 Started
10/11/10 20:09:21 fiduciaweb: JDevOJSP: init
10/11/10 20:09:21 fiduciaweb: Started
10/11/10 20:14:04 fiduciaweb: Connection reset by peer: socket write error
10/11/10 20:24:01 fiduciaweb: Connection reset by peer: socket write error
10/11/10 21:15:16 Started
10/11/10 21:15:19 fiduciaweb: JDevOJSP: init
10/11/10 21:15:19 fiduciaweb: Started
10/11/10 21:39:32 fiduciaweb: JspServlet: No se ha podido distribuir a la página solicitada: java.lang.IllegalArgumentException: Attempted to write longer than Content-Length (7548 + 5215 / 7548)
	at com.evermind.server.http.EvermindServletOutputStream.write(EvermindServletOutputStream.java:177)
	at com.evermind.server.http.EvermindJSPWriter.writeOut(EvermindJSPWriter.java:481)
	at com.evermind.server.http.EvermindJSPWriter.jspflush(EvermindJSPWriter.java:398)
	at com.evermind.server.http.EvermindJSPWriter.close(EvermindJSPWriter.java:369)
	at oracle.jsp.runtime.OracleJspRuntime.extraHandlePCFinally(OracleJspRuntime.java:1398)
	at _opciones__2._jspService(opciones_2.jsp:285)
	at com.orionserver.http.OrionHttpJspPage.service(OrionHttpJspPage.java:56)
	at oracle.jsp.runtimev2.JspPageTable.service(JspPageTable.java:356)
	at oracle.jsp.runtimev2.JspServlet.internalService(JspServlet.java:498)
	at oracle.jsp.runtimev2.JspServlet.service(JspServlet.java:402)
	at javax.servlet.http.HttpServlet.service(HttpServlet.java:853)
	at com.evermind.server.http.ResourceFilterChain.doFilter(ResourceFilterChain.java:65)
	at oracle.security.jazn.oc4j.JAZNFilter.doFilter(Unknown Source)
	at com.evermind.server.http.ServletRequestDispatcher.invoke(ServletRequestDispatcher.java:673)
	at com.evermind.server.http.ServletRequestDispatcher.forwardInternal(ServletRequestDispatcher.java:340)
	at com.evermind.server.http.HttpRequestHandler.processRequest(HttpRequestHandler.java:830)
	at com.evermind.server.http.HttpRequestHandler.run(HttpRequestHandler.java:285)
	at com.evermind.server.http.HttpRequestHandler.run(HttpRequestHandler.java:126)
	at com.evermind.util.ReleasableResourcePooledExecutor$MyWorker.run(ReleasableResourcePooledExecutor.java:192)
	at java.lang.Thread.run(Thread.java:534)

10/11/10 21:39:32 fiduciaweb: OracleJSP:
<HTML><BODY>
<P> <H2  ALIGN=CENTER>Error JSP:</H2> <HR  ALIGN=CENTER> <P>
<P><H3>URI de Solicitud:/fiduciaweb/opciones_2.jsp</H3><P>
<H3>Excepción:</H3>java.lang.IllegalArgumentException: Attempted to write longer than Content-Length (7548 + 5215 / 7548)
	at com.evermind.server.http.EvermindServletOutputStream.write(EvermindServletOutputStream.java:177)
	at com.evermind.server.http.EvermindJSPWriter.writeOut(EvermindJSPWriter.java:481)
	at com.evermind.server.http.EvermindJSPWriter.jspflush(EvermindJSPWriter.java:398)
	at com.evermind.server.http.EvermindJSPWriter.close(EvermindJSPWriter.java:369)
	at oracle.jsp.runtime.OracleJspRuntime.extraHandlePCFinally(OracleJspRuntime.java:1398)
	at _opciones__2._jspService(opciones_2.jsp:285)
	[/opciones_2.jsp]
	at com.orionserver.http.OrionHttpJspPage.service(OrionHttpJspPage.java:56)
	at oracle.jsp.runtimev2.JspPageTable.service(JspPageTable.java:356)
	at oracle.jsp.runtimev2.JspServlet.internalService(JspServlet.java:498)
	at oracle.jsp.runtimev2.JspServlet.service(JspServlet.java:402)
	at javax.servlet.http.HttpServlet.service(HttpServlet.java:853)
	at com.evermind.server.http.ResourceFilterChain.doFilter(ResourceFilterChain.java:65)
	at oracle.security.jazn.oc4j.JAZNFilter.doFilter(Unknown Source)
	at com.evermind.server.http.ServletRequestDispatcher.invoke(ServletRequestDispatcher.java:673)
	at com.evermind.server.http.ServletRequestDispatcher.forwardInternal(ServletRequestDispatcher.java:340)
	at com.evermind.server.http.HttpRequestHandler.processRequest(HttpRequestHandler.java:830)
	at com.evermind.server.http.HttpRequestHandler.run(HttpRequestHandler.java:285)
	at com.evermind.server.http.HttpRequestHandler.run(HttpRequestHandler.java:126)
	at com.evermind.util.ReleasableResourcePooledExecutor$MyWorker.run(ReleasableResourcePooledExecutor.java:192)
	at java.lang.Thread.run(Thread.java:534)

<P><P><HR ALIGN=CENTER>
</HTML></BODY>

10/11/10 21:39:49 fiduciaweb: Servlet error
java.lang.IllegalStateException: Session was invalidated
	at com.evermind[Oracle Application Server Containers for J2EE 10g (10.1.2.2.0)].server.http.EvermindHttpSession.getAttribute(EvermindHttpSession.java:157)
	at com.evermind[Oracle Application Server Containers for J2EE 10g (10.1.2.2.0)].server.http.EvermindHttpSession.getValue(EvermindHttpSession.java:151)
	at _opciones__2._jspService(opciones_2.jsp:221)
	at com.orionserver[Oracle Application Server Containers for J2EE 10g (10.1.2.2.0)].http.OrionHttpJspPage.service(OrionHttpJspPage.java:56)
	at oracle.jsp.runtimev2.JspPageTable.service(JspPageTable.java:356)
	at oracle.jsp.runtimev2.JspServlet.internalService(JspServlet.java:498)
	at oracle.jsp.runtimev2.JspServlet.service(JspServlet.java:402)
	at javax.servlet.http.HttpServlet.service(HttpServlet.java:853)
	at com.evermind[Oracle Application Server Containers for J2EE 10g (10.1.2.2.0)].server.http.ResourceFilterChain.doFilter(ResourceFilterChain.java:65)
	at oracle.security.jazn.oc4j.JAZNFilter.doFilter(Unknown Source)
	at com.evermind[Oracle Application Server Containers for J2EE 10g (10.1.2.2.0)].server.http.ServletRequestDispatcher.invoke(ServletRequestDispatcher.java:673)
	at com.evermind[Oracle Application Server Containers for J2EE 10g (10.1.2.2.0)].server.http.ServletRequestDispatcher.forwardInternal(ServletRequestDispatcher.java:340)
	at com.evermind[Oracle Application Server Containers for J2EE 10g (10.1.2.2.0)].server.http.HttpRequestHandler.processRequest(HttpRequestHandler.java:830)
	at com.evermind[Oracle Application Server Containers for J2EE 10g (10.1.2.2.0)].server.http.HttpRequestHandler.run(HttpRequestHandler.java:285)
	at com.evermind[Oracle Application Server Containers for J2EE 10g (10.1.2.2.0)].server.http.HttpRequestHandler.run(HttpRequestHandler.java:126)
	at com.evermind[Oracle Application Server Containers for J2EE 10g (10.1.2.2.0)].util.ReleasableResourcePooledExecutor$MyWorker.run(ReleasableResourcePooledExecutor.java:192)
	at java.lang.Thread.run(Thread.java:534)
10/11/10 21:39:49 fiduciaweb: Connection reset by peer: socket write error
10/11/10 21:39:55 fiduciaweb: Connection reset by peer: socket write error
10/11/10 21:41:39 fiduciaweb: Servlet error
java.lang.ArrayIndexOutOfBoundsException: 0 >= 0
	at java.util.Vector.elementAt(Vector.java:431)
	at com.bancomext.negocio.nDatos.getVtrStrDato1(nDatos.java:443)
	at _confirmarOpc__2._jspService(confirmarOpc_2.jsp:89)
	at com.orionserver[Oracle Application Server Containers for J2EE 10g (10.1.2.2.0)].http.OrionHttpJspPage.service(OrionHttpJspPage.java:56)
	at oracle.jsp.runtimev2.JspPageTable.service(JspPageTable.java:356)
	at oracle.jsp.runtimev2.JspServlet.internalService(JspServlet.java:498)
	at oracle.jsp.runtimev2.JspServlet.service(JspServlet.java:402)
	at javax.servlet.http.HttpServlet.service(HttpServlet.java:853)
	at com.evermind[Oracle Application Server Containers for J2EE 10g (10.1.2.2.0)].server.http.ResourceFilterChain.doFilter(ResourceFilterChain.java:65)
	at oracle.security.jazn.oc4j.JAZNFilter.doFilter(Unknown Source)
	at com.evermind[Oracle Application Server Containers for J2EE 10g (10.1.2.2.0)].server.http.ServletRequestDispatcher.invoke(ServletRequestDispatcher.java:673)
	at com.evermind[Oracle Application Server Containers for J2EE 10g (10.1.2.2.0)].server.http.ServletRequestDispatcher.forwardInternal(ServletRequestDispatcher.java:340)
	at com.evermind[Oracle Application Server Containers for J2EE 10g (10.1.2.2.0)].server.http.HttpRequestHandler.processRequest(HttpRequestHandler.java:830)
	at com.evermind[Oracle Application Server Containers for J2EE 10g (10.1.2.2.0)].server.http.HttpRequestHandler.run(HttpRequestHandler.java:285)
	at com.evermind[Oracle Application Server Containers for J2EE 10g (10.1.2.2.0)].server.http.HttpRequestHandler.run(HttpRequestHandler.java:126)
	at com.evermind[Oracle Application Server Containers for J2EE 10g (10.1.2.2.0)].util.ReleasableResourcePooledExecutor$MyWorker.run(ReleasableResourcePooledExecutor.java:192)
	at java.lang.Thread.run(Thread.java:534)
10/11/10 21:48:21 fiduciaweb: Servlet error
java.lang.ArrayIndexOutOfBoundsException: 0 >= 0
	at java.util.Vector.elementAt(Vector.java:431)
	at com.bancomext.negocio.nDatos.getVtrStrDato1(nDatos.java:443)
	at _confirmarOpc__2._jspService(confirmarOpc_2.jsp:89)
	at com.orionserver[Oracle Application Server Containers for J2EE 10g (10.1.2.2.0)].http.OrionHttpJspPage.service(OrionHttpJspPage.java:56)
	at oracle.jsp.runtimev2.JspPageTable.compileAndServe(JspPageTable.java:575)
	at oracle.jsp.runtimev2.JspPageTable.service(JspPageTable.java:311)
	at oracle.jsp.runtimev2.JspServlet.internalService(JspServlet.java:498)
	at oracle.jsp.runtimev2.JspServlet.service(JspServlet.java:402)
	at javax.servlet.http.HttpServlet.service(HttpServlet.java:853)
	at com.evermind[Oracle Application Server Containers for J2EE 10g (10.1.2.2.0)].server.http.ResourceFilterChain.doFilter(ResourceFilterChain.java:65)
	at oracle.security.jazn.oc4j.JAZNFilter.doFilter(Unknown Source)
	at com.evermind[Oracle Application Server Containers for J2EE 10g (10.1.2.2.0)].server.http.ServletRequestDispatcher.invoke(ServletRequestDispatcher.java:673)
	at com.evermind[Oracle Application Server Containers for J2EE 10g (10.1.2.2.0)].server.http.ServletRequestDispatcher.forwardInternal(ServletRequestDispatcher.java:340)
	at com.evermind[Oracle Application Server Containers for J2EE 10g (10.1.2.2.0)].server.http.HttpRequestHandler.processRequest(HttpRequestHandler.java:830)
	at com.evermind[Oracle Application Server Containers for J2EE 10g (10.1.2.2.0)].server.http.HttpRequestHandler.run(HttpRequestHandler.java:285)
	at com.evermind[Oracle Application Server Containers for J2EE 10g (10.1.2.2.0)].server.http.HttpRequestHandler.run(HttpRequestHandler.java:126)
	at com.evermind[Oracle Application Server Containers for J2EE 10g (10.1.2.2.0)].util.ReleasableResourcePooledExecutor$MyWorker.run(ReleasableResourcePooledExecutor.java:186)
	at java.lang.Thread.run(Thread.java:534)
10/11/10 21:50:35 fiduciaweb: Servlet error
java.lang.ArrayIndexOutOfBoundsException: 0 >= 0
	at java.util.Vector.elementAt(Vector.java:431)
	at com.bancomext.negocio.nDatos.getVtrStrDato1(nDatos.java:443)
	at _confirmarOpc__2._jspService(confirmarOpc_2.jsp:89)
	at com.orionserver[Oracle Application Server Containers for J2EE 10g (10.1.2.2.0)].http.OrionHttpJspPage.service(OrionHttpJspPage.java:56)
	at oracle.jsp.runtimev2.JspPageTable.compileAndServe(JspPageTable.java:575)
	at oracle.jsp.runtimev2.JspPageTable.service(JspPageTable.java:311)
	at oracle.jsp.runtimev2.JspServlet.internalService(JspServlet.java:498)
	at oracle.jsp.runtimev2.JspServlet.service(JspServlet.java:402)
	at javax.servlet.http.HttpServlet.service(HttpServlet.java:853)
	at com.evermind[Oracle Application Server Containers for J2EE 10g (10.1.2.2.0)].server.http.ResourceFilterChain.doFilter(ResourceFilterChain.java:65)
	at oracle.security.jazn.oc4j.JAZNFilter.doFilter(Unknown Source)
	at com.evermind[Oracle Application Server Containers for J2EE 10g (10.1.2.2.0)].server.http.ServletRequestDispatcher.invoke(ServletRequestDispatcher.java:673)
	at com.evermind[Oracle Application Server Containers for J2EE 10g (10.1.2.2.0)].server.http.ServletRequestDispatcher.forwardInternal(ServletRequestDispatcher.java:340)
	at com.evermind[Oracle Application Server Containers for J2EE 10g (10.1.2.2.0)].server.http.HttpRequestHandler.processRequest(HttpRequestHandler.java:830)
	at com.evermind[Oracle Application Server Containers for J2EE 10g (10.1.2.2.0)].server.http.HttpRequestHandler.run(HttpRequestHandler.java:285)
	at com.evermind[Oracle Application Server Containers for J2EE 10g (10.1.2.2.0)].server.http.HttpRequestHandler.run(HttpRequestHandler.java:126)
	at com.evermind[Oracle Application Server Containers for J2EE 10g (10.1.2.2.0)].util.ReleasableResourcePooledExecutor$MyWorker.run(ReleasableResourcePooledExecutor.java:192)
	at java.lang.Thread.run(Thread.java:534)
10/11/10 21:52:22 fiduciaweb: Servlet error
java.lang.ArrayIndexOutOfBoundsException: 0 >= 0
	at java.util.Vector.elementAt(Vector.java:431)
	at com.bancomext.negocio.nDatos.getVtrStrDato1(nDatos.java:443)
	at _confirmarOpc__2._jspService(confirmarOpc_2.jsp:89)
	at com.orionserver[Oracle Application Server Containers for J2EE 10g (10.1.2.2.0)].http.OrionHttpJspPage.service(OrionHttpJspPage.java:56)
	at oracle.jsp.runtimev2.JspPageTable.service(JspPageTable.java:356)
	at oracle.jsp.runtimev2.JspServlet.internalService(JspServlet.java:498)
	at oracle.jsp.runtimev2.JspServlet.service(JspServlet.java:402)
	at javax.servlet.http.HttpServlet.service(HttpServlet.java:853)
	at com.evermind[Oracle Application Server Containers for J2EE 10g (10.1.2.2.0)].server.http.ResourceFilterChain.doFilter(ResourceFilterChain.java:65)
	at oracle.security.jazn.oc4j.JAZNFilter.doFilter(Unknown Source)
	at com.evermind[Oracle Application Server Containers for J2EE 10g (10.1.2.2.0)].server.http.ServletRequestDispatcher.invoke(ServletRequestDispatcher.java:673)
	at com.evermind[Oracle Application Server Containers for J2EE 10g (10.1.2.2.0)].server.http.ServletRequestDispatcher.forwardInternal(ServletRequestDispatcher.java:340)
	at com.evermind[Oracle Application Server Containers for J2EE 10g (10.1.2.2.0)].server.http.HttpRequestHandler.processRequest(HttpRequestHandler.java:830)
	at com.evermind[Oracle Application Server Containers for J2EE 10g (10.1.2.2.0)].server.http.HttpRequestHandler.run(HttpRequestHandler.java:285)
	at com.evermind[Oracle Application Server Containers for J2EE 10g (10.1.2.2.0)].server.http.HttpRequestHandler.run(HttpRequestHandler.java:126)
	at com.evermind[Oracle Application Server Containers for J2EE 10g (10.1.2.2.0)].util.ReleasableResourcePooledExecutor$MyWorker.run(ReleasableResourcePooledExecutor.java:192)
	at java.lang.Thread.run(Thread.java:534)
10/11/10 21:54:21 fiduciaweb: Servlet error
java.lang.ArrayIndexOutOfBoundsException: 0 >= 0
	at java.util.Vector.elementAt(Vector.java:431)
	at com.bancomext.negocio.nDatos.getVtrStrDato1(nDatos.java:443)
	at _confirmarOpc__2._jspService(confirmarOpc_2.jsp:89)
	at com.orionserver[Oracle Application Server Containers for J2EE 10g (10.1.2.2.0)].http.OrionHttpJspPage.service(OrionHttpJspPage.java:56)
	at oracle.jsp.runtimev2.JspPageTable.service(JspPageTable.java:356)
	at oracle.jsp.runtimev2.JspServlet.internalService(JspServlet.java:498)
	at oracle.jsp.runtimev2.JspServlet.service(JspServlet.java:402)
	at javax.servlet.http.HttpServlet.service(HttpServlet.java:853)
	at com.evermind[Oracle Application Server Containers for J2EE 10g (10.1.2.2.0)].server.http.ResourceFilterChain.doFilter(ResourceFilterChain.java:65)
	at oracle.security.jazn.oc4j.JAZNFilter.doFilter(Unknown Source)
	at com.evermind[Oracle Application Server Containers for J2EE 10g (10.1.2.2.0)].server.http.ServletRequestDispatcher.invoke(ServletRequestDispatcher.java:673)
	at com.evermind[Oracle Application Server Containers for J2EE 10g (10.1.2.2.0)].server.http.ServletRequestDispatcher.forwardInternal(ServletRequestDispatcher.java:340)
	at com.evermind[Oracle Application Server Containers for J2EE 10g (10.1.2.2.0)].server.http.HttpRequestHandler.processRequest(HttpRequestHandler.java:830)
	at com.evermind[Oracle Application Server Containers for J2EE 10g (10.1.2.2.0)].server.http.HttpRequestHandler.run(HttpRequestHandler.java:285)
	at com.evermind[Oracle Application Server Containers for J2EE 10g (10.1.2.2.0)].server.http.HttpRequestHandler.run(HttpRequestHandler.java:126)
	at com.evermind[Oracle Application Server Containers for J2EE 10g (10.1.2.2.0)].util.ReleasableResourcePooledExecutor$MyWorker.run(ReleasableResourcePooledExecutor.java:186)
	at java.lang.Thread.run(Thread.java:534)
10/11/10 21:56:15 Started
10/11/10 21:56:18 fiduciaweb: JDevOJSP: init
10/11/10 21:56:18 fiduciaweb: Started
10/11/10 21:58:00 fiduciaweb: Servlet error
java.lang.ArrayIndexOutOfBoundsException: 0 >= 0
	at java.util.Vector.elementAt(Vector.java:431)
	at com.bancomext.negocio.nDatos.getVtrStrDato1(nDatos.java:443)
	at _confirmarOpc__2._jspService(confirmarOpc_2.jsp:89)
	at com.orionserver[Oracle Application Server Containers for J2EE 10g (10.1.2.2.0)].http.OrionHttpJspPage.service(OrionHttpJspPage.java:56)
	at oracle.jsp.runtimev2.JspPageTable.service(JspPageTable.java:356)
	at oracle.jsp.runtimev2.JspServlet.internalService(JspServlet.java:498)
	at oracle.jsp.runtimev2.JspServlet.service(JspServlet.java:402)
	at javax.servlet.http.HttpServlet.service(HttpServlet.java:853)
	at com.evermind[Oracle Application Server Containers for J2EE 10g (10.1.2.2.0)].server.http.ResourceFilterChain.doFilter(ResourceFilterChain.java:65)
	at oracle.security.jazn.oc4j.JAZNFilter.doFilter(Unknown Source)
	at com.evermind[Oracle Application Server Containers for J2EE 10g (10.1.2.2.0)].server.http.ServletRequestDispatcher.invoke(ServletRequestDispatcher.java:673)
	at com.evermind[Oracle Application Server Containers for J2EE 10g (10.1.2.2.0)].server.http.ServletRequestDispatcher.forwardInternal(ServletRequestDispatcher.java:340)
	at com.evermind[Oracle Application Server Containers for J2EE 10g (10.1.2.2.0)].server.http.HttpRequestHandler.processRequest(HttpRequestHandler.java:830)
	at com.evermind[Oracle Application Server Containers for J2EE 10g (10.1.2.2.0)].server.http.HttpRequestHandler.run(HttpRequestHandler.java:285)
	at com.evermind[Oracle Application Server Containers for J2EE 10g (10.1.2.2.0)].server.http.HttpRequestHandler.run(HttpRequestHandler.java:126)
	at com.evermind[Oracle Application Server Containers for J2EE 10g (10.1.2.2.0)].util.ReleasableResourcePooledExecutor$MyWorker.run(ReleasableResourcePooledExecutor.java:192)
	at java.lang.Thread.run(Thread.java:534)
10/11/10 22:00:00 Started
10/11/10 22:00:02 fiduciaweb: JDevOJSP: init
10/11/10 22:00:02 fiduciaweb: Started
10/11/10 22:01:23 fiduciaweb: Servlet error
java.lang.ArrayIndexOutOfBoundsException: 0 >= 0
	at java.util.Vector.elementAt(Vector.java:431)
	at com.bancomext.negocio.nDatos.getVtrIntDato1(nDatos.java:654)
	at _confirmarOpc__2._jspService(confirmarOpc_2.jsp:262)
	at com.orionserver[Oracle Application Server Containers for J2EE 10g (10.1.2.2.0)].http.OrionHttpJspPage.service(OrionHttpJspPage.java:56)
	at oracle.jsp.runtimev2.JspPageTable.service(JspPageTable.java:356)
	at oracle.jsp.runtimev2.JspServlet.internalService(JspServlet.java:498)
	at oracle.jsp.runtimev2.JspServlet.service(JspServlet.java:402)
	at javax.servlet.http.HttpServlet.service(HttpServlet.java:853)
	at com.evermind[Oracle Application Server Containers for J2EE 10g (10.1.2.2.0)].server.http.ResourceFilterChain.doFilter(ResourceFilterChain.java:65)
	at oracle.security.jazn.oc4j.JAZNFilter.doFilter(Unknown Source)
	at com.evermind[Oracle Application Server Containers for J2EE 10g (10.1.2.2.0)].server.http.ServletRequestDispatcher.invoke(ServletRequestDispatcher.java:673)
	at com.evermind[Oracle Application Server Containers for J2EE 10g (10.1.2.2.0)].server.http.ServletRequestDispatcher.forwardInternal(ServletRequestDispatcher.java:340)
	at com.evermind[Oracle Application Server Containers for J2EE 10g (10.1.2.2.0)].server.http.HttpRequestHandler.processRequest(HttpRequestHandler.java:830)
	at com.evermind[Oracle Application Server Containers for J2EE 10g (10.1.2.2.0)].server.http.HttpRequestHandler.run(HttpRequestHandler.java:285)
	at com.evermind[Oracle Application Server Containers for J2EE 10g (10.1.2.2.0)].server.http.HttpRequestHandler.run(HttpRequestHandler.java:126)
	at com.evermind[Oracle Application Server Containers for J2EE 10g (10.1.2.2.0)].util.ReleasableResourcePooledExecutor$MyWorker.run(ReleasableResourcePooledExecutor.java:192)
	at java.lang.Thread.run(Thread.java:534)
10/11/10 22:02:06 fiduciaweb: Servlet error
java.lang.ArrayIndexOutOfBoundsException: 0 >= 0
	at java.util.Vector.elementAt(Vector.java:431)
	at com.bancomext.negocio.nDatos.getVtrStrDato1(nDatos.java:443)
	at _confirmarOpc__2._jspService(confirmarOpc_2.jsp:88)
	at com.orionserver[Oracle Application Server Containers for J2EE 10g (10.1.2.2.0)].http.OrionHttpJspPage.service(OrionHttpJspPage.java:56)
	at oracle.jsp.runtimev2.JspPageTable.compileAndServe(JspPageTable.java:575)
	at oracle.jsp.runtimev2.JspPageTable.service(JspPageTable.java:311)
	at oracle.jsp.runtimev2.JspServlet.internalService(JspServlet.java:498)
	at oracle.jsp.runtimev2.JspServlet.service(JspServlet.java:402)
	at javax.servlet.http.HttpServlet.service(HttpServlet.java:853)
	at com.evermind[Oracle Application Server Containers for J2EE 10g (10.1.2.2.0)].server.http.ResourceFilterChain.doFilter(ResourceFilterChain.java:65)
	at oracle.security.jazn.oc4j.JAZNFilter.doFilter(Unknown Source)
	at com.evermind[Oracle Application Server Containers for J2EE 10g (10.1.2.2.0)].server.http.ServletRequestDispatcher.invoke(ServletRequestDispatcher.java:673)
	at com.evermind[Oracle Application Server Containers for J2EE 10g (10.1.2.2.0)].server.http.ServletRequestDispatcher.forwardInternal(ServletRequestDispatcher.java:340)
	at com.evermind[Oracle Application Server Containers for J2EE 10g (10.1.2.2.0)].server.http.HttpRequestHandler.processRequest(HttpRequestHandler.java:830)
	at com.evermind[Oracle Application Server Containers for J2EE 10g (10.1.2.2.0)].server.http.HttpRequestHandler.run(HttpRequestHandler.java:285)
	at com.evermind[Oracle Application Server Containers for J2EE 10g (10.1.2.2.0)].server.http.HttpRequestHandler.run(HttpRequestHandler.java:126)
	at com.evermind[Oracle Application Server Containers for J2EE 10g (10.1.2.2.0)].util.ReleasableResourcePooledExecutor$MyWorker.run(ReleasableResourcePooledExecutor.java:192)
	at java.lang.Thread.run(Thread.java:534)
10/11/10 22:02:22 fiduciaweb: Servlet error
java.lang.ArrayIndexOutOfBoundsException: 0 >= 0
	at java.util.Vector.elementAt(Vector.java:431)
	at com.bancomext.negocio.nDatos.getVtrIntDato1(nDatos.java:654)
	at _confirmarOpc__2._jspService(confirmarOpc_2.jsp:249)
	at com.orionserver[Oracle Application Server Containers for J2EE 10g (10.1.2.2.0)].http.OrionHttpJspPage.service(OrionHttpJspPage.java:56)
	at oracle.jsp.runtimev2.JspPageTable.compileAndServe(JspPageTable.java:575)
	at oracle.jsp.runtimev2.JspPageTable.service(JspPageTable.java:311)
	at oracle.jsp.runtimev2.JspServlet.internalService(JspServlet.java:498)
	at oracle.jsp.runtimev2.JspServlet.service(JspServlet.java:402)
	at javax.servlet.http.HttpServlet.service(HttpServlet.java:853)
	at com.evermind[Oracle Application Server Containers for J2EE 10g (10.1.2.2.0)].server.http.ResourceFilterChain.doFilter(ResourceFilterChain.java:65)
	at oracle.security.jazn.oc4j.JAZNFilter.doFilter(Unknown Source)
	at com.evermind[Oracle Application Server Containers for J2EE 10g (10.1.2.2.0)].server.http.ServletRequestDispatcher.invoke(ServletRequestDispatcher.java:673)
	at com.evermind[Oracle Application Server Containers for J2EE 10g (10.1.2.2.0)].server.http.ServletRequestDispatcher.forwardInternal(ServletRequestDispatcher.java:340)
	at com.evermind[Oracle Application Server Containers for J2EE 10g (10.1.2.2.0)].server.http.HttpRequestHandler.processRequest(HttpRequestHandler.java:830)
	at com.evermind[Oracle Application Server Containers for J2EE 10g (10.1.2.2.0)].server.http.HttpRequestHandler.run(HttpRequestHandler.java:285)
	at com.evermind[Oracle Application Server Containers for J2EE 10g (10.1.2.2.0)].server.http.HttpRequestHandler.run(HttpRequestHandler.java:126)
	at com.evermind[Oracle Application Server Containers for J2EE 10g (10.1.2.2.0)].util.ReleasableResourcePooledExecutor$MyWorker.run(ReleasableResourcePooledExecutor.java:192)
	at java.lang.Thread.run(Thread.java:534)
10/11/10 22:03:04 fiduciaweb: Servlet error
java.lang.ArrayIndexOutOfBoundsException: 0 >= 0
	at java.util.Vector.elementAt(Vector.java:431)
	at com.bancomext.negocio.nDatos.getVtrStrDato1(nDatos.java:443)
	at _confirmarOpc__2._jspService(confirmarOpc_2.jsp:255)
	at com.orionserver[Oracle Application Server Containers for J2EE 10g (10.1.2.2.0)].http.OrionHttpJspPage.service(OrionHttpJspPage.java:56)
	at oracle.jsp.runtimev2.JspPageTable.compileAndServe(JspPageTable.java:575)
	at oracle.jsp.runtimev2.JspPageTable.service(JspPageTable.java:311)
	at oracle.jsp.runtimev2.JspServlet.internalService(JspServlet.java:498)
	at oracle.jsp.runtimev2.JspServlet.service(JspServlet.java:402)
	at javax.servlet.http.HttpServlet.service(HttpServlet.java:853)
	at com.evermind[Oracle Application Server Containers for J2EE 10g (10.1.2.2.0)].server.http.ResourceFilterChain.doFilter(ResourceFilterChain.java:65)
	at oracle.security.jazn.oc4j.JAZNFilter.doFilter(Unknown Source)
	at com.evermind[Oracle Application Server Containers for J2EE 10g (10.1.2.2.0)].server.http.ServletRequestDispatcher.invoke(ServletRequestDispatcher.java:673)
	at com.evermind[Oracle Application Server Containers for J2EE 10g (10.1.2.2.0)].server.http.ServletRequestDispatcher.forwardInternal(ServletRequestDispatcher.java:340)
	at com.evermind[Oracle Application Server Containers for J2EE 10g (10.1.2.2.0)].server.http.HttpRequestHandler.processRequest(HttpRequestHandler.java:830)
	at com.evermind[Oracle Application Server Containers for J2EE 10g (10.1.2.2.0)].server.http.HttpRequestHandler.run(HttpRequestHandler.java:285)
	at com.evermind[Oracle Application Server Containers for J2EE 10g (10.1.2.2.0)].server.http.HttpRequestHandler.run(HttpRequestHandler.java:126)
	at com.evermind[Oracle Application Server Containers for J2EE 10g (10.1.2.2.0)].util.ReleasableResourcePooledExecutor$MyWorker.run(ReleasableResourcePooledExecutor.java:192)
	at java.lang.Thread.run(Thread.java:534)
10/11/10 22:06:11 fiduciaweb: Servlet error
java.lang.ArrayIndexOutOfBoundsException: 0 >= 0
	at java.util.Vector.elementAt(Vector.java:431)
	at com.bancomext.negocio.nDatos.getVtrStrDato1(nDatos.java:443)
	at _confirmarOpc__2._jspService(confirmarOpc_2.jsp:89)
	at com.orionserver[Oracle Application Server Containers for J2EE 10g (10.1.2.2.0)].http.OrionHttpJspPage.service(OrionHttpJspPage.java:56)
	at oracle.jsp.runtimev2.JspPageTable.compileAndServe(JspPageTable.java:575)
	at oracle.jsp.runtimev2.JspPageTable.service(JspPageTable.java:311)
	at oracle.jsp.runtimev2.JspServlet.internalService(JspServlet.java:498)
	at oracle.jsp.runtimev2.JspServlet.service(JspServlet.java:402)
	at javax.servlet.http.HttpServlet.service(HttpServlet.java:853)
	at com.evermind[Oracle Application Server Containers for J2EE 10g (10.1.2.2.0)].server.http.ResourceFilterChain.doFilter(ResourceFilterChain.java:65)
	at oracle.security.jazn.oc4j.JAZNFilter.doFilter(Unknown Source)
	at com.evermind[Oracle Application Server Containers for J2EE 10g (10.1.2.2.0)].server.http.ServletRequestDispatcher.invoke(ServletRequestDispatcher.java:673)
	at com.evermind[Oracle Application Server Containers for J2EE 10g (10.1.2.2.0)].server.http.ServletRequestDispatcher.forwardInternal(ServletRequestDispatcher.java:340)
	at com.evermind[Oracle Application Server Containers for J2EE 10g (10.1.2.2.0)].server.http.HttpRequestHandler.processRequest(HttpRequestHandler.java:830)
	at com.evermind[Oracle Application Server Containers for J2EE 10g (10.1.2.2.0)].server.http.HttpRequestHandler.run(HttpRequestHandler.java:285)
	at com.evermind[Oracle Application Server Containers for J2EE 10g (10.1.2.2.0)].server.http.HttpRequestHandler.run(HttpRequestHandler.java:126)
	at com.evermind[Oracle Application Server Containers for J2EE 10g (10.1.2.2.0)].util.ReleasableResourcePooledExecutor$MyWorker.run(ReleasableResourcePooledExecutor.java:192)
	at java.lang.Thread.run(Thread.java:534)
10/11/10 22:08:28 fiduciaweb: Servlet error
java.lang.ArrayIndexOutOfBoundsException: 0 >= 0
	at java.util.Vector.elementAt(Vector.java:431)
	at com.bancomext.negocio.nDatos.getVtrStrDato1(nDatos.java:443)
	at _confirmarOpc__2._jspService(confirmarOpc_2.jsp:89)
	at com.orionserver[Oracle Application Server Containers for J2EE 10g (10.1.2.2.0)].http.OrionHttpJspPage.service(OrionHttpJspPage.java:56)
	at oracle.jsp.runtimev2.JspPageTable.service(JspPageTable.java:356)
	at oracle.jsp.runtimev2.JspServlet.internalService(JspServlet.java:498)
	at oracle.jsp.runtimev2.JspServlet.service(JspServlet.java:402)
	at javax.servlet.http.HttpServlet.service(HttpServlet.java:853)
	at com.evermind[Oracle Application Server Containers for J2EE 10g (10.1.2.2.0)].server.http.ResourceFilterChain.doFilter(ResourceFilterChain.java:65)
	at oracle.security.jazn.oc4j.JAZNFilter.doFilter(Unknown Source)
	at com.evermind[Oracle Application Server Containers for J2EE 10g (10.1.2.2.0)].server.http.ServletRequestDispatcher.invoke(ServletRequestDispatcher.java:673)
	at com.evermind[Oracle Application Server Containers for J2EE 10g (10.1.2.2.0)].server.http.ServletRequestDispatcher.forwardInternal(ServletRequestDispatcher.java:340)
	at com.evermind[Oracle Application Server Containers for J2EE 10g (10.1.2.2.0)].server.http.HttpRequestHandler.processRequest(HttpRequestHandler.java:830)
	at com.evermind[Oracle Application Server Containers for J2EE 10g (10.1.2.2.0)].server.http.HttpRequestHandler.run(HttpRequestHandler.java:285)
	at com.evermind[Oracle Application Server Containers for J2EE 10g (10.1.2.2.0)].server.http.HttpRequestHandler.run(HttpRequestHandler.java:126)
	at com.evermind[Oracle Application Server Containers for J2EE 10g (10.1.2.2.0)].util.ReleasableResourcePooledExecutor$MyWorker.run(ReleasableResourcePooledExecutor.java:192)
	at java.lang.Thread.run(Thread.java:534)
10/11/10 22:09:17 fiduciaweb: Servlet error
java.lang.ArrayIndexOutOfBoundsException: 0 >= 0
	at java.util.Vector.elementAt(Vector.java:431)
	at com.bancomext.negocio.nDatos.getVtrIntDato1(nDatos.java:654)
	at _confirmarOpc__2._jspService(confirmarOpc_2.jsp:262)
	at com.orionserver[Oracle Application Server Containers for J2EE 10g (10.1.2.2.0)].http.OrionHttpJspPage.service(OrionHttpJspPage.java:56)
	at oracle.jsp.runtimev2.JspPageTable.compileAndServe(JspPageTable.java:575)
	at oracle.jsp.runtimev2.JspPageTable.service(JspPageTable.java:311)
	at oracle.jsp.runtimev2.JspServlet.internalService(JspServlet.java:498)
	at oracle.jsp.runtimev2.JspServlet.service(JspServlet.java:402)
	at javax.servlet.http.HttpServlet.service(HttpServlet.java:853)
	at com.evermind[Oracle Application Server Containers for J2EE 10g (10.1.2.2.0)].server.http.ResourceFilterChain.doFilter(ResourceFilterChain.java:65)
	at oracle.security.jazn.oc4j.JAZNFilter.doFilter(Unknown Source)
	at com.evermind[Oracle Application Server Containers for J2EE 10g (10.1.2.2.0)].server.http.ServletRequestDispatcher.invoke(ServletRequestDispatcher.java:673)
	at com.evermind[Oracle Application Server Containers for J2EE 10g (10.1.2.2.0)].server.http.ServletRequestDispatcher.forwardInternal(ServletRequestDispatcher.java:340)
	at com.evermind[Oracle Application Server Containers for J2EE 10g (10.1.2.2.0)].server.http.HttpRequestHandler.processRequest(HttpRequestHandler.java:830)
	at com.evermind[Oracle Application Server Containers for J2EE 10g (10.1.2.2.0)].server.http.HttpRequestHandler.run(HttpRequestHandler.java:285)
	at com.evermind[Oracle Application Server Containers for J2EE 10g (10.1.2.2.0)].server.http.HttpRequestHandler.run(HttpRequestHandler.java:126)
	at com.evermind[Oracle Application Server Containers for J2EE 10g (10.1.2.2.0)].util.ReleasableResourcePooledExecutor$MyWorker.run(ReleasableResourcePooledExecutor.java:192)
	at java.lang.Thread.run(Thread.java:534)
10/11/10 22:10:12 fiduciaweb: Servlet error
java.lang.ArrayIndexOutOfBoundsException: 0 >= 0
	at java.util.Vector.elementAt(Vector.java:431)
	at com.bancomext.negocio.nDatos.getVtrIntDato1(nDatos.java:654)
	at _confirmarOpc__2._jspService(confirmarOpc_2.jsp:262)
	at com.orionserver[Oracle Application Server Containers for J2EE 10g (10.1.2.2.0)].http.OrionHttpJspPage.service(OrionHttpJspPage.java:56)
	at oracle.jsp.runtimev2.JspPageTable.compileAndServe(JspPageTable.java:575)
	at oracle.jsp.runtimev2.JspPageTable.service(JspPageTable.java:311)
	at oracle.jsp.runtimev2.JspServlet.internalService(JspServlet.java:498)
	at oracle.jsp.runtimev2.JspServlet.service(JspServlet.java:402)
	at javax.servlet.http.HttpServlet.service(HttpServlet.java:853)
	at com.evermind[Oracle Application Server Containers for J2EE 10g (10.1.2.2.0)].server.http.ResourceFilterChain.doFilter(ResourceFilterChain.java:65)
	at oracle.security.jazn.oc4j.JAZNFilter.doFilter(Unknown Source)
	at com.evermind[Oracle Application Server Containers for J2EE 10g (10.1.2.2.0)].server.http.ServletRequestDispatcher.invoke(ServletRequestDispatcher.java:673)
	at com.evermind[Oracle Application Server Containers for J2EE 10g (10.1.2.2.0)].server.http.ServletRequestDispatcher.forwardInternal(ServletRequestDispatcher.java:340)
	at com.evermind[Oracle Application Server Containers for J2EE 10g (10.1.2.2.0)].server.http.HttpRequestHandler.processRequest(HttpRequestHandler.java:830)
	at com.evermind[Oracle Application Server Containers for J2EE 10g (10.1.2.2.0)].server.http.HttpRequestHandler.run(HttpRequestHandler.java:285)
	at com.evermind[Oracle Application Server Containers for J2EE 10g (10.1.2.2.0)].server.http.HttpRequestHandler.run(HttpRequestHandler.java:126)
	at com.evermind[Oracle Application Server Containers for J2EE 10g (10.1.2.2.0)].util.ReleasableResourcePooledExecutor$MyWorker.run(ReleasableResourcePooledExecutor.java:192)
	at java.lang.Thread.run(Thread.java:534)
10/11/11 18:28:58 Started
10/11/11 18:29:02 fiduciaweb: JDevOJSP: init
10/11/11 18:29:02 fiduciaweb: Started
10/11/11 18:39:54 Started
10/11/11 18:39:56 fiduciaweb: JDevOJSP: init
10/11/11 18:39:56 fiduciaweb: Started
10/11/11 21:00:03 Started
10/11/11 21:00:09 fiduciaweb: JDevOJSP: init
10/11/11 21:00:09 fiduciaweb: Started
10/11/11 21:10:45 Started
10/11/11 21:10:48 fiduciaweb: JDevOJSP: init
10/11/11 21:10:48 fiduciaweb: Started
10/11/11 21:22:54 Started
10/11/11 21:22:57 fiduciaweb: JDevOJSP: init
10/11/11 21:22:57 fiduciaweb: Started
10/11/11 21:28:14 Started
10/11/11 21:28:16 fiduciaweb: JDevOJSP: init
10/11/11 21:28:16 fiduciaweb: Started
10/11/11 22:09:29 Started
10/11/11 22:09:32 fiduciaweb: JDevOJSP: init
10/11/11 22:09:32 fiduciaweb: Started
10/11/11 22:09:43 fiduciaweb: Connection reset by peer: socket write error
10/11/11 22:09:43 fiduciaweb: Connection reset by peer: socket write error
10/11/11 22:09:43 fiduciaweb: Connection reset by peer: socket write error
10/11/11 22:09:43 fiduciaweb: Connection reset by peer: socket write error
10/11/12 19:45:18 Started
10/11/12 19:45:20 fiduciaweb: JDevOJSP: init
10/11/12 19:45:20 fiduciaweb: Started
10/11/12 20:04:30 Started
10/11/12 20:04:33 fiduciaweb: JDevOJSP: init
10/11/12 20:04:33 fiduciaweb: Started
10/11/13 02:22:40 Started
10/11/13 02:22:43 fiduciaweb: JDevOJSP: init
10/11/13 02:22:43 fiduciaweb: Started
10/11/13 02:32:38 Started
10/11/13 02:32:41 fiduciaweb: JDevOJSP: init
10/11/13 02:32:41 fiduciaweb: Started
10/11/13 03:00:58 Started
10/11/13 03:01:01 fiduciaweb: JDevOJSP: init
10/11/13 03:01:01 fiduciaweb: Started
10/12/06 20:15:52 Started
10/12/06 20:15:55 fiduciaweb: JDevOJSP: init
10/12/06 20:15:55 fiduciaweb: Started
10/12/06 20:23:52 Started
10/12/06 20:23:55 fiduciaweb: JDevOJSP: init
10/12/06 20:23:55 fiduciaweb: Started
10/12/16 17:59:11 Started
10/12/16 17:59:16 fiduciaweb: JDevOJSP: init
10/12/16 17:59:16 fiduciaweb: Started
10/12/17 19:29:02 Started
10/12/17 19:29:04 fiduciaweb: JDevOJSP: init
10/12/17 19:29:04 fiduciaweb: Started
10/12/21 17:43:52 Started
10/12/21 17:43:57 fiduciaweb: JDevOJSP: init
10/12/21 17:43:57 fiduciaweb: Started
11/01/03 21:25:02 Started
11/01/03 21:25:05 fiduciaweb: JDevOJSP: init
11/01/03 21:25:05 fiduciaweb: Started
11/01/03 21:26:38 fiduciaweb: Connection reset by peer: socket write error
11/01/03 22:38:07 Started
11/01/03 22:38:09 fiduciaweb: JDevOJSP: init
11/01/03 22:38:09 fiduciaweb: Started
11/01/13 20:55:34 Started
11/01/13 20:55:40 fiduciaweb: JDevOJSP: init
11/01/13 20:55:40 fiduciaweb: Started
11/01/13 21:15:51 fiduciaweb: Servlet error
java.lang.StringIndexOutOfBoundsException: String index out of range: -1
	at java.lang.String.substring(String.java:1444)
	at _instruccion2._jspService(instruccion2.jsp:60)
	at com.orionserver[Oracle Application Server Containers for J2EE 10g (10.1.2.2.0)].http.OrionHttpJspPage.service(OrionHttpJspPage.java:56)
	at oracle.jsp.runtimev2.JspPageTable.service(JspPageTable.java:356)
	at oracle.jsp.runtimev2.JspServlet.internalService(JspServlet.java:498)
	at oracle.jsp.runtimev2.JspServlet.service(JspServlet.java:402)
	at javax.servlet.http.HttpServlet.service(HttpServlet.java:853)
	at com.evermind[Oracle Application Server Containers for J2EE 10g (10.1.2.2.0)].server.http.ResourceFilterChain.doFilter(ResourceFilterChain.java:65)
	at oracle.security.jazn.oc4j.JAZNFilter.doFilter(Unknown Source)
	at com.evermind[Oracle Application Server Containers for J2EE 10g (10.1.2.2.0)].server.http.ServletRequestDispatcher.invoke(ServletRequestDispatcher.java:673)
	at com.evermind[Oracle Application Server Containers for J2EE 10g (10.1.2.2.0)].server.http.ServletRequestDispatcher.forwardInternal(ServletRequestDispatcher.java:340)
	at com.evermind[Oracle Application Server Containers for J2EE 10g (10.1.2.2.0)].server.http.HttpRequestHandler.processRequest(HttpRequestHandler.java:830)
	at com.evermind[Oracle Application Server Containers for J2EE 10g (10.1.2.2.0)].server.http.HttpRequestHandler.run(HttpRequestHandler.java:285)
	at com.evermind[Oracle Application Server Containers for J2EE 10g (10.1.2.2.0)].server.http.HttpRequestHandler.run(HttpRequestHandler.java:126)
	at com.evermind[Oracle Application Server Containers for J2EE 10g (10.1.2.2.0)].util.ReleasableResourcePooledExecutor$MyWorker.run(ReleasableResourcePooledExecutor.java:192)
	at java.lang.Thread.run(Thread.java:534)
11/01/13 21:16:57 fiduciaweb: Servlet error
java.lang.StringIndexOutOfBoundsException: String index out of range: -1
	at java.lang.String.substring(String.java:1444)
	at _instruccion2._jspService(instruccion2.jsp:60)
	at com.orionserver[Oracle Application Server Containers for J2EE 10g (10.1.2.2.0)].http.OrionHttpJspPage.service(OrionHttpJspPage.java:56)
	at oracle.jsp.runtimev2.JspPageTable.service(JspPageTable.java:356)
	at oracle.jsp.runtimev2.JspServlet.internalService(JspServlet.java:498)
	at oracle.jsp.runtimev2.JspServlet.service(JspServlet.java:402)
	at javax.servlet.http.HttpServlet.service(HttpServlet.java:853)
	at com.evermind[Oracle Application Server Containers for J2EE 10g (10.1.2.2.0)].server.http.ResourceFilterChain.doFilter(ResourceFilterChain.java:65)
	at oracle.security.jazn.oc4j.JAZNFilter.doFilter(Unknown Source)
	at com.evermind[Oracle Application Server Containers for J2EE 10g (10.1.2.2.0)].server.http.ServletRequestDispatcher.invoke(ServletRequestDispatcher.java:673)
	at com.evermind[Oracle Application Server Containers for J2EE 10g (10.1.2.2.0)].server.http.ServletRequestDispatcher.forwardInternal(ServletRequestDispatcher.java:340)
	at com.evermind[Oracle Application Server Containers for J2EE 10g (10.1.2.2.0)].server.http.HttpRequestHandler.processRequest(HttpRequestHandler.java:830)
	at com.evermind[Oracle Application Server Containers for J2EE 10g (10.1.2.2.0)].server.http.HttpRequestHandler.run(HttpRequestHandler.java:285)
	at com.evermind[Oracle Application Server Containers for J2EE 10g (10.1.2.2.0)].server.http.HttpRequestHandler.run(HttpRequestHandler.java:126)
	at com.evermind[Oracle Application Server Containers for J2EE 10g (10.1.2.2.0)].util.ReleasableResourcePooledExecutor$MyWorker.run(ReleasableResourcePooledExecutor.java:186)
	at java.lang.Thread.run(Thread.java:534)
11/01/13 21:17:24 fiduciaweb: Servlet error
java.lang.StringIndexOutOfBoundsException: String index out of range: -1
	at java.lang.String.substring(String.java:1444)
	at _instruccion2._jspService(instruccion2.jsp:60)
	at com.orionserver[Oracle Application Server Containers for J2EE 10g (10.1.2.2.0)].http.OrionHttpJspPage.service(OrionHttpJspPage.java:56)
	at oracle.jsp.runtimev2.JspPageTable.service(JspPageTable.java:356)
	at oracle.jsp.runtimev2.JspServlet.internalService(JspServlet.java:498)
	at oracle.jsp.runtimev2.JspServlet.service(JspServlet.java:402)
	at javax.servlet.http.HttpServlet.service(HttpServlet.java:853)
	at com.evermind[Oracle Application Server Containers for J2EE 10g (10.1.2.2.0)].server.http.ResourceFilterChain.doFilter(ResourceFilterChain.java:65)
	at oracle.security.jazn.oc4j.JAZNFilter.doFilter(Unknown Source)
	at com.evermind[Oracle Application Server Containers for J2EE 10g (10.1.2.2.0)].server.http.ServletRequestDispatcher.invoke(ServletRequestDispatcher.java:673)
	at com.evermind[Oracle Application Server Containers for J2EE 10g (10.1.2.2.0)].server.http.ServletRequestDispatcher.forwardInternal(ServletRequestDispatcher.java:340)
	at com.evermind[Oracle Application Server Containers for J2EE 10g (10.1.2.2.0)].server.http.HttpRequestHandler.processRequest(HttpRequestHandler.java:830)
	at com.evermind[Oracle Application Server Containers for J2EE 10g (10.1.2.2.0)].server.http.HttpRequestHandler.run(HttpRequestHandler.java:285)
	at com.evermind[Oracle Application Server Containers for J2EE 10g (10.1.2.2.0)].server.http.HttpRequestHandler.run(HttpRequestHandler.java:126)
	at com.evermind[Oracle Application Server Containers for J2EE 10g (10.1.2.2.0)].util.ReleasableResourcePooledExecutor$MyWorker.run(ReleasableResourcePooledExecutor.java:192)
	at java.lang.Thread.run(Thread.java:534)
11/01/13 21:17:56 fiduciaweb: Servlet error
java.lang.StringIndexOutOfBoundsException: String index out of range: -1
	at java.lang.String.substring(String.java:1444)
	at _instruccion2._jspService(instruccion2.jsp:60)
	at com.orionserver[Oracle Application Server Containers for J2EE 10g (10.1.2.2.0)].http.OrionHttpJspPage.service(OrionHttpJspPage.java:56)
	at oracle.jsp.runtimev2.JspPageTable.service(JspPageTable.java:356)
	at oracle.jsp.runtimev2.JspServlet.internalService(JspServlet.java:498)
	at oracle.jsp.runtimev2.JspServlet.service(JspServlet.java:402)
	at javax.servlet.http.HttpServlet.service(HttpServlet.java:853)
	at com.evermind[Oracle Application Server Containers for J2EE 10g (10.1.2.2.0)].server.http.ResourceFilterChain.doFilter(ResourceFilterChain.java:65)
	at oracle.security.jazn.oc4j.JAZNFilter.doFilter(Unknown Source)
	at com.evermind[Oracle Application Server Containers for J2EE 10g (10.1.2.2.0)].server.http.ServletRequestDispatcher.invoke(ServletRequestDispatcher.java:673)
	at com.evermind[Oracle Application Server Containers for J2EE 10g (10.1.2.2.0)].server.http.ServletRequestDispatcher.forwardInternal(ServletRequestDispatcher.java:340)
	at com.evermind[Oracle Application Server Containers for J2EE 10g (10.1.2.2.0)].server.http.HttpRequestHandler.processRequest(HttpRequestHandler.java:830)
	at com.evermind[Oracle Application Server Containers for J2EE 10g (10.1.2.2.0)].server.http.HttpRequestHandler.run(HttpRequestHandler.java:285)
	at com.evermind[Oracle Application Server Containers for J2EE 10g (10.1.2.2.0)].server.http.HttpRequestHandler.run(HttpRequestHandler.java:126)
	at com.evermind[Oracle Application Server Containers for J2EE 10g (10.1.2.2.0)].util.ReleasableResourcePooledExecutor$MyWorker.run(ReleasableResourcePooledExecutor.java:192)
	at java.lang.Thread.run(Thread.java:534)
11/01/13 21:18:20 fiduciaweb: Servlet error
java.lang.StringIndexOutOfBoundsException: String index out of range: -1
	at java.lang.String.substring(String.java:1444)
	at _instruccion2._jspService(instruccion2.jsp:60)
	at com.orionserver[Oracle Application Server Containers for J2EE 10g (10.1.2.2.0)].http.OrionHttpJspPage.service(OrionHttpJspPage.java:56)
	at oracle.jsp.runtimev2.JspPageTable.service(JspPageTable.java:356)
	at oracle.jsp.runtimev2.JspServlet.internalService(JspServlet.java:498)
	at oracle.jsp.runtimev2.JspServlet.service(JspServlet.java:402)
	at javax.servlet.http.HttpServlet.service(HttpServlet.java:853)
	at com.evermind[Oracle Application Server Containers for J2EE 10g (10.1.2.2.0)].server.http.ResourceFilterChain.doFilter(ResourceFilterChain.java:65)
	at oracle.security.jazn.oc4j.JAZNFilter.doFilter(Unknown Source)
	at com.evermind[Oracle Application Server Containers for J2EE 10g (10.1.2.2.0)].server.http.ServletRequestDispatcher.invoke(ServletRequestDispatcher.java:673)
	at com.evermind[Oracle Application Server Containers for J2EE 10g (10.1.2.2.0)].server.http.ServletRequestDispatcher.forwardInternal(ServletRequestDispatcher.java:340)
	at com.evermind[Oracle Application Server Containers for J2EE 10g (10.1.2.2.0)].server.http.HttpRequestHandler.processRequest(HttpRequestHandler.java:830)
	at com.evermind[Oracle Application Server Containers for J2EE 10g (10.1.2.2.0)].server.http.HttpRequestHandler.run(HttpRequestHandler.java:285)
	at com.evermind[Oracle Application Server Containers for J2EE 10g (10.1.2.2.0)].server.http.HttpRequestHandler.run(HttpRequestHandler.java:126)
	at com.evermind[Oracle Application Server Containers for J2EE 10g (10.1.2.2.0)].util.ReleasableResourcePooledExecutor$MyWorker.run(ReleasableResourcePooledExecutor.java:192)
	at java.lang.Thread.run(Thread.java:534)
11/01/13 21:21:32 Started
11/01/13 21:21:34 fiduciaweb: JDevOJSP: init
11/01/13 21:21:34 fiduciaweb: Started
11/01/13 21:22:52 fiduciaweb: Servlet error
java.lang.StringIndexOutOfBoundsException: String index out of range: -1
	at java.lang.String.substring(String.java:1444)
	at _instruccion2._jspService(instruccion2.jsp:60)
	at com.orionserver[Oracle Application Server Containers for J2EE 10g (10.1.2.2.0)].http.OrionHttpJspPage.service(OrionHttpJspPage.java:56)
	at oracle.jsp.runtimev2.JspPageTable.service(JspPageTable.java:356)
	at oracle.jsp.runtimev2.JspServlet.internalService(JspServlet.java:498)
	at oracle.jsp.runtimev2.JspServlet.service(JspServlet.java:402)
	at javax.servlet.http.HttpServlet.service(HttpServlet.java:853)
	at com.evermind[Oracle Application Server Containers for J2EE 10g (10.1.2.2.0)].server.http.ResourceFilterChain.doFilter(ResourceFilterChain.java:65)
	at oracle.security.jazn.oc4j.JAZNFilter.doFilter(Unknown Source)
	at com.evermind[Oracle Application Server Containers for J2EE 10g (10.1.2.2.0)].server.http.ServletRequestDispatcher.invoke(ServletRequestDispatcher.java:673)
	at com.evermind[Oracle Application Server Containers for J2EE 10g (10.1.2.2.0)].server.http.ServletRequestDispatcher.forwardInternal(ServletRequestDispatcher.java:340)
	at com.evermind[Oracle Application Server Containers for J2EE 10g (10.1.2.2.0)].server.http.HttpRequestHandler.processRequest(HttpRequestHandler.java:830)
	at com.evermind[Oracle Application Server Containers for J2EE 10g (10.1.2.2.0)].server.http.HttpRequestHandler.run(HttpRequestHandler.java:285)
	at com.evermind[Oracle Application Server Containers for J2EE 10g (10.1.2.2.0)].server.http.HttpRequestHandler.run(HttpRequestHandler.java:126)
	at com.evermind[Oracle Application Server Containers for J2EE 10g (10.1.2.2.0)].util.ReleasableResourcePooledExecutor$MyWorker.run(ReleasableResourcePooledExecutor.java:192)
	at java.lang.Thread.run(Thread.java:534)
11/01/13 21:23:40 fiduciaweb: Servlet error
java.lang.StringIndexOutOfBoundsException: String index out of range: -1
	at java.lang.String.substring(String.java:1444)
	at _instruccion2._jspService(instruccion2.jsp:60)
	at com.orionserver[Oracle Application Server Containers for J2EE 10g (10.1.2.2.0)].http.OrionHttpJspPage.service(OrionHttpJspPage.java:56)
	at oracle.jsp.runtimev2.JspPageTable.service(JspPageTable.java:356)
	at oracle.jsp.runtimev2.JspServlet.internalService(JspServlet.java:498)
	at oracle.jsp.runtimev2.JspServlet.service(JspServlet.java:402)
	at javax.servlet.http.HttpServlet.service(HttpServlet.java:853)
	at com.evermind[Oracle Application Server Containers for J2EE 10g (10.1.2.2.0)].server.http.ResourceFilterChain.doFilter(ResourceFilterChain.java:65)
	at oracle.security.jazn.oc4j.JAZNFilter.doFilter(Unknown Source)
	at com.evermind[Oracle Application Server Containers for J2EE 10g (10.1.2.2.0)].server.http.ServletRequestDispatcher.invoke(ServletRequestDispatcher.java:673)
	at com.evermind[Oracle Application Server Containers for J2EE 10g (10.1.2.2.0)].server.http.ServletRequestDispatcher.forwardInternal(ServletRequestDispatcher.java:340)
	at com.evermind[Oracle Application Server Containers for J2EE 10g (10.1.2.2.0)].server.http.HttpRequestHandler.processRequest(HttpRequestHandler.java:830)
	at com.evermind[Oracle Application Server Containers for J2EE 10g (10.1.2.2.0)].server.http.HttpRequestHandler.run(HttpRequestHandler.java:285)
	at com.evermind[Oracle Application Server Containers for J2EE 10g (10.1.2.2.0)].server.http.HttpRequestHandler.run(HttpRequestHandler.java:126)
	at com.evermind[Oracle Application Server Containers for J2EE 10g (10.1.2.2.0)].util.ReleasableResourcePooledExecutor$MyWorker.run(ReleasableResourcePooledExecutor.java:192)
	at java.lang.Thread.run(Thread.java:534)
11/01/13 21:24:40 fiduciaweb: Servlet error
java.lang.StringIndexOutOfBoundsException: String index out of range: -1
	at java.lang.String.substring(String.java:1444)
	at _instruccion2._jspService(instruccion2.jsp:60)
	at com.orionserver[Oracle Application Server Containers for J2EE 10g (10.1.2.2.0)].http.OrionHttpJspPage.service(OrionHttpJspPage.java:56)
	at oracle.jsp.runtimev2.JspPageTable.service(JspPageTable.java:356)
	at oracle.jsp.runtimev2.JspServlet.internalService(JspServlet.java:498)
	at oracle.jsp.runtimev2.JspServlet.service(JspServlet.java:402)
	at javax.servlet.http.HttpServlet.service(HttpServlet.java:853)
	at com.evermind[Oracle Application Server Containers for J2EE 10g (10.1.2.2.0)].server.http.ResourceFilterChain.doFilter(ResourceFilterChain.java:65)
	at oracle.security.jazn.oc4j.JAZNFilter.doFilter(Unknown Source)
	at com.evermind[Oracle Application Server Containers for J2EE 10g (10.1.2.2.0)].server.http.ServletRequestDispatcher.invoke(ServletRequestDispatcher.java:673)
	at com.evermind[Oracle Application Server Containers for J2EE 10g (10.1.2.2.0)].server.http.ServletRequestDispatcher.forwardInternal(ServletRequestDispatcher.java:340)
	at com.evermind[Oracle Application Server Containers for J2EE 10g (10.1.2.2.0)].server.http.HttpRequestHandler.processRequest(HttpRequestHandler.java:830)
	at com.evermind[Oracle Application Server Containers for J2EE 10g (10.1.2.2.0)].server.http.HttpRequestHandler.run(HttpRequestHandler.java:285)
	at com.evermind[Oracle Application Server Containers for J2EE 10g (10.1.2.2.0)].server.http.HttpRequestHandler.run(HttpRequestHandler.java:126)
	at com.evermind[Oracle Application Server Containers for J2EE 10g (10.1.2.2.0)].util.ReleasableResourcePooledExecutor$MyWorker.run(ReleasableResourcePooledExecutor.java:192)
	at java.lang.Thread.run(Thread.java:534)
11/01/13 21:29:12 fiduciaweb: Servlet error
java.lang.NumberFormatException: For input string: "Selecciona un Contrato"
	at java.lang.NumberFormatException.forInputString(NumberFormatException.java:48)
	at java.lang.Integer.parseInt(Integer.java:468)
	at java.lang.Integer.parseInt(Integer.java:518)
	at _FI__Instruccion2._jspService(FI_Instruccion2.jsp:158)
	at com.orionserver[Oracle Application Server Containers for J2EE 10g (10.1.2.2.0)].http.OrionHttpJspPage.service(OrionHttpJspPage.java:56)
	at oracle.jsp.runtimev2.JspPageTable.service(JspPageTable.java:356)
	at oracle.jsp.runtimev2.JspServlet.internalService(JspServlet.java:498)
	at oracle.jsp.runtimev2.JspServlet.service(JspServlet.java:402)
	at javax.servlet.http.HttpServlet.service(HttpServlet.java:853)
	at com.evermind[Oracle Application Server Containers for J2EE 10g (10.1.2.2.0)].server.http.ResourceFilterChain.doFilter(ResourceFilterChain.java:65)
	at oracle.security.jazn.oc4j.JAZNFilter.doFilter(Unknown Source)
	at com.evermind[Oracle Application Server Containers for J2EE 10g (10.1.2.2.0)].server.http.ServletRequestDispatcher.invoke(ServletRequestDispatcher.java:673)
	at com.evermind[Oracle Application Server Containers for J2EE 10g (10.1.2.2.0)].server.http.ServletRequestDispatcher.forwardInternal(ServletRequestDispatcher.java:340)
	at com.evermind[Oracle Application Server Containers for J2EE 10g (10.1.2.2.0)].server.http.HttpRequestHandler.processRequest(HttpRequestHandler.java:830)
	at com.evermind[Oracle Application Server Containers for J2EE 10g (10.1.2.2.0)].server.http.HttpRequestHandler.run(HttpRequestHandler.java:285)
	at com.evermind[Oracle Application Server Containers for J2EE 10g (10.1.2.2.0)].server.http.HttpRequestHandler.run(HttpRequestHandler.java:126)
	at com.evermind[Oracle Application Server Containers for J2EE 10g (10.1.2.2.0)].util.ReleasableResourcePooledExecutor$MyWorker.run(ReleasableResourcePooledExecutor.java:192)
	at java.lang.Thread.run(Thread.java:534)
11/01/13 21:39:18 Started
11/01/13 21:39:20 fiduciaweb: JDevOJSP: init
11/01/13 21:39:20 fiduciaweb: Started
11/01/13 23:21:56 Started
11/01/13 23:21:59 fiduciaweb: JDevOJSP: init
11/01/13 23:21:59 fiduciaweb: Started
11/01/13 23:40:40 Started
11/01/13 23:40:43 fiduciaweb: JDevOJSP: init
11/01/13 23:40:43 fiduciaweb: Started
11/01/14 00:02:09 Started
11/01/14 00:02:11 fiduciaweb: JDevOJSP: init
11/01/14 00:02:11 fiduciaweb: Started
11/01/14 00:09:22 Started
11/01/14 00:09:24 fiduciaweb: JDevOJSP: init
11/01/14 00:09:24 fiduciaweb: Started
11/01/14 01:12:56 Started
11/01/14 01:12:58 fiduciaweb: JDevOJSP: init
11/01/14 01:12:58 fiduciaweb: Started
11/01/14 01:17:02 Started
11/01/14 01:17:04 fiduciaweb: JDevOJSP: init
11/01/14 01:17:04 fiduciaweb: Started
11/01/21 23:04:19 Started
11/01/21 23:04:24 fiduciaweb: JDevOJSP: init
11/01/21 23:04:24 fiduciaweb: Started
11/01/21 23:05:06 fiduciaweb: Connection reset by peer: socket write error
11/01/21 23:19:35 Started
11/01/21 23:19:37 fiduciaweb: JDevOJSP: init
11/01/21 23:19:37 fiduciaweb: Started
11/01/21 23:35:32 Started
11/01/21 23:35:38 fiduciaweb: JDevOJSP: init
11/01/21 23:35:38 fiduciaweb: Started
11/01/21 23:37:28 fiduciaweb: Servlet error
java.lang.NullPointerException
	at _instruccion2._jspService(instruccion2.jsp:63)
	at com.orionserver[Oracle Application Server Containers for J2EE 10g (10.1.2.2.0)].http.OrionHttpJspPage.service(OrionHttpJspPage.java:56)
	at oracle.jsp.runtimev2.JspPageTable.service(JspPageTable.java:356)
	at oracle.jsp.runtimev2.JspServlet.internalService(JspServlet.java:498)
	at oracle.jsp.runtimev2.JspServlet.service(JspServlet.java:402)
	at javax.servlet.http.HttpServlet.service(HttpServlet.java:853)
	at com.evermind[Oracle Application Server Containers for J2EE 10g (10.1.2.2.0)].server.http.ResourceFilterChain.doFilter(ResourceFilterChain.java:65)
	at oracle.security.jazn.oc4j.JAZNFilter.doFilter(Unknown Source)
	at com.evermind[Oracle Application Server Containers for J2EE 10g (10.1.2.2.0)].server.http.ServletRequestDispatcher.invoke(ServletRequestDispatcher.java:673)
	at com.evermind[Oracle Application Server Containers for J2EE 10g (10.1.2.2.0)].server.http.ServletRequestDispatcher.forwardInternal(ServletRequestDispatcher.java:340)
	at com.evermind[Oracle Application Server Containers for J2EE 10g (10.1.2.2.0)].server.http.HttpRequestHandler.processRequest(HttpRequestHandler.java:830)
	at com.evermind[Oracle Application Server Containers for J2EE 10g (10.1.2.2.0)].server.http.HttpRequestHandler.run(HttpRequestHandler.java:285)
	at com.evermind[Oracle Application Server Containers for J2EE 10g (10.1.2.2.0)].server.http.HttpRequestHandler.run(HttpRequestHandler.java:126)
	at com.evermind[Oracle Application Server Containers for J2EE 10g (10.1.2.2.0)].util.ReleasableResourcePooledExecutor$MyWorker.run(ReleasableResourcePooledExecutor.java:192)
	at java.lang.Thread.run(Thread.java:534)
11/01/21 23:41:56 Started
11/01/21 23:41:59 fiduciaweb: JDevOJSP: init
11/01/21 23:41:59 fiduciaweb: Started
11/01/22 00:05:14 Started
11/01/22 00:05:17 fiduciaweb: JDevOJSP: init
11/01/22 00:05:17 fiduciaweb: Started
11/01/22 00:14:47 Started
11/01/22 00:14:50 fiduciaweb: JDevOJSP: init
11/01/22 00:14:50 fiduciaweb: Started
11/01/22 00:23:35 Started
11/01/22 00:23:37 fiduciaweb: JDevOJSP: init
11/01/22 00:23:37 fiduciaweb: Started
11/01/24 16:49:54 Started
11/01/24 16:50:03 fiduciaweb: JDevOJSP: init
11/01/24 16:50:03 fiduciaweb: Started
11/01/24 17:01:38 Started
11/01/24 17:01:40 fiduciaweb: JDevOJSP: init
11/01/24 17:01:40 fiduciaweb: Started
11/01/24 17:18:05 Started
11/01/24 17:18:08 fiduciaweb: JDevOJSP: init
11/01/24 17:18:08 fiduciaweb: Started
11/01/24 21:21:42 Started
11/01/24 21:21:47 fiduciaweb: JDevOJSP: init
11/01/24 21:21:47 fiduciaweb: Started
11/01/25 22:15:05 Started
11/01/25 22:15:07 fiduciaweb: JDevOJSP: init
11/01/25 22:15:07 fiduciaweb: Started
11/01/31 19:16:27 Started
11/01/31 19:16:36 fiduciaweb: JDevOJSP: init
11/01/31 19:16:36 fiduciaweb: Started
11/02/01 02:27:21 Started
11/02/01 02:27:24 fiduciaweb: JDevOJSP: init
11/02/01 02:27:24 fiduciaweb: Started
11/02/01 02:27:41 fiduciaweb: Connection reset by peer: socket write error
11/02/01 02:27:41 fiduciaweb: Connection reset by peer: socket write error
11/02/01 02:27:41 fiduciaweb: Connection reset by peer: socket write error
11/02/01 02:27:41 fiduciaweb: Connection reset by peer: socket write error
11/02/01 02:28:02 fiduciaweb: Servlet error
java.lang.ArrayIndexOutOfBoundsException: 0 >= 0
	at java.util.Vector.elementAt(Vector.java:431)
	at com.bancomext.negocio.nDatos.getVtrIntDato2(nDatos.java:658)
	at _FI__Consultas._jspService(FI_Consultas.jsp:1290)
	at com.orionserver[Oracle Application Server Containers for J2EE 10g (10.1.2.2.0)].http.OrionHttpJspPage.service(OrionHttpJspPage.java:56)
	at oracle.jsp.runtimev2.JspPageTable.service(JspPageTable.java:356)
	at oracle.jsp.runtimev2.JspServlet.internalService(JspServlet.java:498)
	at oracle.jsp.runtimev2.JspServlet.service(JspServlet.java:402)
	at javax.servlet.http.HttpServlet.service(HttpServlet.java:853)
	at com.evermind[Oracle Application Server Containers for J2EE 10g (10.1.2.2.0)].server.http.ResourceFilterChain.doFilter(ResourceFilterChain.java:65)
	at oracle.security.jazn.oc4j.JAZNFilter.doFilter(Unknown Source)
	at com.evermind[Oracle Application Server Containers for J2EE 10g (10.1.2.2.0)].server.http.ServletRequestDispatcher.invoke(ServletRequestDispatcher.java:673)
	at com.evermind[Oracle Application Server Containers for J2EE 10g (10.1.2.2.0)].server.http.ServletRequestDispatcher.forwardInternal(ServletRequestDispatcher.java:340)
	at com.evermind[Oracle Application Server Containers for J2EE 10g (10.1.2.2.0)].server.http.HttpRequestHandler.processRequest(HttpRequestHandler.java:830)
	at com.evermind[Oracle Application Server Containers for J2EE 10g (10.1.2.2.0)].server.http.HttpRequestHandler.run(HttpRequestHandler.java:285)
	at com.evermind[Oracle Application Server Containers for J2EE 10g (10.1.2.2.0)].server.http.HttpRequestHandler.run(HttpRequestHandler.java:126)
	at com.evermind[Oracle Application Server Containers for J2EE 10g (10.1.2.2.0)].util.ReleasableResourcePooledExecutor$MyWorker.run(ReleasableResourcePooledExecutor.java:192)
	at java.lang.Thread.run(Thread.java:534)
11/02/01 02:28:35 fiduciaweb: Servlet error
java.lang.ArrayIndexOutOfBoundsException: 0 >= 0
	at java.util.Vector.elementAt(Vector.java:431)
	at com.bancomext.negocio.nDatos.getVtrIntDato2(nDatos.java:658)
	at _FI__Consultas._jspService(FI_Consultas.jsp:1290)
	at com.orionserver[Oracle Application Server Containers for J2EE 10g (10.1.2.2.0)].http.OrionHttpJspPage.service(OrionHttpJspPage.java:56)
	at oracle.jsp.runtimev2.JspPageTable.service(JspPageTable.java:356)
	at oracle.jsp.runtimev2.JspServlet.internalService(JspServlet.java:498)
	at oracle.jsp.runtimev2.JspServlet.service(JspServlet.java:402)
	at javax.servlet.http.HttpServlet.service(HttpServlet.java:853)
	at com.evermind[Oracle Application Server Containers for J2EE 10g (10.1.2.2.0)].server.http.ResourceFilterChain.doFilter(ResourceFilterChain.java:65)
	at oracle.security.jazn.oc4j.JAZNFilter.doFilter(Unknown Source)
	at com.evermind[Oracle Application Server Containers for J2EE 10g (10.1.2.2.0)].server.http.ServletRequestDispatcher.invoke(ServletRequestDispatcher.java:673)
	at com.evermind[Oracle Application Server Containers for J2EE 10g (10.1.2.2.0)].server.http.ServletRequestDispatcher.forwardInternal(ServletRequestDispatcher.java:340)
	at com.evermind[Oracle Application Server Containers for J2EE 10g (10.1.2.2.0)].server.http.HttpRequestHandler.processRequest(HttpRequestHandler.java:830)
	at com.evermind[Oracle Application Server Containers for J2EE 10g (10.1.2.2.0)].server.http.HttpRequestHandler.run(HttpRequestHandler.java:285)
	at com.evermind[Oracle Application Server Containers for J2EE 10g (10.1.2.2.0)].server.http.HttpRequestHandler.run(HttpRequestHandler.java:126)
	at com.evermind[Oracle Application Server Containers for J2EE 10g (10.1.2.2.0)].util.ReleasableResourcePooledExecutor$MyWorker.run(ReleasableResourcePooledExecutor.java:192)
	at java.lang.Thread.run(Thread.java:534)
11/02/01 02:34:09 Started
11/02/01 02:34:12 fiduciaweb: JDevOJSP: init
11/02/01 02:34:12 fiduciaweb: Started
11/02/01 02:34:24 fiduciaweb: Connection reset by peer: socket write error
11/02/01 05:01:41 Started
11/02/01 05:01:49 fiduciaweb: JDevOJSP: init
11/02/01 05:01:49 fiduciaweb: Started
11/02/02 19:53:33 Started
11/02/02 19:53:39 fiduciaweb: JDevOJSP: init
11/02/02 19:53:39 fiduciaweb: Started
11/02/02 19:58:05 Started
11/02/02 19:58:08 fiduciaweb: JDevOJSP: init
11/02/02 19:58:08 fiduciaweb: Started
11/02/14 19:27:46 Started
11/02/14 19:27:50 fiduciaweb: JDevOJSP: init
11/02/14 19:27:50 fiduciaweb: Started
11/02/25 18:12:25 Started
11/02/25 18:12:34 fiduciaweb: JDevOJSP: init
11/02/25 18:12:34 fiduciaweb: Started
11/02/25 18:48:46 fiduciaweb: Servlet error
java.lang.ArrayIndexOutOfBoundsException: 0 >= 0
	at java.util.Vector.elementAt(Vector.java:431)
	at com.bancomext.negocio.nDatos.getVtrStrDato1(nDatos.java:443)
	at _confirmarOpc__2._jspService(confirmarOpc_2.jsp:89)
	at com.orionserver[Oracle Application Server Containers for J2EE 10g (10.1.2.2.0)].http.OrionHttpJspPage.service(OrionHttpJspPage.java:56)
	at oracle.jsp.runtimev2.JspPageTable.service(JspPageTable.java:356)
	at oracle.jsp.runtimev2.JspServlet.internalService(JspServlet.java:498)
	at oracle.jsp.runtimev2.JspServlet.service(JspServlet.java:402)
	at javax.servlet.http.HttpServlet.service(HttpServlet.java:853)
	at com.evermind[Oracle Application Server Containers for J2EE 10g (10.1.2.2.0)].server.http.ResourceFilterChain.doFilter(ResourceFilterChain.java:65)
	at oracle.security.jazn.oc4j.JAZNFilter.doFilter(Unknown Source)
	at com.evermind[Oracle Application Server Containers for J2EE 10g (10.1.2.2.0)].server.http.ServletRequestDispatcher.invoke(ServletRequestDispatcher.java:673)
	at com.evermind[Oracle Application Server Containers for J2EE 10g (10.1.2.2.0)].server.http.ServletRequestDispatcher.forwardInternal(ServletRequestDispatcher.java:340)
	at com.evermind[Oracle Application Server Containers for J2EE 10g (10.1.2.2.0)].server.http.HttpRequestHandler.processRequest(HttpRequestHandler.java:830)
	at com.evermind[Oracle Application Server Containers for J2EE 10g (10.1.2.2.0)].server.http.HttpRequestHandler.run(HttpRequestHandler.java:285)
	at com.evermind[Oracle Application Server Containers for J2EE 10g (10.1.2.2.0)].server.http.HttpRequestHandler.run(HttpRequestHandler.java:126)
	at com.evermind[Oracle Application Server Containers for J2EE 10g (10.1.2.2.0)].util.ReleasableResourcePooledExecutor$MyWorker.run(ReleasableResourcePooledExecutor.java:186)
	at java.lang.Thread.run(Thread.java:534)
11/02/25 18:52:41 fiduciaweb: Servlet error
java.lang.ArrayIndexOutOfBoundsException: 0 >= 0
	at java.util.Vector.elementAt(Vector.java:431)
	at com.bancomext.negocio.nDatos.getVtrIntDato1(nDatos.java:654)
	at _confirmarOpc__2._jspService(confirmarOpc_2.jsp:263)
	at com.orionserver[Oracle Application Server Containers for J2EE 10g (10.1.2.2.0)].http.OrionHttpJspPage.service(OrionHttpJspPage.java:56)
	at oracle.jsp.runtimev2.JspPageTable.compileAndServe(JspPageTable.java:575)
	at oracle.jsp.runtimev2.JspPageTable.service(JspPageTable.java:311)
	at oracle.jsp.runtimev2.JspServlet.internalService(JspServlet.java:498)
	at oracle.jsp.runtimev2.JspServlet.service(JspServlet.java:402)
	at javax.servlet.http.HttpServlet.service(HttpServlet.java:853)
	at com.evermind[Oracle Application Server Containers for J2EE 10g (10.1.2.2.0)].server.http.ResourceFilterChain.doFilter(ResourceFilterChain.java:65)
	at oracle.security.jazn.oc4j.JAZNFilter.doFilter(Unknown Source)
	at com.evermind[Oracle Application Server Containers for J2EE 10g (10.1.2.2.0)].server.http.ServletRequestDispatcher.invoke(ServletRequestDispatcher.java:673)
	at com.evermind[Oracle Application Server Containers for J2EE 10g (10.1.2.2.0)].server.http.ServletRequestDispatcher.forwardInternal(ServletRequestDispatcher.java:340)
	at com.evermind[Oracle Application Server Containers for J2EE 10g (10.1.2.2.0)].server.http.HttpRequestHandler.processRequest(HttpRequestHandler.java:830)
	at com.evermind[Oracle Application Server Containers for J2EE 10g (10.1.2.2.0)].server.http.HttpRequestHandler.run(HttpRequestHandler.java:285)
	at com.evermind[Oracle Application Server Containers for J2EE 10g (10.1.2.2.0)].server.http.HttpRequestHandler.run(HttpRequestHandler.java:126)
	at com.evermind[Oracle Application Server Containers for J2EE 10g (10.1.2.2.0)].util.ReleasableResourcePooledExecutor$MyWorker.run(ReleasableResourcePooledExecutor.java:186)
	at java.lang.Thread.run(Thread.java:534)
11/02/25 18:53:20 fiduciaweb: Servlet error
java.lang.ArrayIndexOutOfBoundsException: 0 >= 0
	at java.util.Vector.elementAt(Vector.java:431)
	at com.bancomext.negocio.nDatos.getVtrIntDato1(nDatos.java:654)
	at _confirmarOpc__2._jspService(confirmarOpc_2.jsp:263)
	at com.orionserver[Oracle Application Server Containers for J2EE 10g (10.1.2.2.0)].http.OrionHttpJspPage.service(OrionHttpJspPage.java:56)
	at oracle.jsp.runtimev2.JspPageTable.compileAndServe(JspPageTable.java:575)
	at oracle.jsp.runtimev2.JspPageTable.service(JspPageTable.java:311)
	at oracle.jsp.runtimev2.JspServlet.internalService(JspServlet.java:498)
	at oracle.jsp.runtimev2.JspServlet.service(JspServlet.java:402)
	at javax.servlet.http.HttpServlet.service(HttpServlet.java:853)
	at com.evermind[Oracle Application Server Containers for J2EE 10g (10.1.2.2.0)].server.http.ResourceFilterChain.doFilter(ResourceFilterChain.java:65)
	at oracle.security.jazn.oc4j.JAZNFilter.doFilter(Unknown Source)
	at com.evermind[Oracle Application Server Containers for J2EE 10g (10.1.2.2.0)].server.http.ServletRequestDispatcher.invoke(ServletRequestDispatcher.java:673)
	at com.evermind[Oracle Application Server Containers for J2EE 10g (10.1.2.2.0)].server.http.ServletRequestDispatcher.forwardInternal(ServletRequestDispatcher.java:340)
	at com.evermind[Oracle Application Server Containers for J2EE 10g (10.1.2.2.0)].server.http.HttpRequestHandler.processRequest(HttpRequestHandler.java:830)
	at com.evermind[Oracle Application Server Containers for J2EE 10g (10.1.2.2.0)].server.http.HttpRequestHandler.run(HttpRequestHandler.java:285)
	at com.evermind[Oracle Application Server Containers for J2EE 10g (10.1.2.2.0)].server.http.HttpRequestHandler.run(HttpRequestHandler.java:126)
	at com.evermind[Oracle Application Server Containers for J2EE 10g (10.1.2.2.0)].util.ReleasableResourcePooledExecutor$MyWorker.run(ReleasableResourcePooledExecutor.java:192)
	at java.lang.Thread.run(Thread.java:534)
11/02/25 18:55:11 fiduciaweb: Servlet error
java.lang.ArrayIndexOutOfBoundsException: 0 >= 0
	at java.util.Vector.elementAt(Vector.java:431)
	at com.bancomext.negocio.nDatos.getVtrStrDato1(nDatos.java:443)
	at _confirmarOpc__2._jspService(confirmarOpc_2.jsp:89)
	at com.orionserver[Oracle Application Server Containers for J2EE 10g (10.1.2.2.0)].http.OrionHttpJspPage.service(OrionHttpJspPage.java:56)
	at oracle.jsp.runtimev2.JspPageTable.compileAndServe(JspPageTable.java:575)
	at oracle.jsp.runtimev2.JspPageTable.service(JspPageTable.java:311)
	at oracle.jsp.runtimev2.JspServlet.internalService(JspServlet.java:498)
	at oracle.jsp.runtimev2.JspServlet.service(JspServlet.java:402)
	at javax.servlet.http.HttpServlet.service(HttpServlet.java:853)
	at com.evermind[Oracle Application Server Containers for J2EE 10g (10.1.2.2.0)].server.http.ResourceFilterChain.doFilter(ResourceFilterChain.java:65)
	at oracle.security.jazn.oc4j.JAZNFilter.doFilter(Unknown Source)
	at com.evermind[Oracle Application Server Containers for J2EE 10g (10.1.2.2.0)].server.http.ServletRequestDispatcher.invoke(ServletRequestDispatcher.java:673)
	at com.evermind[Oracle Application Server Containers for J2EE 10g (10.1.2.2.0)].server.http.ServletRequestDispatcher.forwardInternal(ServletRequestDispatcher.java:340)
	at com.evermind[Oracle Application Server Containers for J2EE 10g (10.1.2.2.0)].server.http.HttpRequestHandler.processRequest(HttpRequestHandler.java:830)
	at com.evermind[Oracle Application Server Containers for J2EE 10g (10.1.2.2.0)].server.http.HttpRequestHandler.run(HttpRequestHandler.java:285)
	at com.evermind[Oracle Application Server Containers for J2EE 10g (10.1.2.2.0)].server.http.HttpRequestHandler.run(HttpRequestHandler.java:126)
	at com.evermind[Oracle Application Server Containers for J2EE 10g (10.1.2.2.0)].util.ReleasableResourcePooledExecutor$MyWorker.run(ReleasableResourcePooledExecutor.java:186)
	at java.lang.Thread.run(Thread.java:534)
11/02/25 18:55:32 fiduciaweb: Servlet error
java.lang.ArrayIndexOutOfBoundsException: 0 >= 0
	at java.util.Vector.elementAt(Vector.java:431)
	at com.bancomext.negocio.nDatos.getVtrStrDato1(nDatos.java:443)
	at _confirmarOpc__2._jspService(confirmarOpc_2.jsp:89)
	at com.orionserver[Oracle Application Server Containers for J2EE 10g (10.1.2.2.0)].http.OrionHttpJspPage.service(OrionHttpJspPage.java:56)
	at oracle.jsp.runtimev2.JspPageTable.service(JspPageTable.java:356)
	at oracle.jsp.runtimev2.JspServlet.internalService(JspServlet.java:498)
	at oracle.jsp.runtimev2.JspServlet.service(JspServlet.java:402)
	at javax.servlet.http.HttpServlet.service(HttpServlet.java:853)
	at com.evermind[Oracle Application Server Containers for J2EE 10g (10.1.2.2.0)].server.http.ResourceFilterChain.doFilter(ResourceFilterChain.java:65)
	at oracle.security.jazn.oc4j.JAZNFilter.doFilter(Unknown Source)
	at com.evermind[Oracle Application Server Containers for J2EE 10g (10.1.2.2.0)].server.http.ServletRequestDispatcher.invoke(ServletRequestDispatcher.java:673)
	at com.evermind[Oracle Application Server Containers for J2EE 10g (10.1.2.2.0)].server.http.ServletRequestDispatcher.forwardInternal(ServletRequestDispatcher.java:340)
	at com.evermind[Oracle Application Server Containers for J2EE 10g (10.1.2.2.0)].server.http.HttpRequestHandler.processRequest(HttpRequestHandler.java:830)
	at com.evermind[Oracle Application Server Containers for J2EE 10g (10.1.2.2.0)].server.http.HttpRequestHandler.run(HttpRequestHandler.java:285)
	at com.evermind[Oracle Application Server Containers for J2EE 10g (10.1.2.2.0)].server.http.HttpRequestHandler.run(HttpRequestHandler.java:126)
	at com.evermind[Oracle Application Server Containers for J2EE 10g (10.1.2.2.0)].util.ReleasableResourcePooledExecutor$MyWorker.run(ReleasableResourcePooledExecutor.java:192)
	at java.lang.Thread.run(Thread.java:534)
11/02/25 18:56:30 fiduciaweb: Servlet error
java.lang.ArrayIndexOutOfBoundsException: 0 >= 0
	at java.util.Vector.elementAt(Vector.java:431)
	at com.bancomext.negocio.nDatos.getVtrStrDato1(nDatos.java:443)
	at _confirmarOpc__2._jspService(confirmarOpc_2.jsp:89)
	at com.orionserver[Oracle Application Server Containers for J2EE 10g (10.1.2.2.0)].http.OrionHttpJspPage.service(OrionHttpJspPage.java:56)
	at oracle.jsp.runtimev2.JspPageTable.compileAndServe(JspPageTable.java:575)
	at oracle.jsp.runtimev2.JspPageTable.service(JspPageTable.java:311)
	at oracle.jsp.runtimev2.JspServlet.internalService(JspServlet.java:498)
	at oracle.jsp.runtimev2.JspServlet.service(JspServlet.java:402)
	at javax.servlet.http.HttpServlet.service(HttpServlet.java:853)
	at com.evermind[Oracle Application Server Containers for J2EE 10g (10.1.2.2.0)].server.http.ResourceFilterChain.doFilter(ResourceFilterChain.java:65)
	at oracle.security.jazn.oc4j.JAZNFilter.doFilter(Unknown Source)
	at com.evermind[Oracle Application Server Containers for J2EE 10g (10.1.2.2.0)].server.http.ServletRequestDispatcher.invoke(ServletRequestDispatcher.java:673)
	at com.evermind[Oracle Application Server Containers for J2EE 10g (10.1.2.2.0)].server.http.ServletRequestDispatcher.forwardInternal(ServletRequestDispatcher.java:340)
	at com.evermind[Oracle Application Server Containers for J2EE 10g (10.1.2.2.0)].server.http.HttpRequestHandler.processRequest(HttpRequestHandler.java:830)
	at com.evermind[Oracle Application Server Containers for J2EE 10g (10.1.2.2.0)].server.http.HttpRequestHandler.run(HttpRequestHandler.java:285)
	at com.evermind[Oracle Application Server Containers for J2EE 10g (10.1.2.2.0)].server.http.HttpRequestHandler.run(HttpRequestHandler.java:126)
	at com.evermind[Oracle Application Server Containers for J2EE 10g (10.1.2.2.0)].util.ReleasableResourcePooledExecutor$MyWorker.run(ReleasableResourcePooledExecutor.java:192)
	at java.lang.Thread.run(Thread.java:534)
11/02/25 18:56:49 fiduciaweb: Servlet error
java.lang.ArrayIndexOutOfBoundsException: 0 >= 0
	at java.util.Vector.elementAt(Vector.java:431)
	at com.bancomext.negocio.nDatos.getVtrStrDato1(nDatos.java:443)
	at _confirmarOpc__2._jspService(confirmarOpc_2.jsp:89)
	at com.orionserver[Oracle Application Server Containers for J2EE 10g (10.1.2.2.0)].http.OrionHttpJspPage.service(OrionHttpJspPage.java:56)
	at oracle.jsp.runtimev2.JspPageTable.service(JspPageTable.java:356)
	at oracle.jsp.runtimev2.JspServlet.internalService(JspServlet.java:498)
	at oracle.jsp.runtimev2.JspServlet.service(JspServlet.java:402)
	at javax.servlet.http.HttpServlet.service(HttpServlet.java:853)
	at com.evermind[Oracle Application Server Containers for J2EE 10g (10.1.2.2.0)].server.http.ResourceFilterChain.doFilter(ResourceFilterChain.java:65)
	at oracle.security.jazn.oc4j.JAZNFilter.doFilter(Unknown Source)
	at com.evermind[Oracle Application Server Containers for J2EE 10g (10.1.2.2.0)].server.http.ServletRequestDispatcher.invoke(ServletRequestDispatcher.java:673)
	at com.evermind[Oracle Application Server Containers for J2EE 10g (10.1.2.2.0)].server.http.ServletRequestDispatcher.forwardInternal(ServletRequestDispatcher.java:340)
	at com.evermind[Oracle Application Server Containers for J2EE 10g (10.1.2.2.0)].server.http.HttpRequestHandler.processRequest(HttpRequestHandler.java:830)
	at com.evermind[Oracle Application Server Containers for J2EE 10g (10.1.2.2.0)].server.http.HttpRequestHandler.run(HttpRequestHandler.java:285)
	at com.evermind[Oracle Application Server Containers for J2EE 10g (10.1.2.2.0)].server.http.HttpRequestHandler.run(HttpRequestHandler.java:126)
	at com.evermind[Oracle Application Server Containers for J2EE 10g (10.1.2.2.0)].util.ReleasableResourcePooledExecutor$MyWorker.run(ReleasableResourcePooledExecutor.java:192)
	at java.lang.Thread.run(Thread.java:534)
11/02/25 18:58:09 fiduciaweb: Servlet error
java.lang.ArrayIndexOutOfBoundsException: 0 >= 0
	at java.util.Vector.elementAt(Vector.java:431)
	at com.bancomext.negocio.nDatos.getVtrStrDato1(nDatos.java:443)
	at _confirmarOpc__2._jspService(confirmarOpc_2.jsp:89)
	at com.orionserver[Oracle Application Server Containers for J2EE 10g (10.1.2.2.0)].http.OrionHttpJspPage.service(OrionHttpJspPage.java:56)
	at oracle.jsp.runtimev2.JspPageTable.service(JspPageTable.java:356)
	at oracle.jsp.runtimev2.JspServlet.internalService(JspServlet.java:498)
	at oracle.jsp.runtimev2.JspServlet.service(JspServlet.java:402)
	at javax.servlet.http.HttpServlet.service(HttpServlet.java:853)
	at com.evermind[Oracle Application Server Containers for J2EE 10g (10.1.2.2.0)].server.http.ResourceFilterChain.doFilter(ResourceFilterChain.java:65)
	at oracle.security.jazn.oc4j.JAZNFilter.doFilter(Unknown Source)
	at com.evermind[Oracle Application Server Containers for J2EE 10g (10.1.2.2.0)].server.http.ServletRequestDispatcher.invoke(ServletRequestDispatcher.java:673)
	at com.evermind[Oracle Application Server Containers for J2EE 10g (10.1.2.2.0)].server.http.ServletRequestDispatcher.forwardInternal(ServletRequestDispatcher.java:340)
	at com.evermind[Oracle Application Server Containers for J2EE 10g (10.1.2.2.0)].server.http.HttpRequestHandler.processRequest(HttpRequestHandler.java:830)
	at com.evermind[Oracle Application Server Containers for J2EE 10g (10.1.2.2.0)].server.http.HttpRequestHandler.run(HttpRequestHandler.java:285)
	at com.evermind[Oracle Application Server Containers for J2EE 10g (10.1.2.2.0)].server.http.HttpRequestHandler.run(HttpRequestHandler.java:126)
	at com.evermind[Oracle Application Server Containers for J2EE 10g (10.1.2.2.0)].util.ReleasableResourcePooledExecutor$MyWorker.run(ReleasableResourcePooledExecutor.java:192)
	at java.lang.Thread.run(Thread.java:534)
11/02/25 19:01:28 Started
11/02/25 19:01:34 fiduciaweb: JDevOJSP: init
11/02/25 19:01:34 fiduciaweb: Started
11/02/25 19:03:39 fiduciaweb: Servlet error
java.lang.ArrayIndexOutOfBoundsException: 0 >= 0
	at java.util.Vector.elementAt(Vector.java:431)
	at com.bancomext.negocio.nDatos.getVtrIntDato1(nDatos.java:654)
	at _confirmarOpc__2._jspService(confirmarOpc_2.jsp:263)
	at com.orionserver[Oracle Application Server Containers for J2EE 10g (10.1.2.2.0)].http.OrionHttpJspPage.service(OrionHttpJspPage.java:56)
	at oracle.jsp.runtimev2.JspPageTable.service(JspPageTable.java:356)
	at oracle.jsp.runtimev2.JspServlet.internalService(JspServlet.java:498)
	at oracle.jsp.runtimev2.JspServlet.service(JspServlet.java:402)
	at javax.servlet.http.HttpServlet.service(HttpServlet.java:853)
	at com.evermind[Oracle Application Server Containers for J2EE 10g (10.1.2.2.0)].server.http.ResourceFilterChain.doFilter(ResourceFilterChain.java:65)
	at oracle.security.jazn.oc4j.JAZNFilter.doFilter(Unknown Source)
	at com.evermind[Oracle Application Server Containers for J2EE 10g (10.1.2.2.0)].server.http.ServletRequestDispatcher.invoke(ServletRequestDispatcher.java:673)
	at com.evermind[Oracle Application Server Containers for J2EE 10g (10.1.2.2.0)].server.http.ServletRequestDispatcher.forwardInternal(ServletRequestDispatcher.java:340)
	at com.evermind[Oracle Application Server Containers for J2EE 10g (10.1.2.2.0)].server.http.HttpRequestHandler.processRequest(HttpRequestHandler.java:830)
	at com.evermind[Oracle Application Server Containers for J2EE 10g (10.1.2.2.0)].server.http.HttpRequestHandler.run(HttpRequestHandler.java:285)
	at com.evermind[Oracle Application Server Containers for J2EE 10g (10.1.2.2.0)].server.http.HttpRequestHandler.run(HttpRequestHandler.java:126)
	at com.evermind[Oracle Application Server Containers for J2EE 10g (10.1.2.2.0)].util.ReleasableResourcePooledExecutor$MyWorker.run(ReleasableResourcePooledExecutor.java:192)
	at java.lang.Thread.run(Thread.java:534)
11/02/25 19:04:29 fiduciaweb: JspServlet: No se ha podido distribuir a la página solicitada: java.lang.IllegalArgumentException: Attempted to write longer than Content-Length (7545 + 5240 / 7545)
	at com.evermind.server.http.EvermindServletOutputStream.write(EvermindServletOutputStream.java:177)
	at com.evermind.server.http.EvermindJSPWriter.writeOut(EvermindJSPWriter.java:481)
	at com.evermind.server.http.EvermindJSPWriter.jspflush(EvermindJSPWriter.java:398)
	at com.evermind.server.http.EvermindJSPWriter.close(EvermindJSPWriter.java:369)
	at oracle.jsp.runtime.OracleJspRuntime.extraHandlePCFinally(OracleJspRuntime.java:1398)
	at _opciones__2._jspService(opciones_2.jsp:285)
	at com.orionserver.http.OrionHttpJspPage.service(OrionHttpJspPage.java:56)
	at oracle.jsp.runtimev2.JspPageTable.service(JspPageTable.java:356)
	at oracle.jsp.runtimev2.JspServlet.internalService(JspServlet.java:498)
	at oracle.jsp.runtimev2.JspServlet.service(JspServlet.java:402)
	at javax.servlet.http.HttpServlet.service(HttpServlet.java:853)
	at com.evermind.server.http.ResourceFilterChain.doFilter(ResourceFilterChain.java:65)
	at oracle.security.jazn.oc4j.JAZNFilter.doFilter(Unknown Source)
	at com.evermind.server.http.ServletRequestDispatcher.invoke(ServletRequestDispatcher.java:673)
	at com.evermind.server.http.ServletRequestDispatcher.forwardInternal(ServletRequestDispatcher.java:340)
	at com.evermind.server.http.HttpRequestHandler.processRequest(HttpRequestHandler.java:830)
	at com.evermind.server.http.HttpRequestHandler.run(HttpRequestHandler.java:285)
	at com.evermind.server.http.HttpRequestHandler.run(HttpRequestHandler.java:126)
	at com.evermind.util.ReleasableResourcePooledExecutor$MyWorker.run(ReleasableResourcePooledExecutor.java:192)
	at java.lang.Thread.run(Thread.java:534)

11/02/25 19:04:29 fiduciaweb: OracleJSP:
<HTML><BODY>
<P> <H2  ALIGN=CENTER>Error JSP:</H2> <HR  ALIGN=CENTER> <P>
<P><H3>URI de Solicitud:/fiduciaweb/opciones_2.jsp</H3><P>
<H3>Excepción:</H3>java.lang.IllegalArgumentException: Attempted to write longer than Content-Length (7545 + 5240 / 7545)
	at com.evermind.server.http.EvermindServletOutputStream.write(EvermindServletOutputStream.java:177)
	at com.evermind.server.http.EvermindJSPWriter.writeOut(EvermindJSPWriter.java:481)
	at com.evermind.server.http.EvermindJSPWriter.jspflush(EvermindJSPWriter.java:398)
	at com.evermind.server.http.EvermindJSPWriter.close(EvermindJSPWriter.java:369)
	at oracle.jsp.runtime.OracleJspRuntime.extraHandlePCFinally(OracleJspRuntime.java:1398)
	at _opciones__2._jspService(opciones_2.jsp:285)
	[/opciones_2.jsp]
	at com.orionserver.http.OrionHttpJspPage.service(OrionHttpJspPage.java:56)
	at oracle.jsp.runtimev2.JspPageTable.service(JspPageTable.java:356)
	at oracle.jsp.runtimev2.JspServlet.internalService(JspServlet.java:498)
	at oracle.jsp.runtimev2.JspServlet.service(JspServlet.java:402)
	at javax.servlet.http.HttpServlet.service(HttpServlet.java:853)
	at com.evermind.server.http.ResourceFilterChain.doFilter(ResourceFilterChain.java:65)
	at oracle.security.jazn.oc4j.JAZNFilter.doFilter(Unknown Source)
	at com.evermind.server.http.ServletRequestDispatcher.invoke(ServletRequestDispatcher.java:673)
	at com.evermind.server.http.ServletRequestDispatcher.forwardInternal(ServletRequestDispatcher.java:340)
	at com.evermind.server.http.HttpRequestHandler.processRequest(HttpRequestHandler.java:830)
	at com.evermind.server.http.HttpRequestHandler.run(HttpRequestHandler.java:285)
	at com.evermind.server.http.HttpRequestHandler.run(HttpRequestHandler.java:126)
	at com.evermind.util.ReleasableResourcePooledExecutor$MyWorker.run(ReleasableResourcePooledExecutor.java:192)
	at java.lang.Thread.run(Thread.java:534)

<P><P><HR ALIGN=CENTER>
</HTML></BODY>

11/02/25 19:09:30 fiduciaweb: JspServlet: No se ha podido distribuir a la página solicitada: java.lang.IllegalArgumentException: Attempted to write longer than Content-Length (7545 + 5240 / 7545)
	at com.evermind.server.http.EvermindServletOutputStream.write(EvermindServletOutputStream.java:177)
	at com.evermind.server.http.EvermindJSPWriter.writeOut(EvermindJSPWriter.java:481)
	at com.evermind.server.http.EvermindJSPWriter.jspflush(EvermindJSPWriter.java:398)
	at com.evermind.server.http.EvermindJSPWriter.close(EvermindJSPWriter.java:369)
	at oracle.jsp.runtime.OracleJspRuntime.extraHandlePCFinally(OracleJspRuntime.java:1398)
	at _opciones__2._jspService(opciones_2.jsp:285)
	at com.orionserver.http.OrionHttpJspPage.service(OrionHttpJspPage.java:56)
	at oracle.jsp.runtimev2.JspPageTable.service(JspPageTable.java:356)
	at oracle.jsp.runtimev2.JspServlet.internalService(JspServlet.java:498)
	at oracle.jsp.runtimev2.JspServlet.service(JspServlet.java:402)
	at javax.servlet.http.HttpServlet.service(HttpServlet.java:853)
	at com.evermind.server.http.ResourceFilterChain.doFilter(ResourceFilterChain.java:65)
	at oracle.security.jazn.oc4j.JAZNFilter.doFilter(Unknown Source)
	at com.evermind.server.http.ServletRequestDispatcher.invoke(ServletRequestDispatcher.java:673)
	at com.evermind.server.http.ServletRequestDispatcher.forwardInternal(ServletRequestDispatcher.java:340)
	at com.evermind.server.http.HttpRequestHandler.processRequest(HttpRequestHandler.java:830)
	at com.evermind.server.http.HttpRequestHandler.run(HttpRequestHandler.java:285)
	at com.evermind.server.http.HttpRequestHandler.run(HttpRequestHandler.java:126)
	at com.evermind.util.ReleasableResourcePooledExecutor$MyWorker.run(ReleasableResourcePooledExecutor.java:186)
	at java.lang.Thread.run(Thread.java:534)

11/02/25 19:09:30 fiduciaweb: OracleJSP:
<HTML><BODY>
<P> <H2  ALIGN=CENTER>Error JSP:</H2> <HR  ALIGN=CENTER> <P>
<P><H3>URI de Solicitud:/fiduciaweb/opciones_2.jsp</H3><P>
<H3>Excepción:</H3>java.lang.IllegalArgumentException: Attempted to write longer than Content-Length (7545 + 5240 / 7545)
	at com.evermind.server.http.EvermindServletOutputStream.write(EvermindServletOutputStream.java:177)
	at com.evermind.server.http.EvermindJSPWriter.writeOut(EvermindJSPWriter.java:481)
	at com.evermind.server.http.EvermindJSPWriter.jspflush(EvermindJSPWriter.java:398)
	at com.evermind.server.http.EvermindJSPWriter.close(EvermindJSPWriter.java:369)
	at oracle.jsp.runtime.OracleJspRuntime.extraHandlePCFinally(OracleJspRuntime.java:1398)
	at _opciones__2._jspService(opciones_2.jsp:285)
	[/opciones_2.jsp]
	at com.orionserver.http.OrionHttpJspPage.service(OrionHttpJspPage.java:56)
	at oracle.jsp.runtimev2.JspPageTable.service(JspPageTable.java:356)
	at oracle.jsp.runtimev2.JspServlet.internalService(JspServlet.java:498)
	at oracle.jsp.runtimev2.JspServlet.service(JspServlet.java:402)
	at javax.servlet.http.HttpServlet.service(HttpServlet.java:853)
	at com.evermind.server.http.ResourceFilterChain.doFilter(ResourceFilterChain.java:65)
	at oracle.security.jazn.oc4j.JAZNFilter.doFilter(Unknown Source)
	at com.evermind.server.http.ServletRequestDispatcher.invoke(ServletRequestDispatcher.java:673)
	at com.evermind.server.http.ServletRequestDispatcher.forwardInternal(ServletRequestDispatcher.java:340)
	at com.evermind.server.http.HttpRequestHandler.processRequest(HttpRequestHandler.java:830)
	at com.evermind.server.http.HttpRequestHandler.run(HttpRequestHandler.java:285)
	at com.evermind.server.http.HttpRequestHandler.run(HttpRequestHandler.java:126)
	at com.evermind.util.ReleasableResourcePooledExecutor$MyWorker.run(ReleasableResourcePooledExecutor.java:186)
	at java.lang.Thread.run(Thread.java:534)

<P><P><HR ALIGN=CENTER>
</HTML></BODY>

11/02/25 19:12:56 fiduciaweb: JspServlet: No se ha podido distribuir a la página solicitada: java.lang.IllegalArgumentException: Attempted to write longer than Content-Length (7545 + 5240 / 7545)
	at com.evermind.server.http.EvermindServletOutputStream.write(EvermindServletOutputStream.java:177)
	at com.evermind.server.http.EvermindJSPWriter.writeOut(EvermindJSPWriter.java:481)
	at com.evermind.server.http.EvermindJSPWriter.jspflush(EvermindJSPWriter.java:398)
	at com.evermind.server.http.EvermindJSPWriter.close(EvermindJSPWriter.java:369)
	at oracle.jsp.runtime.OracleJspRuntime.extraHandlePCFinally(OracleJspRuntime.java:1398)
	at _opciones__2._jspService(opciones_2.jsp:285)
	at com.orionserver.http.OrionHttpJspPage.service(OrionHttpJspPage.java:56)
	at oracle.jsp.runtimev2.JspPageTable.service(JspPageTable.java:356)
	at oracle.jsp.runtimev2.JspServlet.internalService(JspServlet.java:498)
	at oracle.jsp.runtimev2.JspServlet.service(JspServlet.java:402)
	at javax.servlet.http.HttpServlet.service(HttpServlet.java:853)
	at com.evermind.server.http.ResourceFilterChain.doFilter(ResourceFilterChain.java:65)
	at oracle.security.jazn.oc4j.JAZNFilter.doFilter(Unknown Source)
	at com.evermind.server.http.ServletRequestDispatcher.invoke(ServletRequestDispatcher.java:673)
	at com.evermind.server.http.ServletRequestDispatcher.forwardInternal(ServletRequestDispatcher.java:340)
	at com.evermind.server.http.HttpRequestHandler.processRequest(HttpRequestHandler.java:830)
	at com.evermind.server.http.HttpRequestHandler.run(HttpRequestHandler.java:285)
	at com.evermind.server.http.HttpRequestHandler.run(HttpRequestHandler.java:126)
	at com.evermind.util.ReleasableResourcePooledExecutor$MyWorker.run(ReleasableResourcePooledExecutor.java:192)
	at java.lang.Thread.run(Thread.java:534)

11/02/25 19:12:56 fiduciaweb: OracleJSP:
<HTML><BODY>
<P> <H2  ALIGN=CENTER>Error JSP:</H2> <HR  ALIGN=CENTER> <P>
<P><H3>URI de Solicitud:/fiduciaweb/opciones_2.jsp</H3><P>
<H3>Excepción:</H3>java.lang.IllegalArgumentException: Attempted to write longer than Content-Length (7545 + 5240 / 7545)
	at com.evermind.server.http.EvermindServletOutputStream.write(EvermindServletOutputStream.java:177)
	at com.evermind.server.http.EvermindJSPWriter.writeOut(EvermindJSPWriter.java:481)
	at com.evermind.server.http.EvermindJSPWriter.jspflush(EvermindJSPWriter.java:398)
	at com.evermind.server.http.EvermindJSPWriter.close(EvermindJSPWriter.java:369)
	at oracle.jsp.runtime.OracleJspRuntime.extraHandlePCFinally(OracleJspRuntime.java:1398)
	at _opciones__2._jspService(opciones_2.jsp:285)
	[/opciones_2.jsp]
	at com.orionserver.http.OrionHttpJspPage.service(OrionHttpJspPage.java:56)
	at oracle.jsp.runtimev2.JspPageTable.service(JspPageTable.java:356)
	at oracle.jsp.runtimev2.JspServlet.internalService(JspServlet.java:498)
	at oracle.jsp.runtimev2.JspServlet.service(JspServlet.java:402)
	at javax.servlet.http.HttpServlet.service(HttpServlet.java:853)
	at com.evermind.server.http.ResourceFilterChain.doFilter(ResourceFilterChain.java:65)
	at oracle.security.jazn.oc4j.JAZNFilter.doFilter(Unknown Source)
	at com.evermind.server.http.ServletRequestDispatcher.invoke(ServletRequestDispatcher.java:673)
	at com.evermind.server.http.ServletRequestDispatcher.forwardInternal(ServletRequestDispatcher.java:340)
	at com.evermind.server.http.HttpRequestHandler.processRequest(HttpRequestHandler.java:830)
	at com.evermind.server.http.HttpRequestHandler.run(HttpRequestHandler.java:285)
	at com.evermind.server.http.HttpRequestHandler.run(HttpRequestHandler.java:126)
	at com.evermind.util.ReleasableResourcePooledExecutor$MyWorker.run(ReleasableResourcePooledExecutor.java:192)
	at java.lang.Thread.run(Thread.java:534)

<P><P><HR ALIGN=CENTER>
</HTML></BODY>

11/02/25 19:13:50 fiduciaweb: JspServlet: No se ha podido distribuir a la página solicitada: java.lang.IllegalArgumentException: Attempted to write longer than Content-Length (7545 + 5240 / 7545)
	at com.evermind.server.http.EvermindServletOutputStream.write(EvermindServletOutputStream.java:177)
	at com.evermind.server.http.EvermindJSPWriter.writeOut(EvermindJSPWriter.java:481)
	at com.evermind.server.http.EvermindJSPWriter.jspflush(EvermindJSPWriter.java:398)
	at com.evermind.server.http.EvermindJSPWriter.close(EvermindJSPWriter.java:369)
	at oracle.jsp.runtime.OracleJspRuntime.extraHandlePCFinally(OracleJspRuntime.java:1398)
	at _opciones__2._jspService(opciones_2.jsp:285)
	at com.orionserver.http.OrionHttpJspPage.service(OrionHttpJspPage.java:56)
	at oracle.jsp.runtimev2.JspPageTable.service(JspPageTable.java:356)
	at oracle.jsp.runtimev2.JspServlet.internalService(JspServlet.java:498)
	at oracle.jsp.runtimev2.JspServlet.service(JspServlet.java:402)
	at javax.servlet.http.HttpServlet.service(HttpServlet.java:853)
	at com.evermind.server.http.ResourceFilterChain.doFilter(ResourceFilterChain.java:65)
	at oracle.security.jazn.oc4j.JAZNFilter.doFilter(Unknown Source)
	at com.evermind.server.http.ServletRequestDispatcher.invoke(ServletRequestDispatcher.java:673)
	at com.evermind.server.http.ServletRequestDispatcher.forwardInternal(ServletRequestDispatcher.java:340)
	at com.evermind.server.http.HttpRequestHandler.processRequest(HttpRequestHandler.java:830)
	at com.evermind.server.http.HttpRequestHandler.run(HttpRequestHandler.java:285)
	at com.evermind.server.http.HttpRequestHandler.run(HttpRequestHandler.java:126)
	at com.evermind.util.ReleasableResourcePooledExecutor$MyWorker.run(ReleasableResourcePooledExecutor.java:192)
	at java.lang.Thread.run(Thread.java:534)

11/02/25 19:13:50 fiduciaweb: OracleJSP:
<HTML><BODY>
<P> <H2  ALIGN=CENTER>Error JSP:</H2> <HR  ALIGN=CENTER> <P>
<P><H3>URI de Solicitud:/fiduciaweb/opciones_2.jsp</H3><P>
<H3>Excepción:</H3>java.lang.IllegalArgumentException: Attempted to write longer than Content-Length (7545 + 5240 / 7545)
	at com.evermind.server.http.EvermindServletOutputStream.write(EvermindServletOutputStream.java:177)
	at com.evermind.server.http.EvermindJSPWriter.writeOut(EvermindJSPWriter.java:481)
	at com.evermind.server.http.EvermindJSPWriter.jspflush(EvermindJSPWriter.java:398)
	at com.evermind.server.http.EvermindJSPWriter.close(EvermindJSPWriter.java:369)
	at oracle.jsp.runtime.OracleJspRuntime.extraHandlePCFinally(OracleJspRuntime.java:1398)
	at _opciones__2._jspService(opciones_2.jsp:285)
	[/opciones_2.jsp]
	at com.orionserver.http.OrionHttpJspPage.service(OrionHttpJspPage.java:56)
	at oracle.jsp.runtimev2.JspPageTable.service(JspPageTable.java:356)
	at oracle.jsp.runtimev2.JspServlet.internalService(JspServlet.java:498)
	at oracle.jsp.runtimev2.JspServlet.service(JspServlet.java:402)
	at javax.servlet.http.HttpServlet.service(HttpServlet.java:853)
	at com.evermind.server.http.ResourceFilterChain.doFilter(ResourceFilterChain.java:65)
	at oracle.security.jazn.oc4j.JAZNFilter.doFilter(Unknown Source)
	at com.evermind.server.http.ServletRequestDispatcher.invoke(ServletRequestDispatcher.java:673)
	at com.evermind.server.http.ServletRequestDispatcher.forwardInternal(ServletRequestDispatcher.java:340)
	at com.evermind.server.http.HttpRequestHandler.processRequest(HttpRequestHandler.java:830)
	at com.evermind.server.http.HttpRequestHandler.run(HttpRequestHandler.java:285)
	at com.evermind.server.http.HttpRequestHandler.run(HttpRequestHandler.java:126)
	at com.evermind.util.ReleasableResourcePooledExecutor$MyWorker.run(ReleasableResourcePooledExecutor.java:192)
	at java.lang.Thread.run(Thread.java:534)

<P><P><HR ALIGN=CENTER>
</HTML></BODY>

11/02/25 19:22:37 fiduciaweb: JspServlet: No se ha podido distribuir a la página solicitada: java.lang.IllegalArgumentException: Attempted to write longer than Content-Length (7545 + 5406 / 7545)
	at com.evermind.server.http.EvermindServletOutputStream.write(EvermindServletOutputStream.java:177)
	at com.evermind.server.http.EvermindJSPWriter.writeOut(EvermindJSPWriter.java:481)
	at com.evermind.server.http.EvermindJSPWriter.jspflush(EvermindJSPWriter.java:398)
	at com.evermind.server.http.EvermindJSPWriter.close(EvermindJSPWriter.java:369)
	at oracle.jsp.runtime.OracleJspRuntime.extraHandlePCFinally(OracleJspRuntime.java:1398)
	at _opciones__2._jspService(opciones_2.jsp:285)
	at com.orionserver.http.OrionHttpJspPage.service(OrionHttpJspPage.java:56)
	at oracle.jsp.runtimev2.JspPageTable.service(JspPageTable.java:356)
	at oracle.jsp.runtimev2.JspServlet.internalService(JspServlet.java:498)
	at oracle.jsp.runtimev2.JspServlet.service(JspServlet.java:402)
	at javax.servlet.http.HttpServlet.service(HttpServlet.java:853)
	at com.evermind.server.http.ResourceFilterChain.doFilter(ResourceFilterChain.java:65)
	at oracle.security.jazn.oc4j.JAZNFilter.doFilter(Unknown Source)
	at com.evermind.server.http.ServletRequestDispatcher.invoke(ServletRequestDispatcher.java:673)
	at com.evermind.server.http.ServletRequestDispatcher.forwardInternal(ServletRequestDispatcher.java:340)
	at com.evermind.server.http.HttpRequestHandler.processRequest(HttpRequestHandler.java:830)
	at com.evermind.server.http.HttpRequestHandler.run(HttpRequestHandler.java:285)
	at com.evermind.server.http.HttpRequestHandler.run(HttpRequestHandler.java:126)
	at com.evermind.util.ReleasableResourcePooledExecutor$MyWorker.run(ReleasableResourcePooledExecutor.java:192)
	at java.lang.Thread.run(Thread.java:534)

11/02/25 19:22:37 fiduciaweb: OracleJSP:
<HTML><BODY>
<P> <H2  ALIGN=CENTER>Error JSP:</H2> <HR  ALIGN=CENTER> <P>
<P><H3>URI de Solicitud:/fiduciaweb/opciones_2.jsp</H3><P>
<H3>Excepción:</H3>java.lang.IllegalArgumentException: Attempted to write longer than Content-Length (7545 + 5406 / 7545)
	at com.evermind.server.http.EvermindServletOutputStream.write(EvermindServletOutputStream.java:177)
	at com.evermind.server.http.EvermindJSPWriter.writeOut(EvermindJSPWriter.java:481)
	at com.evermind.server.http.EvermindJSPWriter.jspflush(EvermindJSPWriter.java:398)
	at com.evermind.server.http.EvermindJSPWriter.close(EvermindJSPWriter.java:369)
	at oracle.jsp.runtime.OracleJspRuntime.extraHandlePCFinally(OracleJspRuntime.java:1398)
	at _opciones__2._jspService(opciones_2.jsp:285)
	[SRC:/opciones_2.jsp]
	at com.orionserver.http.OrionHttpJspPage.service(OrionHttpJspPage.java:56)
	at oracle.jsp.runtimev2.JspPageTable.service(JspPageTable.java:356)
	at oracle.jsp.runtimev2.JspServlet.internalService(JspServlet.java:498)
	at oracle.jsp.runtimev2.JspServlet.service(JspServlet.java:402)
	at javax.servlet.http.HttpServlet.service(HttpServlet.java:853)
	at com.evermind.server.http.ResourceFilterChain.doFilter(ResourceFilterChain.java:65)
	at oracle.security.jazn.oc4j.JAZNFilter.doFilter(Unknown Source)
	at com.evermind.server.http.ServletRequestDispatcher.invoke(ServletRequestDispatcher.java:673)
	at com.evermind.server.http.ServletRequestDispatcher.forwardInternal(ServletRequestDispatcher.java:340)
	at com.evermind.server.http.HttpRequestHandler.processRequest(HttpRequestHandler.java:830)
	at com.evermind.server.http.HttpRequestHandler.run(HttpRequestHandler.java:285)
	at com.evermind.server.http.HttpRequestHandler.run(HttpRequestHandler.java:126)
	at com.evermind.util.ReleasableResourcePooledExecutor$MyWorker.run(ReleasableResourcePooledExecutor.java:192)
	at java.lang.Thread.run(Thread.java:534)

<P><P><HR ALIGN=CENTER>
</HTML></BODY>

11/02/25 19:30:23 Started
11/02/25 19:30:25 fiduciaweb: JDevOJSP: init
11/02/25 19:30:25 fiduciaweb: Started
11/02/25 19:33:37 fiduciaweb: JspServlet: No se ha podido distribuir a la página solicitada: java.lang.IllegalArgumentException: Attempted to write longer than Content-Length (7545 + 5406 / 7545)
	at com.evermind.server.http.EvermindServletOutputStream.write(EvermindServletOutputStream.java:177)
	at com.evermind.server.http.EvermindJSPWriter.writeOut(EvermindJSPWriter.java:481)
	at com.evermind.server.http.EvermindJSPWriter.jspflush(EvermindJSPWriter.java:398)
	at com.evermind.server.http.EvermindJSPWriter.close(EvermindJSPWriter.java:369)
	at oracle.jsp.runtime.OracleJspRuntime.extraHandlePCFinally(OracleJspRuntime.java:1398)
	at _opciones__2._jspService(opciones_2.jsp:286)
	at com.orionserver.http.OrionHttpJspPage.service(OrionHttpJspPage.java:56)
	at oracle.jsp.runtimev2.JspPageTable.compileAndServe(JspPageTable.java:575)
	at oracle.jsp.runtimev2.JspPageTable.service(JspPageTable.java:311)
	at oracle.jsp.runtimev2.JspServlet.internalService(JspServlet.java:498)
	at oracle.jsp.runtimev2.JspServlet.service(JspServlet.java:402)
	at javax.servlet.http.HttpServlet.service(HttpServlet.java:853)
	at com.evermind.server.http.ResourceFilterChain.doFilter(ResourceFilterChain.java:65)
	at oracle.security.jazn.oc4j.JAZNFilter.doFilter(Unknown Source)
	at com.evermind.server.http.ServletRequestDispatcher.invoke(ServletRequestDispatcher.java:673)
	at com.evermind.server.http.ServletRequestDispatcher.forwardInternal(ServletRequestDispatcher.java:340)
	at com.evermind.server.http.HttpRequestHandler.processRequest(HttpRequestHandler.java:830)
	at com.evermind.server.http.HttpRequestHandler.run(HttpRequestHandler.java:285)
	at com.evermind.server.http.HttpRequestHandler.run(HttpRequestHandler.java:126)
	at com.evermind.util.ReleasableResourcePooledExecutor$MyWorker.run(ReleasableResourcePooledExecutor.java:192)
	at java.lang.Thread.run(Thread.java:534)

11/02/25 19:33:37 fiduciaweb: OracleJSP:
<HTML><BODY>
<P> <H2  ALIGN=CENTER>Error JSP:</H2> <HR  ALIGN=CENTER> <P>
<P><H3>URI de Solicitud:/fiduciaweb/opciones_2.jsp</H3><P>
<H3>Excepción:</H3>java.lang.IllegalArgumentException: Attempted to write longer than Content-Length (7545 + 5406 / 7545)
	at com.evermind.server.http.EvermindServletOutputStream.write(EvermindServletOutputStream.java:177)
	at com.evermind.server.http.EvermindJSPWriter.writeOut(EvermindJSPWriter.java:481)
	at com.evermind.server.http.EvermindJSPWriter.jspflush(EvermindJSPWriter.java:398)
	at com.evermind.server.http.EvermindJSPWriter.close(EvermindJSPWriter.java:369)
	at oracle.jsp.runtime.OracleJspRuntime.extraHandlePCFinally(OracleJspRuntime.java:1398)
	at _opciones__2._jspService(opciones_2.jsp:286)
	[SRC:/opciones_2.jsp:52]
	at com.orionserver.http.OrionHttpJspPage.service(OrionHttpJspPage.java:56)
	at oracle.jsp.runtimev2.JspPageTable.compileAndServe(JspPageTable.java:575)
	at oracle.jsp.runtimev2.JspPageTable.service(JspPageTable.java:311)
	at oracle.jsp.runtimev2.JspServlet.internalService(JspServlet.java:498)
	at oracle.jsp.runtimev2.JspServlet.service(JspServlet.java:402)
	at javax.servlet.http.HttpServlet.service(HttpServlet.java:853)
	at com.evermind.server.http.ResourceFilterChain.doFilter(ResourceFilterChain.java:65)
	at oracle.security.jazn.oc4j.JAZNFilter.doFilter(Unknown Source)
	at com.evermind.server.http.ServletRequestDispatcher.invoke(ServletRequestDispatcher.java:673)
	at com.evermind.server.http.ServletRequestDispatcher.forwardInternal(ServletRequestDispatcher.java:340)
	at com.evermind.server.http.HttpRequestHandler.processRequest(HttpRequestHandler.java:830)
	at com.evermind.server.http.HttpRequestHandler.run(HttpRequestHandler.java:285)
	at com.evermind.server.http.HttpRequestHandler.run(HttpRequestHandler.java:126)
	at com.evermind.util.ReleasableResourcePooledExecutor$MyWorker.run(ReleasableResourcePooledExecutor.java:192)
	at java.lang.Thread.run(Thread.java:534)

<P><P><HR ALIGN=CENTER>
</HTML></BODY>

11/02/25 19:35:04 fiduciaweb: JspServlet: No se ha podido distribuir a la página solicitada: java.lang.IllegalArgumentException: Attempted to write longer than Content-Length (7545 + 5240 / 7545)
	at com.evermind.server.http.EvermindServletOutputStream.write(EvermindServletOutputStream.java:177)
	at com.evermind.server.http.EvermindJSPWriter.writeOut(EvermindJSPWriter.java:481)
	at com.evermind.server.http.EvermindJSPWriter.jspflush(EvermindJSPWriter.java:398)
	at com.evermind.server.http.EvermindJSPWriter.close(EvermindJSPWriter.java:369)
	at oracle.jsp.runtime.OracleJspRuntime.extraHandlePCFinally(OracleJspRuntime.java:1398)
	at _opciones__2._jspService(opciones_2.jsp:286)
	at com.orionserver.http.OrionHttpJspPage.service(OrionHttpJspPage.java:56)
	at oracle.jsp.runtimev2.JspPageTable.compileAndServe(JspPageTable.java:575)
	at oracle.jsp.runtimev2.JspPageTable.service(JspPageTable.java:311)
	at oracle.jsp.runtimev2.JspServlet.internalService(JspServlet.java:498)
	at oracle.jsp.runtimev2.JspServlet.service(JspServlet.java:402)
	at javax.servlet.http.HttpServlet.service(HttpServlet.java:853)
	at com.evermind.server.http.ResourceFilterChain.doFilter(ResourceFilterChain.java:65)
	at oracle.security.jazn.oc4j.JAZNFilter.doFilter(Unknown Source)
	at com.evermind.server.http.ServletRequestDispatcher.invoke(ServletRequestDispatcher.java:673)
	at com.evermind.server.http.ServletRequestDispatcher.forwardInternal(ServletRequestDispatcher.java:340)
	at com.evermind.server.http.HttpRequestHandler.processRequest(HttpRequestHandler.java:830)
	at com.evermind.server.http.HttpRequestHandler.run(HttpRequestHandler.java:285)
	at com.evermind.server.http.HttpRequestHandler.run(HttpRequestHandler.java:126)
	at com.evermind.util.ReleasableResourcePooledExecutor$MyWorker.run(ReleasableResourcePooledExecutor.java:186)
	at java.lang.Thread.run(Thread.java:534)

11/02/25 19:35:04 fiduciaweb: OracleJSP:
<HTML><BODY>
<P> <H2  ALIGN=CENTER>Error JSP:</H2> <HR  ALIGN=CENTER> <P>
<P><H3>URI de Solicitud:/fiduciaweb/opciones_2.jsp</H3><P>
<H3>Excepción:</H3>java.lang.IllegalArgumentException: Attempted to write longer than Content-Length (7545 + 5240 / 7545)
	at com.evermind.server.http.EvermindServletOutputStream.write(EvermindServletOutputStream.java:177)
	at com.evermind.server.http.EvermindJSPWriter.writeOut(EvermindJSPWriter.java:481)
	at com.evermind.server.http.EvermindJSPWriter.jspflush(EvermindJSPWriter.java:398)
	at com.evermind.server.http.EvermindJSPWriter.close(EvermindJSPWriter.java:369)
	at oracle.jsp.runtime.OracleJspRuntime.extraHandlePCFinally(OracleJspRuntime.java:1398)
	at _opciones__2._jspService(opciones_2.jsp:286)
	[SRC:/opciones_2.jsp:52]
	at com.orionserver.http.OrionHttpJspPage.service(OrionHttpJspPage.java:56)
	at oracle.jsp.runtimev2.JspPageTable.compileAndServe(JspPageTable.java:575)
	at oracle.jsp.runtimev2.JspPageTable.service(JspPageTable.java:311)
	at oracle.jsp.runtimev2.JspServlet.internalService(JspServlet.java:498)
	at oracle.jsp.runtimev2.JspServlet.service(JspServlet.java:402)
	at javax.servlet.http.HttpServlet.service(HttpServlet.java:853)
	at com.evermind.server.http.ResourceFilterChain.doFilter(ResourceFilterChain.java:65)
	at oracle.security.jazn.oc4j.JAZNFilter.doFilter(Unknown Source)
	at com.evermind.server.http.ServletRequestDispatcher.invoke(ServletRequestDispatcher.java:673)
	at com.evermind.server.http.ServletRequestDispatcher.forwardInternal(ServletRequestDispatcher.java:340)
	at com.evermind.server.http.HttpRequestHandler.processRequest(HttpRequestHandler.java:830)
	at com.evermind.server.http.HttpRequestHandler.run(HttpRequestHandler.java:285)
	at com.evermind.server.http.HttpRequestHandler.run(HttpRequestHandler.java:126)
	at com.evermind.util.ReleasableResourcePooledExecutor$MyWorker.run(ReleasableResourcePooledExecutor.java:186)
	at java.lang.Thread.run(Thread.java:534)

<P><P><HR ALIGN=CENTER>
</HTML></BODY>

11/03/02 18:31:37 Started
11/03/02 18:31:39 fiduciaweb: JDevOJSP: init
11/03/02 18:31:39 fiduciaweb: Started
11/03/02 18:59:51 Started
11/03/02 18:59:53 fiduciaweb: JDevOJSP: init
11/03/02 18:59:53 fiduciaweb: Started
11/03/02 19:30:54 Started
11/03/02 19:30:56 fiduciaweb: JDevOJSP: init
11/03/02 19:30:56 fiduciaweb: Started
11/03/02 19:31:43 fiduciaweb: Servlet error
java.lang.NumberFormatException: For input string: "Selecciona un Contrato"
	at java.lang.NumberFormatException.forInputString(NumberFormatException.java:48)
	at java.lang.Integer.parseInt(Integer.java:468)
	at java.lang.Integer.parseInt(Integer.java:518)
	at _FI__Instruccion2._jspService(FI_Instruccion2.jsp:158)
	at com.orionserver[Oracle Application Server Containers for J2EE 10g (10.1.2.2.0)].http.OrionHttpJspPage.service(OrionHttpJspPage.java:56)
	at oracle.jsp.runtimev2.JspPageTable.service(JspPageTable.java:356)
	at oracle.jsp.runtimev2.JspServlet.internalService(JspServlet.java:498)
	at oracle.jsp.runtimev2.JspServlet.service(JspServlet.java:402)
	at javax.servlet.http.HttpServlet.service(HttpServlet.java:853)
	at com.evermind[Oracle Application Server Containers for J2EE 10g (10.1.2.2.0)].server.http.ResourceFilterChain.doFilter(ResourceFilterChain.java:65)
	at oracle.security.jazn.oc4j.JAZNFilter.doFilter(Unknown Source)
	at com.evermind[Oracle Application Server Containers for J2EE 10g (10.1.2.2.0)].server.http.ServletRequestDispatcher.invoke(ServletRequestDispatcher.java:673)
	at com.evermind[Oracle Application Server Containers for J2EE 10g (10.1.2.2.0)].server.http.ServletRequestDispatcher.forwardInternal(ServletRequestDispatcher.java:340)
	at com.evermind[Oracle Application Server Containers for J2EE 10g (10.1.2.2.0)].server.http.HttpRequestHandler.processRequest(HttpRequestHandler.java:830)
	at com.evermind[Oracle Application Server Containers for J2EE 10g (10.1.2.2.0)].server.http.HttpRequestHandler.run(HttpRequestHandler.java:285)
	at com.evermind[Oracle Application Server Containers for J2EE 10g (10.1.2.2.0)].server.http.HttpRequestHandler.run(HttpRequestHandler.java:126)
	at com.evermind[Oracle Application Server Containers for J2EE 10g (10.1.2.2.0)].util.ReleasableResourcePooledExecutor$MyWorker.run(ReleasableResourcePooledExecutor.java:192)
	at java.lang.Thread.run(Thread.java:534)
11/03/02 19:49:37 Started
11/03/02 19:49:39 fiduciaweb: JDevOJSP: init
11/03/02 19:49:39 fiduciaweb: Started
11/03/02 19:55:06 fiduciaweb: Connection reset by peer: socket write error
11/03/02 19:55:06 fiduciaweb: Connection reset by peer: socket write error
11/03/02 19:55:06 fiduciaweb: Connection reset by peer: socket write error
11/03/02 19:55:06 fiduciaweb: Connection reset by peer: socket write error
11/03/02 19:55:09 fiduciaweb: Servlet error
java.lang.NumberFormatException: For input string: "Selecciona un Contrato"
	at java.lang.NumberFormatException.forInputString(NumberFormatException.java:48)
	at java.lang.Integer.parseInt(Integer.java:468)
	at java.lang.Integer.parseInt(Integer.java:518)
	at _FI__Instruccion2._jspService(FI_Instruccion2.jsp:158)
	at com.orionserver[Oracle Application Server Containers for J2EE 10g (10.1.2.2.0)].http.OrionHttpJspPage.service(OrionHttpJspPage.java:56)
	at oracle.jsp.runtimev2.JspPageTable.service(JspPageTable.java:356)
	at oracle.jsp.runtimev2.JspServlet.internalService(JspServlet.java:498)
	at oracle.jsp.runtimev2.JspServlet.service(JspServlet.java:402)
	at javax.servlet.http.HttpServlet.service(HttpServlet.java:853)
	at com.evermind[Oracle Application Server Containers for J2EE 10g (10.1.2.2.0)].server.http.ResourceFilterChain.doFilter(ResourceFilterChain.java:65)
	at oracle.security.jazn.oc4j.JAZNFilter.doFilter(Unknown Source)
	at com.evermind[Oracle Application Server Containers for J2EE 10g (10.1.2.2.0)].server.http.ServletRequestDispatcher.invoke(ServletRequestDispatcher.java:673)
	at com.evermind[Oracle Application Server Containers for J2EE 10g (10.1.2.2.0)].server.http.ServletRequestDispatcher.forwardInternal(ServletRequestDispatcher.java:340)
	at com.evermind[Oracle Application Server Containers for J2EE 10g (10.1.2.2.0)].server.http.HttpRequestHandler.processRequest(HttpRequestHandler.java:830)
	at com.evermind[Oracle Application Server Containers for J2EE 10g (10.1.2.2.0)].server.http.HttpRequestHandler.run(HttpRequestHandler.java:285)
	at com.evermind[Oracle Application Server Containers for J2EE 10g (10.1.2.2.0)].server.http.HttpRequestHandler.run(HttpRequestHandler.java:126)
	at com.evermind[Oracle Application Server Containers for J2EE 10g (10.1.2.2.0)].util.ReleasableResourcePooledExecutor$MyWorker.run(ReleasableResourcePooledExecutor.java:192)
	at java.lang.Thread.run(Thread.java:534)
11/03/02 20:08:11 Started
11/03/02 20:08:13 fiduciaweb: JDevOJSP: init
11/03/02 20:08:13 fiduciaweb: Started
11/03/02 20:13:42 Started
11/03/02 20:13:45 fiduciaweb: JDevOJSP: init
11/03/02 20:13:45 fiduciaweb: Started
11/03/02 20:42:34 Started
11/03/02 20:42:38 fiduciaweb: JDevOJSP: init
11/03/02 20:42:38 fiduciaweb: Started
11/03/02 21:11:51 Started
11/03/02 21:11:56 fiduciaweb: JDevOJSP: init
11/03/02 21:11:56 fiduciaweb: Started
11/03/02 21:14:29 Started
11/03/02 21:14:33 fiduciaweb: JDevOJSP: init
11/03/02 21:14:33 fiduciaweb: Started
11/03/02 21:25:32 Started
11/03/02 21:25:34 fiduciaweb: JDevOJSP: init
11/03/02 21:25:34 fiduciaweb: Started
11/03/02 22:11:57 Started
11/03/02 22:11:59 fiduciaweb: JDevOJSP: init
11/03/02 22:11:59 fiduciaweb: Started
11/03/02 22:13:24 Started
11/03/02 22:13:26 fiduciaweb: JDevOJSP: init
11/03/02 22:13:26 fiduciaweb: Started
11/03/22 19:38:42 Started
11/03/22 19:38:44 fiduciaweb: JDevOJSP: init
11/03/22 19:38:44 fiduciaweb: Started
11/03/22 19:39:34 fiduciaweb: Connection reset by peer: socket write error
11/03/22 19:39:34 fiduciaweb: Connection reset by peer: socket write error
11/03/22 19:39:34 fiduciaweb: Connection reset by peer: socket write error
11/03/22 19:39:34 fiduciaweb: Connection reset by peer: socket write error
11/03/22 19:40:12 Started
11/03/22 19:40:15 fiduciaweb: JDevOJSP: init
11/03/22 19:40:15 fiduciaweb: Started
11/03/30 20:58:14 Started
11/03/30 20:58:18 fiduciaweb: JDevOJSP: init
11/03/30 20:58:18 fiduciaweb: Started
11/03/30 21:12:31 Started
11/03/30 21:12:34 fiduciaweb: JDevOJSP: init
11/03/30 21:12:34 fiduciaweb: Started
11/05/10 16:28:14 Started
11/05/10 16:28:16 fiduciaweb: JDevOJSP: init
11/05/10 16:28:16 fiduciaweb: Started
11/05/10 16:37:20 Started
11/05/10 16:37:24 fiduciaweb: JDevOJSP: init
11/05/10 16:37:24 fiduciaweb: Started
11/05/10 16:46:15 Started
11/05/10 16:46:18 fiduciaweb: JDevOJSP: init
11/05/10 16:46:18 fiduciaweb: Started
11/05/10 19:41:47 Started
11/05/10 19:41:53 fiduciaweb: JDevOJSP: init
11/05/10 19:41:53 fiduciaweb: Started
11/05/10 21:39:06 Started
11/05/10 21:39:09 fiduciaweb: JDevOJSP: init
11/05/10 21:39:09 fiduciaweb: Started
11/05/10 21:48:24 Started
11/05/10 21:48:27 fiduciaweb: JDevOJSP: init
11/05/10 21:48:27 fiduciaweb: Started
11/05/10 22:01:34 Started
11/05/10 22:01:40 fiduciaweb: JDevOJSP: init
11/05/10 22:01:40 fiduciaweb: Started
11/05/10 22:03:45 fiduciaweb: Connection reset by peer: socket write error
11/05/10 22:03:46 fiduciaweb: Connection reset by peer: socket write error
11/05/10 22:03:46 fiduciaweb: Connection reset by peer: socket write error
11/05/10 22:03:46 fiduciaweb: Connection reset by peer: socket write error
11/05/10 22:03:46 fiduciaweb: Connection reset by peer: socket write error
11/05/13 16:59:37 Started
11/05/13 16:59:47 fiduciaweb: JDevOJSP: init
11/05/13 16:59:47 fiduciaweb: Started
11/06/07 19:36:06 Started
11/06/07 19:36:09 fiduciaweb: JDevOJSP: init
11/06/07 19:36:09 fiduciaweb: Started
11/06/07 19:36:44 fiduciaweb: Servlet error
java.util.MissingResourceException: Can't find bundle for base name FiduciaBDParams, locale es_ES
	at java.util.ResourceBundle.throwMissingResourceException(ResourceBundle.java:839)
	at java.util.ResourceBundle.getBundleImpl(ResourceBundle.java:808)
	at java.util.ResourceBundle.getBundle(ResourceBundle.java:552)
	at com.bancomext.negocio.nFiducia.<init>(nFiducia.java:64)
	at com.bancomext.negocio.FiduciaBD.<init>(FiduciaBD.java:14)
	at _FI__ValidUser._jspService(FI_ValidUser.jsp:8)
	at com.orionserver[Oracle Application Server Containers for J2EE 10g (10.1.2.2.0)].http.OrionHttpJspPage.service(OrionHttpJspPage.java:56)
	at oracle.jsp.runtimev2.JspPageTable.service(JspPageTable.java:356)
	at oracle.jsp.runtimev2.JspServlet.internalService(JspServlet.java:498)
	at oracle.jsp.runtimev2.JspServlet.service(JspServlet.java:402)
	at javax.servlet.http.HttpServlet.service(HttpServlet.java:853)
	at com.evermind[Oracle Application Server Containers for J2EE 10g (10.1.2.2.0)].server.http.ResourceFilterChain.doFilter(ResourceFilterChain.java:65)
	at oracle.security.jazn.oc4j.JAZNFilter.doFilter(Unknown Source)
	at com.evermind[Oracle Application Server Containers for J2EE 10g (10.1.2.2.0)].server.http.ServletRequestDispatcher.invoke(ServletRequestDispatcher.java:673)
	at com.evermind[Oracle Application Server Containers for J2EE 10g (10.1.2.2.0)].server.http.ServletRequestDispatcher.forwardInternal(ServletRequestDispatcher.java:340)
	at com.evermind[Oracle Application Server Containers for J2EE 10g (10.1.2.2.0)].server.http.HttpRequestHandler.processRequest(HttpRequestHandler.java:830)
	at com.evermind[Oracle Application Server Containers for J2EE 10g (10.1.2.2.0)].server.http.HttpRequestHandler.run(HttpRequestHandler.java:285)
	at com.evermind[Oracle Application Server Containers for J2EE 10g (10.1.2.2.0)].server.http.HttpRequestHandler.run(HttpRequestHandler.java:126)
	at com.evermind[Oracle Application Server Containers for J2EE 10g (10.1.2.2.0)].util.ReleasableResourcePooledExecutor$MyWorker.run(ReleasableResourcePooledExecutor.java:192)
	at java.lang.Thread.run(Thread.java:534)
11/08/17 17:58:34 Started
11/08/17 17:58:39 fiduciaweb: JDevOJSP: init
11/08/17 17:58:39 fiduciaweb: Started
11/08/17 17:59:08 fiduciaweb: Servlet error
java.util.MissingResourceException: Can't find bundle for base name FiduciaBDParams, locale es_ES
	at java.util.ResourceBundle.throwMissingResourceException(ResourceBundle.java:839)
	at java.util.ResourceBundle.getBundleImpl(ResourceBundle.java:808)
	at java.util.ResourceBundle.getBundle(ResourceBundle.java:552)
	at com.bancomext.negocio.nFiducia.<init>(nFiducia.java:64)
	at com.bancomext.negocio.FiduciaBD.<init>(FiduciaBD.java:14)
	at _FI__ValidUser._jspService(FI_ValidUser.jsp:8)
	at com.orionserver[Oracle Application Server Containers for J2EE 10g (10.1.2.2.0)].http.OrionHttpJspPage.service(OrionHttpJspPage.java:56)
	at oracle.jsp.runtimev2.JspPageTable.service(JspPageTable.java:356)
	at oracle.jsp.runtimev2.JspServlet.internalService(JspServlet.java:498)
	at oracle.jsp.runtimev2.JspServlet.service(JspServlet.java:402)
	at javax.servlet.http.HttpServlet.service(HttpServlet.java:853)
	at com.evermind[Oracle Application Server Containers for J2EE 10g (10.1.2.2.0)].server.http.ResourceFilterChain.doFilter(ResourceFilterChain.java:65)
	at oracle.security.jazn.oc4j.JAZNFilter.doFilter(Unknown Source)
	at com.evermind[Oracle Application Server Containers for J2EE 10g (10.1.2.2.0)].server.http.ServletRequestDispatcher.invoke(ServletRequestDispatcher.java:673)
	at com.evermind[Oracle Application Server Containers for J2EE 10g (10.1.2.2.0)].server.http.ServletRequestDispatcher.forwardInternal(ServletRequestDispatcher.java:340)
	at com.evermind[Oracle Application Server Containers for J2EE 10g (10.1.2.2.0)].server.http.HttpRequestHandler.processRequest(HttpRequestHandler.java:830)
	at com.evermind[Oracle Application Server Containers for J2EE 10g (10.1.2.2.0)].server.http.HttpRequestHandler.run(HttpRequestHandler.java:285)
	at com.evermind[Oracle Application Server Containers for J2EE 10g (10.1.2.2.0)].server.http.HttpRequestHandler.run(HttpRequestHandler.java:126)
	at com.evermind[Oracle Application Server Containers for J2EE 10g (10.1.2.2.0)].util.ReleasableResourcePooledExecutor$MyWorker.run(ReleasableResourcePooledExecutor.java:192)
	at java.lang.Thread.run(Thread.java:534)
11/08/17 18:00:43 Started
11/08/17 18:00:45 fiduciaweb: JDevOJSP: init
11/08/17 18:00:45 fiduciaweb: Started
11/08/17 18:08:15 Started
11/08/17 18:08:18 fiduciaweb: JDevOJSP: init
11/08/17 18:08:18 fiduciaweb: Started
11/08/17 18:10:57 Started
11/08/17 18:11:01 fiduciaweb: JDevOJSP: init
11/08/17 18:11:01 fiduciaweb: Started
11/08/17 18:20:44 Started
11/08/17 18:20:49 fiduciaweb: JDevOJSP: init
11/08/17 18:20:49 fiduciaweb: Started
11/08/17 18:25:08 Started
11/08/17 18:25:10 fiduciaweb: JDevOJSP: init
11/08/17 18:25:10 fiduciaweb: Started
11/08/17 18:36:20 Started
11/08/17 18:36:23 fiduciaweb: JDevOJSP: init
11/08/17 18:36:23 fiduciaweb: Started
11/08/17 18:43:21 Started
11/08/17 18:43:23 fiduciaweb: JDevOJSP: init
11/08/17 18:43:23 fiduciaweb: Started
11/09/27 16:40:44 Started
11/09/27 16:40:48 fiduciaweb: JDevOJSP: init
11/09/27 16:40:48 fiduciaweb: Started
11/09/27 16:43:08 Started
11/09/27 16:43:11 fiduciaweb: JDevOJSP: init
11/09/27 16:43:11 fiduciaweb: Started
12/03/30 08:23:35 Started
12/03/30 08:23:38 fiduciaweb: JDevOJSP: init
12/03/30 08:23:38 fiduciaweb: Started
12/04/03 04:22:18 Started
12/04/03 04:22:20 fiduciaweb: JDevOJSP: init
12/04/03 04:22:20 fiduciaweb: Started
12/04/03 04:22:20 fiduciaweb: Connection reset by peer: socket write error
12/04/03 04:22:20 fiduciaweb: Connection reset by peer: socket write error
12/04/03 04:22:20 fiduciaweb: Connection reset by peer: socket write error
12/04/03 04:22:20 fiduciaweb: Connection reset by peer: socket write error
12/04/03 04:24:20 fiduciaweb: Connection reset by peer: socket write error
12/04/03 04:24:20 fiduciaweb: Connection reset by peer: socket write error
12/04/03 04:24:20 fiduciaweb: Connection reset by peer: socket write error
12/04/03 04:24:20 fiduciaweb: Connection reset by peer: socket write error
12/04/03 04:24:29 fiduciaweb: Connection reset by peer: socket write error
12/04/03 04:27:04 fiduciaweb: Connection reset by peer: socket write error
12/04/03 04:27:07 fiduciaweb: Connection reset by peer: socket write error
12/04/03 04:27:19 fiduciaweb: Connection reset by peer: socket write error
12/04/03 04:27:19 fiduciaweb: Connection reset by peer: socket write error
12/04/03 04:27:49 fiduciaweb: Connection reset by peer: socket write error
12/04/03 04:28:14 fiduciaweb: Connection reset by peer: socket write error
12/04/03 04:28:14 fiduciaweb: Connection reset by peer: socket write error
12/04/03 04:28:17 fiduciaweb: Connection reset by peer: socket write error
12/04/03 04:28:58 fiduciaweb: Connection reset by peer: socket write error
12/04/03 04:28:58 fiduciaweb: Connection reset by peer: socket write error
12/04/03 04:28:58 fiduciaweb: Connection reset by peer: socket write error
12/04/03 04:29:52 fiduciaweb: Connection reset by peer: socket write error
12/04/03 04:32:19 fiduciaweb: Connection reset by peer: socket write error
12/04/03 04:32:19 fiduciaweb: Connection reset by peer: socket write error
12/04/03 04:33:40 Started
12/04/03 04:33:42 fiduciaweb: JDevOJSP: init
12/04/03 04:33:42 fiduciaweb: Started
12/04/03 04:34:07 fiduciaweb: Connection reset by peer: socket write error
12/04/03 04:34:09 fiduciaweb: Connection reset by peer: socket write error
12/04/03 04:34:09 fiduciaweb: Connection reset by peer: socket write error
12/04/03 04:34:09 fiduciaweb: Connection reset by peer: socket write error
12/04/03 04:34:09 fiduciaweb: Connection reset by peer: socket write error
12/04/03 04:34:19 fiduciaweb: Connection reset by peer: socket write error
12/04/03 04:34:24 fiduciaweb: Connection reset by peer: socket write error
12/04/03 04:34:24 fiduciaweb: Connection reset by peer: socket write error
12/04/03 04:34:24 fiduciaweb: Connection reset by peer: socket write error
12/04/03 04:34:28 fiduciaweb: Connection reset by peer: socket write error
12/04/03 04:34:31 fiduciaweb: Connection reset by peer: socket write error
12/04/03 04:34:31 fiduciaweb: Connection reset by peer: socket write error
12/04/03 04:36:09 fiduciaweb: Connection reset by peer: socket write error
12/04/03 04:38:02 fiduciaweb: Connection reset by peer: socket write error
12/04/03 04:38:04 fiduciaweb: Connection reset by peer: socket write error
12/04/03 04:43:06 Started
12/04/03 04:43:08 fiduciaweb: JDevOJSP: init
12/04/03 04:43:08 fiduciaweb: Started
12/04/03 04:43:08 fiduciaweb: Connection reset by peer: socket write error
12/04/03 04:43:08 fiduciaweb: Connection reset by peer: socket write error
12/04/03 04:43:08 fiduciaweb: Connection reset by peer: socket write error
12/04/03 04:43:08 fiduciaweb: Connection reset by peer: socket write error
12/04/03 04:43:08 fiduciaweb: Connection reset by peer: socket write error
12/04/03 04:43:35 fiduciaweb: Connection reset by peer: socket write error
12/04/03 04:44:22 fiduciaweb: Connection reset by peer: socket write error
12/04/03 04:44:42 fiduciaweb: Connection reset by peer: socket write error
12/04/03 04:44:42 fiduciaweb: Connection reset by peer: socket write error
12/04/03 04:44:42 fiduciaweb: Connection reset by peer: socket write error
12/04/03 04:44:42 fiduciaweb: Connection reset by peer: socket write error
12/04/03 04:44:52 fiduciaweb: Connection reset by peer: socket write error
12/04/03 04:45:20 fiduciaweb: Connection reset by peer: socket write error
12/04/03 04:46:01 fiduciaweb: Connection reset by peer: socket write error
12/04/03 04:46:02 fiduciaweb: Connection reset by peer: socket write error
12/04/03 04:46:09 fiduciaweb: Connection reset by peer: socket write error
12/04/03 04:46:09 fiduciaweb: Connection reset by peer: socket write error
12/04/03 04:46:09 fiduciaweb: Connection reset by peer: socket write error
12/04/03 04:46:09 fiduciaweb: Connection reset by peer: socket write error
12/04/03 04:46:33 fiduciaweb: Connection reset by peer: socket write error
12/04/03 04:46:48 fiduciaweb: Connection reset by peer: socket write error
12/04/03 05:00:31 fiduciaweb: Connection reset by peer: socket write error
12/04/03 05:02:21 fiduciaweb: Connection reset by peer: socket write error
12/04/04 17:45:31 Started
12/04/04 17:45:33 fiduciaweb: JDevOJSP: init
12/04/04 17:45:33 fiduciaweb: Started
12/04/04 17:45:33 fiduciaweb: Connection reset by peer: socket write error
12/04/04 17:45:33 fiduciaweb: Connection reset by peer: socket write error
12/04/04 17:45:33 fiduciaweb: Connection reset by peer: socket write error
12/04/04 17:45:33 fiduciaweb: Connection reset by peer: socket write error
12/04/04 17:45:33 fiduciaweb: Connection reset by peer: socket write error
12/05/02 05:19:08 Started
12/05/02 05:19:10 fiduciaweb: JDevOJSP: init
12/05/02 05:19:10 fiduciaweb: Started
12/05/02 05:19:10 fiduciaweb: Connection reset by peer: socket write error
12/05/02 05:19:10 fiduciaweb: Connection reset by peer: socket write error
12/05/02 05:19:10 fiduciaweb: Connection reset by peer: socket write error
12/05/02 05:19:10 fiduciaweb: Connection reset by peer: socket write error
12/05/02 05:19:11 fiduciaweb: Connection reset by peer: socket write error
12/05/02 05:19:11 fiduciaweb: Connection reset by peer: socket write error
12/05/02 05:20:45 fiduciaweb: Connection reset by peer: socket write error
12/05/02 05:20:45 fiduciaweb: Connection reset by peer: socket write error
12/05/02 05:20:45 fiduciaweb: Connection reset by peer: socket write error
12/05/02 05:20:45 fiduciaweb: Connection reset by peer: socket write error
12/05/02 05:21:06 fiduciaweb: Servlet error
java.lang.IllegalStateException: Session was invalidated
	at com.evermind[Oracle Application Server Containers for J2EE 10g (10.1.2.2.0)].server.http.EvermindHttpSession.setAttribute(EvermindHttpSession.java:107)
	at com.evermind[Oracle Application Server Containers for J2EE 10g (10.1.2.2.0)].server.http.EvermindHttpSession.putValue(EvermindHttpSession.java:98)
	at _FI__ValidUser._jspService(FI_ValidUser.jsp:61)
	at com.orionserver[Oracle Application Server Containers for J2EE 10g (10.1.2.2.0)].http.OrionHttpJspPage.service(OrionHttpJspPage.java:56)
	at oracle.jsp.runtimev2.JspPageTable.service(JspPageTable.java:356)
	at oracle.jsp.runtimev2.JspServlet.internalService(JspServlet.java:498)
	at oracle.jsp.runtimev2.JspServlet.service(JspServlet.java:402)
	at javax.servlet.http.HttpServlet.service(HttpServlet.java:853)
	at com.evermind[Oracle Application Server Containers for J2EE 10g (10.1.2.2.0)].server.http.ResourceFilterChain.doFilter(ResourceFilterChain.java:65)
	at oracle.security.jazn.oc4j.JAZNFilter.doFilter(Unknown Source)
	at com.evermind[Oracle Application Server Containers for J2EE 10g (10.1.2.2.0)].server.http.ServletRequestDispatcher.invoke(ServletRequestDispatcher.java:673)
	at com.evermind[Oracle Application Server Containers for J2EE 10g (10.1.2.2.0)].server.http.ServletRequestDispatcher.forwardInternal(ServletRequestDispatcher.java:340)
	at com.evermind[Oracle Application Server Containers for J2EE 10g (10.1.2.2.0)].server.http.HttpRequestHandler.processRequest(HttpRequestHandler.java:830)
	at com.evermind[Oracle Application Server Containers for J2EE 10g (10.1.2.2.0)].server.http.HttpRequestHandler.run(HttpRequestHandler.java:285)
	at com.evermind[Oracle Application Server Containers for J2EE 10g (10.1.2.2.0)].server.http.HttpRequestHandler.run(HttpRequestHandler.java:126)
	at com.evermind[Oracle Application Server Containers for J2EE 10g (10.1.2.2.0)].util.ReleasableResourcePooledExecutor$MyWorker.run(ReleasableResourcePooledExecutor.java:192)
	at java.lang.Thread.run(Thread.java:534)
12/05/02 05:21:06 fiduciaweb: Connection reset by peer: socket write error
12/05/02 05:21:27 fiduciaweb: Servlet error
java.lang.IllegalStateException: Session was invalidated
	at com.evermind[Oracle Application Server Containers for J2EE 10g (10.1.2.2.0)].server.http.EvermindHttpSession.getAttribute(EvermindHttpSession.java:157)
	at _FI__ValidUser._jspService(FI_ValidUser.jsp:26)
	at com.orionserver[Oracle Application Server Containers for J2EE 10g (10.1.2.2.0)].http.OrionHttpJspPage.service(OrionHttpJspPage.java:56)
	at oracle.jsp.runtimev2.JspPageTable.service(JspPageTable.java:356)
	at oracle.jsp.runtimev2.JspServlet.internalService(JspServlet.java:498)
	at oracle.jsp.runtimev2.JspServlet.service(JspServlet.java:402)
	at javax.servlet.http.HttpServlet.service(HttpServlet.java:853)
	at com.evermind[Oracle Application Server Containers for J2EE 10g (10.1.2.2.0)].server.http.ResourceFilterChain.doFilter(ResourceFilterChain.java:65)
	at oracle.security.jazn.oc4j.JAZNFilter.doFilter(Unknown Source)
	at com.evermind[Oracle Application Server Containers for J2EE 10g (10.1.2.2.0)].server.http.ServletRequestDispatcher.invoke(ServletRequestDispatcher.java:673)
	at com.evermind[Oracle Application Server Containers for J2EE 10g (10.1.2.2.0)].server.http.ServletRequestDispatcher.forwardInternal(ServletRequestDispatcher.java:340)
	at com.evermind[Oracle Application Server Containers for J2EE 10g (10.1.2.2.0)].server.http.HttpRequestHandler.processRequest(HttpRequestHandler.java:830)
	at com.evermind[Oracle Application Server Containers for J2EE 10g (10.1.2.2.0)].server.http.HttpRequestHandler.run(HttpRequestHandler.java:285)
	at com.evermind[Oracle Application Server Containers for J2EE 10g (10.1.2.2.0)].server.http.HttpRequestHandler.run(HttpRequestHandler.java:126)
	at com.evermind[Oracle Application Server Containers for J2EE 10g (10.1.2.2.0)].util.ReleasableResourcePooledExecutor$MyWorker.run(ReleasableResourcePooledExecutor.java:186)
	at java.lang.Thread.run(Thread.java:534)
12/05/02 05:30:58 Started
12/05/02 05:31:00 fiduciaweb: JDevOJSP: init
12/05/02 05:31:00 fiduciaweb: Started
12/05/02 05:31:00 fiduciaweb: Connection reset by peer: socket write error
12/05/02 05:31:00 fiduciaweb: Connection reset by peer: socket write error
12/05/02 05:32:12 fiduciaweb: Connection reset by peer: socket write error
12/05/02 15:47:49 Started
12/05/02 15:47:52 fiduciaweb: JDevOJSP: init
12/05/02 15:47:52 fiduciaweb: Started
12/05/02 15:47:52 fiduciaweb: Connection reset by peer: socket write error
12/05/02 15:47:52 fiduciaweb: Connection reset by peer: socket write error
12/05/02 15:47:52 fiduciaweb: Connection reset by peer: socket write error
12/05/02 15:47:52 fiduciaweb: Connection reset by peer: socket write error
12/05/02 15:47:52 fiduciaweb: Connection reset by peer: socket write error
12/05/02 15:49:07 fiduciaweb: Connection reset by peer: socket write error
12/05/02 15:49:07 fiduciaweb: Connection reset by peer: socket write error
12/05/02 14:32:19 Started
12/05/02 14:32:21 fiduciaweb: JDevOJSP: init
12/05/02 14:32:21 fiduciaweb: Started
12/05/02 14:32:21 fiduciaweb: Connection reset by peer: socket write error
12/05/02 14:32:21 fiduciaweb: Connection reset by peer: socket write error
12/05/02 14:32:21 fiduciaweb: Connection reset by peer: socket write error
12/05/02 14:32:21 fiduciaweb: Connection reset by peer: socket write error
12/05/02 14:34:59 Started
12/05/02 14:35:00 fiduciaweb: JDevOJSP: init
12/05/02 14:35:00 fiduciaweb: Started
12/05/02 14:35:00 fiduciaweb: Connection reset by peer: socket write error
12/05/02 14:35:14 fiduciaweb: Connection reset by peer: socket write error
12/05/02 14:36:10 fiduciaweb: Connection reset by peer: socket write error
12/05/02 14:36:10 fiduciaweb: Connection reset by peer: socket write error
12/05/02 14:36:15 fiduciaweb: Connection reset by peer: socket write error
12/05/02 14:36:26 fiduciaweb: Connection reset by peer: socket write error
12/05/02 14:38:12 fiduciaweb: Connection reset by peer: socket write error
12/05/02 14:39:22 fiduciaweb: Software caused connection abort: socket write error
12/05/02 14:39:47 fiduciaweb: Connection reset by peer: socket write error
12/05/02 14:39:50 fiduciaweb: Software caused connection abort: socket write error
12/05/02 14:39:55 fiduciaweb: Connection reset by peer: socket write error
12/05/02 14:40:57 Started
12/05/02 14:40:58 fiduciaweb: JDevOJSP: init
12/05/02 14:40:58 fiduciaweb: Started
12/05/02 14:40:59 fiduciaweb: Connection reset by peer: socket write error
12/05/02 14:41:20 fiduciaweb: Software caused connection abort: socket write error
12/05/02 14:41:55 fiduciaweb: Software caused connection abort: socket write error
12/05/02 14:42:02 fiduciaweb: Connection reset by peer: socket write error
12/05/02 14:42:09 fiduciaweb: Connection reset by peer: socket write error
12/05/02 14:42:19 fiduciaweb: Connection reset by peer: socket write error
12/05/02 14:43:57 Started
12/05/02 14:43:59 fiduciaweb: JDevOJSP: init
12/05/02 14:43:59 fiduciaweb: Started
12/05/02 14:46:02 Started
12/05/02 14:46:03 fiduciaweb: JDevOJSP: init
12/05/02 14:46:03 fiduciaweb: Started
12/05/02 14:46:04 fiduciaweb: Connection reset by peer: socket write error
12/05/02 14:46:51 Started
12/05/02 14:46:58 fiduciaweb: JDevOJSP: init
12/05/02 14:46:58 fiduciaweb: Started
12/05/02 14:47:21 fiduciaweb: Connection reset by peer: socket write error
12/05/02 14:47:21 fiduciaweb: Connection reset by peer: socket write error
12/05/02 14:47:21 fiduciaweb: Connection reset by peer: socket write error
12/05/02 14:47:21 fiduciaweb: Connection reset by peer: socket write error
12/05/02 14:47:21 fiduciaweb: Connection reset by peer: socket write error
12/05/02 14:47:24 fiduciaweb: Connection reset by peer: socket write error
12/05/02 14:47:24 fiduciaweb: Connection reset by peer: socket write error
12/05/02 14:47:28 fiduciaweb: Connection reset by peer: socket write error
12/05/02 14:47:34 fiduciaweb: Connection reset by peer: socket write error
12/05/02 14:47:34 fiduciaweb: Connection reset by peer: socket write error
12/05/02 14:48:00 fiduciaweb: Connection reset by peer: socket write error
12/05/02 14:48:02 fiduciaweb: Connection reset by peer: socket write error
12/05/02 14:48:08 fiduciaweb: Connection reset by peer: socket write error
12/05/02 14:48:11 fiduciaweb: Connection reset by peer: socket write error
12/05/02 14:48:12 fiduciaweb: Connection reset by peer: socket write error
12/05/02 14:48:17 fiduciaweb: Connection reset by peer: socket write error
12/05/02 14:48:24 fiduciaweb: Connection reset by peer: socket write error
12/05/02 14:48:24 fiduciaweb: Connection reset by peer: socket write error
12/05/02 14:48:25 fiduciaweb: Connection reset by peer: socket write error
12/05/02 14:48:26 fiduciaweb: Connection reset by peer: socket write error
12/05/02 14:48:31 fiduciaweb: Connection reset by peer: socket write error
12/05/02 14:48:50 fiduciaweb: Connection reset by peer: socket write error
12/05/02 14:48:50 fiduciaweb: Connection reset by peer: socket write error
12/05/02 14:48:51 fiduciaweb: Connection reset by peer: socket write error
12/05/02 14:48:52 fiduciaweb: Connection reset by peer: socket write error
12/05/02 14:48:57 fiduciaweb: Connection reset by peer: socket write error
12/05/02 14:49:04 fiduciaweb: Connection reset by peer: socket write error
12/05/02 14:49:05 fiduciaweb: Connection reset by peer: socket write error
12/05/02 14:49:08 fiduciaweb: Connection reset by peer: socket write error
12/05/02 14:49:13 fiduciaweb: Connection reset by peer: socket write error
12/05/02 15:30:05 Started
12/05/02 15:30:07 fiduciaweb: JDevOJSP: init
12/05/02 15:30:07 fiduciaweb: Started
12/05/02 15:30:08 fiduciaweb: Connection reset by peer: socket write error
12/05/02 15:30:08 fiduciaweb: Connection reset by peer: socket write error
12/05/02 15:30:08 fiduciaweb: Connection reset by peer: socket write error
12/05/02 15:30:08 fiduciaweb: Connection reset by peer: socket write error
12/05/02 15:30:08 fiduciaweb: Connection reset by peer: socket write error
12/05/02 15:30:08 fiduciaweb: Connection reset by peer: socket write error
12/05/02 15:30:08 fiduciaweb: Connection reset by peer: socket write error
12/05/02 15:30:08 fiduciaweb: Connection reset by peer: socket write error
12/05/02 15:33:46 fiduciaweb: Connection reset by peer: socket write error
12/05/02 15:33:46 fiduciaweb: Connection reset by peer: socket write error
12/05/02 15:33:46 fiduciaweb: Connection reset by peer: socket write error
12/05/02 15:33:46 fiduciaweb: Connection reset by peer: socket write error
12/05/02 15:37:48 fiduciaweb: Connection reset by peer: socket write error
12/05/02 15:37:48 fiduciaweb: Connection reset by peer: socket write error
12/05/02 15:37:48 fiduciaweb: Connection reset by peer: socket write error
12/05/02 15:37:48 fiduciaweb: Connection reset by peer: socket write error
12/05/02 15:37:48 fiduciaweb: Connection reset by peer: socket write error
12/05/02 15:37:48 fiduciaweb: Connection reset by peer: socket write error
12/05/02 15:37:48 fiduciaweb: Connection reset by peer: socket write error
12/05/02 15:40:47 fiduciaweb: Connection reset by peer: socket write error
12/05/02 15:42:00 fiduciaweb: Connection reset by peer: socket write error
12/05/02 15:42:30 fiduciaweb: Connection reset by peer: socket write error
12/05/02 15:43:56 fiduciaweb: Servlet error
java.lang.ArrayIndexOutOfBoundsException: 0 >= 0
	at java.util.Vector.elementAt(Vector.java:431)
	at com.bancomext.negocio.nDatos.getVtrIntDato1(nDatos.java:654)
	at _confirmarInst__1._jspService(confirmarInst_1.jsp:105)
	at com.orionserver[Oracle Application Server Containers for J2EE 10g (10.1.2.2.0)].http.OrionHttpJspPage.service(OrionHttpJspPage.java:56)
	at oracle.jsp.runtimev2.JspPageTable.service(JspPageTable.java:356)
	at oracle.jsp.runtimev2.JspServlet.internalService(JspServlet.java:498)
	at oracle.jsp.runtimev2.JspServlet.service(JspServlet.java:402)
	at javax.servlet.http.HttpServlet.service(HttpServlet.java:853)
	at com.evermind[Oracle Application Server Containers for J2EE 10g (10.1.2.2.0)].server.http.ResourceFilterChain.doFilter(ResourceFilterChain.java:65)
	at oracle.security.jazn.oc4j.JAZNFilter.doFilter(Unknown Source)
	at com.evermind[Oracle Application Server Containers for J2EE 10g (10.1.2.2.0)].server.http.ServletRequestDispatcher.invoke(ServletRequestDispatcher.java:673)
	at com.evermind[Oracle Application Server Containers for J2EE 10g (10.1.2.2.0)].server.http.ServletRequestDispatcher.forwardInternal(ServletRequestDispatcher.java:340)
	at com.evermind[Oracle Application Server Containers for J2EE 10g (10.1.2.2.0)].server.http.HttpRequestHandler.processRequest(HttpRequestHandler.java:830)
	at com.evermind[Oracle Application Server Containers for J2EE 10g (10.1.2.2.0)].server.http.HttpRequestHandler.run(HttpRequestHandler.java:285)
	at com.evermind[Oracle Application Server Containers for J2EE 10g (10.1.2.2.0)].server.http.HttpRequestHandler.run(HttpRequestHandler.java:126)
	at com.evermind[Oracle Application Server Containers for J2EE 10g (10.1.2.2.0)].util.ReleasableResourcePooledExecutor$MyWorker.run(ReleasableResourcePooledExecutor.java:186)
	at java.lang.Thread.run(Thread.java:534)
12/05/02 15:44:01 fiduciaweb: Connection reset by peer: socket write error
12/05/02 15:44:01 fiduciaweb: Connection reset by peer: socket write error
12/05/02 15:44:06 fiduciaweb: Servlet error
java.lang.ArrayIndexOutOfBoundsException: 0 >= 0
	at java.util.Vector.elementAt(Vector.java:431)
	at com.bancomext.negocio.nDatos.getVtrIntDato1(nDatos.java:654)
	at _confirmarInst__1._jspService(confirmarInst_1.jsp:105)
	at com.orionserver[Oracle Application Server Containers for J2EE 10g (10.1.2.2.0)].http.OrionHttpJspPage.service(OrionHttpJspPage.java:56)
	at oracle.jsp.runtimev2.JspPageTable.service(JspPageTable.java:356)
	at oracle.jsp.runtimev2.JspServlet.internalService(JspServlet.java:498)
	at oracle.jsp.runtimev2.JspServlet.service(JspServlet.java:402)
	at javax.servlet.http.HttpServlet.service(HttpServlet.java:853)
	at com.evermind[Oracle Application Server Containers for J2EE 10g (10.1.2.2.0)].server.http.ResourceFilterChain.doFilter(ResourceFilterChain.java:65)
	at oracle.security.jazn.oc4j.JAZNFilter.doFilter(Unknown Source)
	at com.evermind[Oracle Application Server Containers for J2EE 10g (10.1.2.2.0)].server.http.ServletRequestDispatcher.invoke(ServletRequestDispatcher.java:673)
	at com.evermind[Oracle Application Server Containers for J2EE 10g (10.1.2.2.0)].server.http.ServletRequestDispatcher.forwardInternal(ServletRequestDispatcher.java:340)
	at com.evermind[Oracle Application Server Containers for J2EE 10g (10.1.2.2.0)].server.http.HttpRequestHandler.processRequest(HttpRequestHandler.java:830)
	at com.evermind[Oracle Application Server Containers for J2EE 10g (10.1.2.2.0)].server.http.HttpRequestHandler.run(HttpRequestHandler.java:285)
	at com.evermind[Oracle Application Server Containers for J2EE 10g (10.1.2.2.0)].server.http.HttpRequestHandler.run(HttpRequestHandler.java:126)
	at com.evermind[Oracle Application Server Containers for J2EE 10g (10.1.2.2.0)].util.ReleasableResourcePooledExecutor$MyWorker.run(ReleasableResourcePooledExecutor.java:192)
	at java.lang.Thread.run(Thread.java:534)
12/05/02 15:45:01 fiduciaweb: Connection reset by peer: socket write error
12/05/02 15:45:01 fiduciaweb: Connection reset by peer: socket write error
12/05/02 15:45:01 fiduciaweb: Connection reset by peer: socket write error
12/05/02 15:45:01 fiduciaweb: Connection reset by peer: socket write error
12/05/02 15:45:14 fiduciaweb: Connection reset by peer: socket write error
12/05/02 15:45:14 fiduciaweb: Connection reset by peer: socket write error
12/05/02 15:45:18 fiduciaweb: Connection reset by peer: socket write error
12/05/02 15:45:18 fiduciaweb: Connection reset by peer: socket write error
12/05/02 15:47:05 fiduciaweb: Connection reset by peer: socket write error
12/05/02 15:47:05 fiduciaweb: Connection reset by peer: socket write error
12/05/02 15:47:05 fiduciaweb: Connection reset by peer: socket write error
12/05/02 15:47:05 fiduciaweb: Connection reset by peer: socket write error
12/05/02 15:47:05 fiduciaweb: Connection reset by peer: socket write error
12/05/02 15:49:56 fiduciaweb: Connection reset by peer: socket write error
12/05/02 15:50:02 fiduciaweb: Connection reset by peer: socket write error
12/05/02 15:51:57 fiduciaweb: Connection reset by peer: socket write error
12/05/02 15:54:30 fiduciaweb: Connection reset by peer: socket write error
12/05/02 15:54:36 fiduciaweb: Software caused connection abort: socket write error
12/05/02 15:55:36 fiduciaweb: Connection reset by peer: socket write error
12/05/02 15:56:28 fiduciaweb: Connection reset by peer: socket write error
12/05/02 16:01:37 fiduciaweb: Connection reset by peer: socket write error
12/05/02 16:02:34 fiduciaweb: Connection reset by peer: socket write error
12/05/02 16:02:34 fiduciaweb: Connection reset by peer: socket write error
12/05/02 16:02:34 fiduciaweb: Connection reset by peer: socket write error
12/05/02 16:02:34 fiduciaweb: Connection reset by peer: socket write error
12/05/02 16:02:34 fiduciaweb: Software caused connection abort: socket write error
12/05/02 16:02:34 fiduciaweb: Connection reset by peer: socket write error
12/05/02 16:02:34 fiduciaweb: Connection reset by peer: socket write error
12/05/02 16:02:34 fiduciaweb: Connection reset by peer: socket write error
12/05/02 16:02:34 fiduciaweb: Connection reset by peer: socket write error
12/05/02 16:05:12 fiduciaweb: Connection reset by peer: socket write error
12/05/02 16:05:17 fiduciaweb: Connection reset by peer: socket write error
12/05/02 16:05:29 fiduciaweb: Connection reset by peer: socket write error
12/05/02 16:05:38 fiduciaweb: Connection reset by peer: socket write error
12/05/02 16:05:46 fiduciaweb: Software caused connection abort: socket write error
12/05/02 16:06:13 fiduciaweb: Connection reset by peer: socket write error
12/05/02 16:07:19 fiduciaweb: Connection reset by peer: socket write error
12/05/02 16:07:24 fiduciaweb: Connection reset by peer: socket write error
12/05/02 16:07:26 fiduciaweb: Connection reset by peer: socket write error
12/05/02 16:08:24 fiduciaweb: Connection reset by peer: socket write error
12/05/02 16:08:24 fiduciaweb: Connection reset by peer: socket write error
12/05/02 16:08:24 fiduciaweb: Connection reset by peer: socket write error
12/05/02 16:08:24 fiduciaweb: Connection reset by peer: socket write error
12/05/02 16:08:24 fiduciaweb: Software caused connection abort: socket write error
12/05/02 16:08:24 fiduciaweb: Connection reset by peer: socket write error
12/05/02 16:08:24 fiduciaweb: Connection reset by peer: socket write error
12/05/02 16:08:24 fiduciaweb: Connection reset by peer: socket write error
12/05/02 16:08:24 fiduciaweb: Connection reset by peer: socket write error
12/05/02 16:08:44 fiduciaweb: Connection reset by peer: socket write error
12/05/02 16:11:28 fiduciaweb: Software caused connection abort: socket write error
12/05/02 16:11:39 fiduciaweb: Connection reset by peer: socket write error
12/05/02 16:11:39 fiduciaweb: Connection reset by peer: socket write error
12/05/02 16:13:17 fiduciaweb: Connection reset by peer: socket write error
12/05/02 16:13:21 fiduciaweb: Connection reset by peer: socket write error
12/05/02 16:14:11 fiduciaweb: Connection reset by peer: socket write error
12/05/02 16:15:44 fiduciaweb: Connection reset by peer: socket write error
12/05/02 16:15:49 fiduciaweb: Connection reset by peer: socket write error
12/05/02 16:16:10 fiduciaweb: Connection reset by peer: socket write error
12/05/02 16:16:10 fiduciaweb: Connection reset by peer: socket write error
12/05/02 16:16:10 fiduciaweb: Connection reset by peer: socket write error
12/05/02 16:16:10 fiduciaweb: Connection reset by peer: socket write error
12/05/02 16:16:10 fiduciaweb: Software caused connection abort: socket write error
12/05/02 16:16:10 fiduciaweb: Connection reset by peer: socket write error
12/05/02 16:16:10 fiduciaweb: Connection reset by peer: socket write error
12/05/02 16:16:10 fiduciaweb: Connection reset by peer: socket write error
12/05/02 16:16:10 fiduciaweb: Connection reset by peer: socket write error
12/05/02 16:16:10 fiduciaweb: Software caused connection abort: socket write error
12/05/02 16:56:27 Started
12/05/02 16:56:28 fiduciaweb: JDevOJSP: init
12/05/02 16:56:28 fiduciaweb: Started
12/05/02 16:56:28 fiduciaweb: Connection reset by peer: socket write error
12/05/02 16:56:28 fiduciaweb: Connection reset by peer: socket write error
12/05/02 16:56:28 fiduciaweb: Connection reset by peer: socket write error
12/05/02 16:56:28 fiduciaweb: Connection reset by peer: socket write error
12/05/02 16:56:58 fiduciaweb: Connection reset by peer: socket write error
12/05/04 15:46:21 Started
12/05/04 15:46:22 fiduciaweb: JDevOJSP: init
12/05/04 15:46:22 fiduciaweb: Started
12/05/04 15:46:22 fiduciaweb: Connection reset by peer: socket write error
12/05/04 15:46:22 fiduciaweb: Connection reset by peer: socket write error
12/05/04 15:46:22 fiduciaweb: Connection reset by peer: socket write error
12/05/04 15:46:22 fiduciaweb: Connection reset by peer: socket write error
12/05/04 15:46:23 fiduciaweb: Connection reset by peer: socket write error
12/05/04 15:46:23 fiduciaweb: Connection reset by peer: socket write error
12/05/04 15:47:01 Started
12/05/04 15:47:02 fiduciaweb: JDevOJSP: init
12/05/04 15:47:02 fiduciaweb: Started
12/05/04 15:47:02 fiduciaweb: Connection reset by peer: socket write error
12/05/04 15:47:41 fiduciaweb: Connection reset by peer: socket write error
12/05/04 15:47:41 fiduciaweb: Connection reset by peer: socket write error
12/05/04 15:47:48 fiduciaweb: Connection reset by peer: socket write error
12/05/04 15:47:48 fiduciaweb: Connection reset by peer: socket write error
12/05/04 15:47:54 fiduciaweb: Connection reset by peer: socket write error
12/05/04 15:47:54 fiduciaweb: Connection reset by peer: socket write error
12/05/04 15:47:54 fiduciaweb: Connection reset by peer: socket write error
12/05/04 15:47:54 fiduciaweb: Connection reset by peer: socket write error
12/05/04 15:47:54 fiduciaweb: Connection reset by peer: socket write error
12/05/04 15:47:54 fiduciaweb: Connection reset by peer: socket write error
12/05/04 15:47:54 fiduciaweb: Connection reset by peer: socket write error
12/05/04 15:47:54 fiduciaweb: Connection reset by peer: socket write error
12/05/04 15:47:54 fiduciaweb: Connection reset by peer: socket write error
12/05/04 15:47:54 fiduciaweb: Connection reset by peer: socket write error
12/05/04 15:47:54 fiduciaweb: Connection reset by peer: socket write error
12/05/04 15:47:54 fiduciaweb: Connection reset by peer: socket write error
12/05/04 15:47:54 fiduciaweb: Connection reset by peer: socket write error
12/05/04 15:47:54 fiduciaweb: Connection reset by peer: socket write error
12/05/04 15:47:54 fiduciaweb: Connection reset by peer: socket write error
12/05/04 15:48:34 fiduciaweb: Connection reset by peer: socket write error
12/05/04 15:48:59 fiduciaweb: Connection reset by peer: socket write error
12/05/04 15:49:09 fiduciaweb: Connection reset by peer: socket write error
12/05/04 15:49:09 fiduciaweb: Connection reset by peer: socket write error
12/05/04 15:50:59 fiduciaweb: Connection reset by peer: socket write error
12/05/04 15:52:28 fiduciaweb: Connection reset by peer: socket write error
12/05/04 15:52:50 fiduciaweb: Connection reset by peer: socket write error
12/05/04 15:53:39 fiduciaweb: Connection reset by peer: socket write error
12/05/04 15:53:39 fiduciaweb: Connection reset by peer: socket write error
12/05/04 15:53:39 fiduciaweb: Connection reset by peer: socket write error
12/05/04 15:53:39 fiduciaweb: Connection reset by peer: socket write error
12/05/22 01:24:12 Started
12/05/22 01:24:14 fiduciaweb: JDevOJSP: init
12/05/22 01:24:14 fiduciaweb: Started
12/05/22 01:24:14 fiduciaweb: Connection reset by peer: socket write error
12/05/22 01:24:14 fiduciaweb: Connection reset by peer: socket write error
12/05/22 01:24:14 fiduciaweb: Connection reset by peer: socket write error
12/05/22 01:24:14 fiduciaweb: Connection reset by peer: socket write error
12/05/22 01:24:14 fiduciaweb: Connection reset by peer: socket write error
12/05/22 01:24:14 fiduciaweb: Connection reset by peer: socket write error
12/05/22 01:24:36 fiduciaweb: Connection reset by peer: socket write error
12/05/22 01:24:37 fiduciaweb: Connection reset by peer: socket write error
12/05/22 01:24:37 fiduciaweb: Connection reset by peer: socket write error
12/05/22 01:24:37 fiduciaweb: Connection reset by peer: socket write error
12/05/22 01:24:37 fiduciaweb: Connection reset by peer: socket write error
12/05/22 01:24:37 fiduciaweb: Connection reset by peer: socket write error
12/05/22 01:24:37 fiduciaweb: Connection reset by peer: socket write error
12/05/22 01:24:37 fiduciaweb: Connection reset by peer: socket write error
12/05/22 01:24:37 fiduciaweb: Connection reset by peer: socket write error
12/05/22 01:24:37 fiduciaweb: Connection reset by peer: socket write error
12/05/22 01:24:37 fiduciaweb: Connection reset by peer: socket write error
12/05/22 01:24:37 fiduciaweb: Connection reset by peer: socket write error
12/05/22 01:24:37 fiduciaweb: Connection reset by peer: socket write error
12/05/22 01:24:37 fiduciaweb: Connection reset by peer: socket write error
12/05/22 01:24:52 fiduciaweb: Connection reset by peer: socket write error
12/05/22 01:24:53 fiduciaweb: Connection reset by peer: socket write error
12/05/22 01:24:53 fiduciaweb: Connection reset by peer: socket write error
12/05/22 01:24:58 fiduciaweb: Connection reset by peer: socket write error
12/05/22 01:24:58 fiduciaweb: Connection reset by peer: socket write error
12/05/22 01:25:32 fiduciaweb: Connection reset by peer: socket write error
12/05/22 01:25:42 fiduciaweb: Connection reset by peer: socket write error
12/05/22 01:25:42 fiduciaweb: Connection reset by peer: socket write error
12/05/22 01:25:42 fiduciaweb: Connection reset by peer: socket write error
12/05/22 01:25:42 fiduciaweb: Connection reset by peer: socket write error
12/05/22 01:25:58 fiduciaweb: Connection reset by peer: socket write error
12/05/22 01:25:58 fiduciaweb: Connection reset by peer: socket write error
12/05/22 01:26:43 fiduciaweb: Connection reset by peer: socket write error
12/05/22 01:27:09 fiduciaweb: Connection reset by peer: socket write error
12/05/22 01:27:27 fiduciaweb: Connection reset by peer: socket write error
12/05/22 01:27:27 fiduciaweb: Connection reset by peer: socket write error
12/05/22 01:28:59 fiduciaweb: Connection reset by peer: socket write error
12/05/22 01:29:22 fiduciaweb: Software caused connection abort: socket write error
12/05/22 01:29:34 fiduciaweb: Connection reset by peer: socket write error
12/05/22 01:29:40 fiduciaweb: Connection reset by peer: socket write error
12/05/22 01:29:40 fiduciaweb: Connection reset by peer: socket write error
12/05/22 01:29:58 fiduciaweb: Connection reset by peer: socket write error
12/05/22 01:30:15 fiduciaweb: Connection reset by peer: socket write error
12/05/22 01:30:23 fiduciaweb: Connection reset by peer: socket write error
12/05/22 01:30:35 fiduciaweb: Connection reset by peer: socket write error
12/05/22 01:30:42 fiduciaweb: Connection reset by peer: socket write error
12/05/22 01:30:55 fiduciaweb: Connection reset by peer: socket write error
12/05/22 01:31:02 fiduciaweb: Connection reset by peer: socket write error
12/05/22 01:32:50 fiduciaweb: Connection reset by peer: socket write error
12/05/22 01:33:30 fiduciaweb: Connection reset by peer: socket write error
12/05/22 01:33:30 fiduciaweb: Connection reset by peer: socket write error
12/05/22 01:33:30 fiduciaweb: Connection reset by peer: socket write error
12/05/22 01:33:30 fiduciaweb: Connection reset by peer: socket write error
12/05/22 01:33:30 fiduciaweb: Connection reset by peer: socket write error
12/05/22 01:35:17 fiduciaweb: Connection reset by peer: socket write error
12/05/22 01:45:08 Started
12/05/22 01:45:09 fiduciaweb: JDevOJSP: init
12/05/22 01:45:09 fiduciaweb: Started
12/05/22 01:45:10 fiduciaweb: Connection reset by peer: socket write error
12/05/22 01:45:10 fiduciaweb: Connection reset by peer: socket write error
12/05/22 01:45:10 fiduciaweb: Connection reset by peer: socket write error
12/05/22 01:45:10 fiduciaweb: Connection reset by peer: socket write error
12/05/22 01:45:37 fiduciaweb: Connection reset by peer: socket write error
12/05/22 01:45:55 fiduciaweb: Connection reset by peer: socket write error
12/05/22 01:46:31 fiduciaweb: Connection reset by peer: socket write error
12/05/22 01:46:31 fiduciaweb: Connection reset by peer: socket write error
12/05/22 01:46:34 fiduciaweb: Connection reset by peer: socket write error
12/05/22 01:46:34 fiduciaweb: Connection reset by peer: socket write error
12/05/22 01:46:41 fiduciaweb: Connection reset by peer: socket write error
12/05/22 01:47:01 fiduciaweb: Connection reset by peer: socket write error
12/05/22 01:47:01 fiduciaweb: Connection reset by peer: socket write error
12/05/22 01:47:01 fiduciaweb: Connection reset by peer: socket write error
12/05/22 01:48:17 Started
12/05/22 01:48:19 fiduciaweb: JDevOJSP: init
12/05/22 01:48:19 fiduciaweb: Started
12/05/22 01:48:19 fiduciaweb: Connection reset by peer: socket write error
12/05/22 01:48:19 fiduciaweb: Connection reset by peer: socket write error
12/05/22 01:48:19 fiduciaweb: Connection reset by peer: socket write error
12/05/22 01:48:19 fiduciaweb: Connection reset by peer: socket write error
12/05/22 01:48:19 fiduciaweb: Connection reset by peer: socket write error
12/05/22 01:49:01 fiduciaweb: Connection reset by peer: socket write error
12/05/22 01:49:03 fiduciaweb: Connection reset by peer: socket write error
12/05/22 01:49:04 fiduciaweb: Connection reset by peer: socket write error
12/05/31 17:49:23 Started
12/05/31 17:49:25 fiduciaweb: JDevOJSP: init
12/05/31 17:49:25 fiduciaweb: Started
12/05/31 17:49:26 fiduciaweb: Connection reset by peer: socket write error
12/05/31 17:49:26 fiduciaweb: Connection reset by peer: socket write error
12/05/31 17:49:26 fiduciaweb: Connection reset by peer: socket write error
12/05/31 17:49:26 fiduciaweb: Connection reset by peer: socket write error
12/05/31 17:49:26 fiduciaweb: Connection reset by peer: socket write error
12/05/31 17:49:26 fiduciaweb: Connection reset by peer: socket write error
12/05/31 17:49:38 fiduciaweb: Connection reset by peer: socket write error
12/05/31 17:49:38 fiduciaweb: Connection reset by peer: socket write error
12/05/31 17:49:38 fiduciaweb: Connection reset by peer: socket write error
12/05/31 17:49:38 fiduciaweb: Connection reset by peer: socket write error
12/05/31 17:49:41 fiduciaweb: Connection reset by peer: socket write error
12/05/31 17:49:41 fiduciaweb: Connection reset by peer: socket write error
12/05/31 17:49:41 fiduciaweb: Connection reset by peer: socket write error
12/05/31 17:49:41 fiduciaweb: Connection reset by peer: socket write error
12/05/31 17:49:41 fiduciaweb: Connection reset by peer: socket write error
12/05/31 17:49:41 fiduciaweb: Connection reset by peer: socket write error
12/05/31 17:53:52 fiduciaweb: Connection reset by peer: socket write error
12/05/31 17:54:05 fiduciaweb: Connection reset by peer: socket write error
12/05/31 17:54:05 fiduciaweb: Connection reset by peer: socket write error
12/05/31 17:54:05 fiduciaweb: Connection reset by peer: socket write error
12/05/31 17:54:10 fiduciaweb: Software caused connection abort: socket write error
12/05/31 17:54:23 fiduciaweb: Connection reset by peer: socket write error
12/05/31 17:55:08 fiduciaweb: Connection reset by peer: socket write error
12/05/31 17:55:12 fiduciaweb: Software caused connection abort: socket write error
12/05/31 17:55:17 fiduciaweb: Connection reset by peer: socket write error
12/05/31 17:55:34 fiduciaweb: Connection reset by peer: socket write error
12/05/31 17:55:34 fiduciaweb: Connection reset by peer: socket write error
12/05/31 17:55:34 fiduciaweb: Connection reset by peer: socket write error
12/05/31 17:55:34 fiduciaweb: Software caused connection abort: socket write error
12/05/31 17:55:37 fiduciaweb: Connection reset by peer: socket write error
12/05/31 17:55:48 fiduciaweb: Connection reset by peer: socket write error
12/05/31 17:57:06 fiduciaweb: Connection reset by peer: socket write error
12/05/31 17:57:55 fiduciaweb: Connection reset by peer: socket write error
12/05/31 17:58:07 fiduciaweb: Connection reset by peer: socket write error
12/05/31 17:58:07 fiduciaweb: Connection reset by peer: socket write error
12/05/31 17:58:07 fiduciaweb: Connection reset by peer: socket write error
12/05/31 17:58:07 fiduciaweb: Connection reset by peer: socket write error
12/05/31 17:58:07 fiduciaweb: Connection reset by peer: socket write error
12/05/31 18:01:36 fiduciaweb: Connection reset by peer: socket write error
12/05/31 18:01:51 fiduciaweb: Connection reset by peer: socket write error
12/05/31 18:02:05 fiduciaweb: Connection reset by peer: socket write error
12/06/01 16:04:16 Started
12/06/01 16:04:17 fiduciaweb: JDevOJSP: init
12/06/01 16:04:17 fiduciaweb: Started
12/06/01 16:04:18 fiduciaweb: Connection reset by peer: socket write error
12/06/01 16:04:18 fiduciaweb: Connection reset by peer: socket write error
12/06/01 16:04:18 fiduciaweb: Connection reset by peer: socket write error
12/06/01 16:04:18 fiduciaweb: Connection reset by peer: socket write error
12/06/01 16:04:18 fiduciaweb: Connection reset by peer: socket write error
12/06/01 16:04:18 fiduciaweb: Connection reset by peer: socket write error
12/06/01 16:04:37 fiduciaweb: Connection reset by peer: socket write error
12/06/01 16:04:37 fiduciaweb: Connection reset by peer: socket write error
12/06/01 16:04:50 fiduciaweb: Connection reset by peer: socket write error
12/06/01 16:05:03 fiduciaweb: Connection reset by peer: socket write error
12/06/01 16:05:03 fiduciaweb: Connection reset by peer: socket write error
12/06/01 16:05:03 fiduciaweb: Connection reset by peer: socket write error
12/06/01 16:05:03 fiduciaweb: Connection reset by peer: socket write error
12/06/01 16:05:04 fiduciaweb: Connection reset by peer: socket write error
12/06/01 16:05:04 fiduciaweb: Connection reset by peer: socket write error
12/06/01 16:05:04 fiduciaweb: Connection reset by peer: socket write error
12/06/01 16:05:04 fiduciaweb: Connection reset by peer: socket write error
12/06/01 16:05:04 fiduciaweb: Connection reset by peer: socket write error
12/06/01 16:05:04 fiduciaweb: Connection reset by peer: socket write error
12/06/01 16:05:06 fiduciaweb: Connection reset by peer: socket write error
12/06/01 16:05:06 fiduciaweb: Connection reset by peer: socket write error
12/06/01 16:05:08 fiduciaweb: Connection reset by peer: socket write error
12/06/01 16:06:25 fiduciaweb: Connection reset by peer: socket write error
12/06/01 16:06:25 fiduciaweb: Connection reset by peer: socket write error
12/06/01 16:06:30 fiduciaweb: Connection reset by peer: socket write error
12/06/01 16:06:36 fiduciaweb: Connection reset by peer: socket write error
12/06/01 16:06:38 fiduciaweb: Connection reset by peer: socket write error
12/06/01 16:06:38 fiduciaweb: Connection reset by peer: socket write error
12/06/01 16:06:46 fiduciaweb: Connection reset by peer: socket write error
12/06/01 16:06:56 fiduciaweb: Connection reset by peer: socket write error
12/06/01 16:06:57 fiduciaweb: Connection reset by peer: socket write error
12/06/01 16:07:26 fiduciaweb: Connection reset by peer: socket write error
12/06/01 16:07:28 fiduciaweb: Connection reset by peer: socket write error
12/06/01 16:08:03 fiduciaweb: Connection reset by peer: socket write error
12/06/01 16:13:26 fiduciaweb: Connection reset by peer: socket write error
12/06/01 16:50:11 Started
12/06/01 16:50:12 fiduciaweb: JDevOJSP: init
12/06/01 16:50:12 fiduciaweb: Started
12/06/01 16:50:31 fiduciaweb: Connection reset by peer: socket write error
12/06/01 16:50:31 fiduciaweb: Connection reset by peer: socket write error
12/06/01 16:50:31 fiduciaweb: Connection reset by peer: socket write error
12/06/01 16:50:31 fiduciaweb: Connection reset by peer: socket write error
12/06/01 16:50:40 fiduciaweb: Connection reset by peer: socket write error
12/06/01 16:51:35 fiduciaweb: Connection reset by peer: socket write error
12/06/01 16:51:56 fiduciaweb: Connection reset by peer: socket write error
12/06/01 16:53:24 fiduciaweb: Connection reset by peer: socket write error
12/06/01 16:53:24 fiduciaweb: Connection reset by peer: socket write error
12/06/01 16:53:27 fiduciaweb: Connection reset by peer: socket write error
12/06/01 16:54:25 fiduciaweb: Connection reset by peer: socket write error
12/06/01 16:54:25 fiduciaweb: Connection reset by peer: socket write error
12/06/01 16:54:57 fiduciaweb: Connection reset by peer: socket write error
12/06/01 16:55:02 fiduciaweb: Connection reset by peer: socket write error
12/06/01 16:55:02 fiduciaweb: Connection reset by peer: socket write error
12/06/01 16:55:07 fiduciaweb: Software caused connection abort: socket write error
12/06/01 16:56:21 fiduciaweb: Connection reset by peer: socket write error
12/06/01 16:56:26 fiduciaweb: Connection reset by peer: socket write error
12/06/01 16:56:54 fiduciaweb: Connection reset by peer: socket write error
12/06/01 16:56:54 fiduciaweb: Connection reset by peer: socket write error
12/06/01 16:56:54 fiduciaweb: Connection reset by peer: socket write error
12/06/01 16:57:04 fiduciaweb: Connection reset by peer: socket write error
12/06/01 16:57:17 fiduciaweb: Connection reset by peer: socket write error
12/06/01 16:57:48 fiduciaweb: Connection reset by peer: socket write error
12/06/01 16:57:57 fiduciaweb: Connection reset by peer: socket write error
12/06/01 16:59:32 fiduciaweb: Connection reset by peer: socket write error
12/06/01 16:59:48 fiduciaweb: Connection reset by peer: socket write error
12/06/01 16:59:53 fiduciaweb: Connection reset by peer: socket write error
12/06/01 16:59:58 fiduciaweb: Connection reset by peer: socket write error
12/06/01 17:00:00 fiduciaweb: Connection reset by peer: socket write error
12/06/01 17:00:14 fiduciaweb: Connection reset by peer: socket write error
12/06/01 17:01:14 fiduciaweb: Connection reset by peer: socket write error
12/06/01 17:01:14 fiduciaweb: Connection reset by peer: socket write error
12/06/01 17:01:19 fiduciaweb: Connection reset by peer: socket write error
12/06/01 17:01:19 fiduciaweb: Connection reset by peer: socket write error
12/06/01 17:01:19 fiduciaweb: Connection reset by peer: socket write error
12/06/01 17:01:19 fiduciaweb: Connection reset by peer: socket write error
12/06/01 17:01:19 fiduciaweb: Connection reset by peer: socket write error
12/06/01 17:14:10 Started
12/06/01 17:14:12 fiduciaweb: JDevOJSP: init
12/06/01 17:14:12 fiduciaweb: Started
12/06/01 17:14:12 fiduciaweb: Connection reset by peer: socket write error
12/06/01 17:14:12 fiduciaweb: Connection reset by peer: socket write error
12/06/01 17:14:12 fiduciaweb: Connection reset by peer: socket write error
12/06/01 17:14:12 fiduciaweb: Connection reset by peer: socket write error
12/06/01 17:19:50 fiduciaweb: Connection reset by peer: socket write error
12/06/01 17:19:50 fiduciaweb: Connection reset by peer: socket write error
12/06/01 17:19:57 fiduciaweb: Connection reset by peer: socket write error
12/06/01 17:32:01 fiduciaweb: Connection reset by peer: socket write error
12/06/01 17:32:06 fiduciaweb: Connection reset by peer: socket write error
12/06/01 17:32:41 fiduciaweb: Connection reset by peer: socket write error
12/06/01 17:32:46 fiduciaweb: Connection reset by peer: socket write error
12/06/01 17:33:13 fiduciaweb: Connection reset by peer: socket write error
12/06/01 17:33:45 fiduciaweb: Connection reset by peer: socket write error
12/06/01 17:33:45 fiduciaweb: Connection reset by peer: socket write error
12/06/01 17:34:13 fiduciaweb: Connection reset by peer: socket write error
12/06/01 17:34:18 fiduciaweb: Software caused connection abort: socket write error
12/06/01 17:34:33 fiduciaweb: Connection reset by peer: socket write error
12/06/01 17:34:39 fiduciaweb: Connection reset by peer: socket write error
12/06/01 17:36:39 fiduciaweb: Connection reset by peer: socket write error
12/06/01 17:36:44 fiduciaweb: Software caused connection abort: socket write error
12/06/01 17:37:27 fiduciaweb: Connection reset by peer: socket write error
12/06/01 17:37:27 fiduciaweb: Connection reset by peer: socket write error
12/06/01 17:37:33 fiduciaweb: Connection reset by peer: socket write error
12/06/01 17:37:37 fiduciaweb: Connection reset by peer: socket write error
12/06/01 17:39:46 fiduciaweb: Connection reset by peer: socket write error
12/06/01 17:52:35 Started
12/06/01 17:52:37 fiduciaweb: JDevOJSP: init
12/06/01 17:52:37 fiduciaweb: Started
12/06/01 17:52:37 fiduciaweb: Connection reset by peer: socket write error
12/06/01 17:52:37 fiduciaweb: Connection reset by peer: socket write error
12/06/01 17:52:37 fiduciaweb: Connection reset by peer: socket write error
12/06/01 17:52:37 fiduciaweb: Connection reset by peer: socket write error
12/06/01 17:53:16 fiduciaweb: Connection reset by peer: socket write error
12/06/01 17:56:02 fiduciaweb: Software caused connection abort: socket write error
12/06/01 17:56:30 fiduciaweb: Connection reset by peer: socket write error
12/06/01 17:56:30 fiduciaweb: Connection reset by peer: socket write error
12/06/01 17:56:30 fiduciaweb: Connection reset by peer: socket write error
12/06/01 17:56:30 fiduciaweb: Connection reset by peer: socket write error
12/06/01 17:59:51 fiduciaweb: Connection reset by peer: socket write error
12/06/01 17:59:56 fiduciaweb: Connection reset by peer: socket write error
12/06/01 18:00:09 fiduciaweb: Connection reset by peer: socket write error
12/06/01 18:00:12 fiduciaweb: Connection reset by peer: socket write error
12/06/01 18:00:12 fiduciaweb: Connection reset by peer: socket write error
12/06/01 18:00:12 fiduciaweb: Connection reset by peer: socket write error
12/06/01 18:00:12 fiduciaweb: Connection reset by peer: socket write error
12/06/01 18:00:12 fiduciaweb: Connection reset by peer: socket write error
12/06/01 18:00:12 fiduciaweb: Connection reset by peer: socket write error
12/06/01 18:00:12 fiduciaweb: Connection reset by peer: socket write error
12/06/01 18:00:12 fiduciaweb: Connection reset by peer: socket write error
12/06/01 18:00:12 fiduciaweb: Connection reset by peer: socket write error
12/06/01 18:00:12 fiduciaweb: Connection reset by peer: socket write error
12/06/01 18:00:12 fiduciaweb: Connection reset by peer: socket write error
12/06/01 18:00:12 fiduciaweb: Connection reset by peer: socket write error
12/06/01 18:00:12 fiduciaweb: Connection reset by peer: socket write error
12/06/01 18:00:12 fiduciaweb: Connection reset by peer: socket write error
12/06/01 18:00:26 fiduciaweb: Connection reset by peer: socket write error
12/06/01 18:00:40 fiduciaweb: Connection reset by peer: socket write error
12/06/01 18:00:43 fiduciaweb: Software caused connection abort: socket write error
12/06/03 01:08:35 Started
12/06/03 01:08:36 fiduciaweb: JDevOJSP: init
12/06/03 01:08:36 fiduciaweb: Started
12/06/03 01:08:36 fiduciaweb: Connection reset by peer: socket write error
12/06/03 01:08:36 fiduciaweb: Connection reset by peer: socket write error
12/06/03 01:08:36 fiduciaweb: Connection reset by peer: socket write error
12/06/03 01:08:36 fiduciaweb: Connection reset by peer: socket write error
12/06/03 01:08:36 fiduciaweb: Connection reset by peer: socket write error
12/06/04 05:21:20 Started
12/06/04 05:21:21 fiduciaweb: JDevOJSP: init
12/06/04 05:21:21 fiduciaweb: Started
12/06/04 05:21:21 fiduciaweb: Connection reset by peer: socket write error
12/06/04 05:21:21 fiduciaweb: Connection reset by peer: socket write error
12/06/04 05:21:21 fiduciaweb: Connection reset by peer: socket write error
12/06/04 05:21:21 fiduciaweb: Connection reset by peer: socket write error
12/06/04 05:21:21 fiduciaweb: Connection reset by peer: socket write error
12/06/04 05:21:21 fiduciaweb: Connection reset by peer: socket write error
12/06/04 05:21:21 fiduciaweb: Connection reset by peer: socket write error
12/06/04 05:21:21 fiduciaweb: Connection reset by peer: socket write error
12/06/04 05:21:22 fiduciaweb: Connection reset by peer: socket write error
12/06/04 05:21:22 fiduciaweb: Connection reset by peer: socket write error
12/06/04 05:22:09 fiduciaweb: Connection reset by peer: socket write error
12/06/04 05:23:34 fiduciaweb: Connection reset by peer: socket write error
12/06/04 05:46:35 fiduciaweb: Connection reset by peer: socket write error
12/06/04 05:46:36 fiduciaweb: Connection reset by peer: socket write error
12/06/04 05:46:43 fiduciaweb: Connection reset by peer: socket write error
12/06/04 05:46:43 fiduciaweb: Connection reset by peer: socket write error
12/06/04 05:46:43 fiduciaweb: Connection reset by peer: socket write error
12/06/04 05:46:50 fiduciaweb: Connection reset by peer: socket write error
12/06/04 05:46:50 fiduciaweb: Connection reset by peer: socket write error
12/06/04 05:52:22 fiduciaweb: Connection reset by peer: socket write error
12/06/04 05:52:38 fiduciaweb: Connection reset by peer: socket write error
12/06/04 05:52:38 fiduciaweb: Connection reset by peer: socket write error
12/06/04 05:53:03 fiduciaweb: Connection reset by peer: socket write error
12/06/04 05:53:16 fiduciaweb: Connection reset by peer: socket write error
12/06/04 05:54:11 fiduciaweb: Connection reset by peer: socket write error
12/06/04 05:54:39 fiduciaweb: Connection reset by peer: socket write error
12/06/04 05:54:39 fiduciaweb: Connection reset by peer: socket write error
12/06/04 06:20:22 fiduciaweb: Servlet error
java.lang.StringIndexOutOfBoundsException: String index out of range: 3
	at java.lang.String.substring(String.java:1441)
	at _confirmarOpc__2._jspService(confirmarOpc_2.jsp:35)
	at com.orionserver[Oracle Application Server Containers for J2EE 10g (10.1.2.2.0)].http.OrionHttpJspPage.service(OrionHttpJspPage.java:56)
	at oracle.jsp.runtimev2.JspPageTable.service(JspPageTable.java:356)
	at oracle.jsp.runtimev2.JspServlet.internalService(JspServlet.java:498)
	at oracle.jsp.runtimev2.JspServlet.service(JspServlet.java:402)
	at javax.servlet.http.HttpServlet.service(HttpServlet.java:853)
	at com.evermind[Oracle Application Server Containers for J2EE 10g (10.1.2.2.0)].server.http.ResourceFilterChain.doFilter(ResourceFilterChain.java:65)
	at oracle.security.jazn.oc4j.JAZNFilter.doFilter(Unknown Source)
	at com.evermind[Oracle Application Server Containers for J2EE 10g (10.1.2.2.0)].server.http.ServletRequestDispatcher.invoke(ServletRequestDispatcher.java:673)
	at com.evermind[Oracle Application Server Containers for J2EE 10g (10.1.2.2.0)].server.http.ServletRequestDispatcher.forwardInternal(ServletRequestDispatcher.java:340)
	at com.evermind[Oracle Application Server Containers for J2EE 10g (10.1.2.2.0)].server.http.HttpRequestHandler.processRequest(HttpRequestHandler.java:830)
	at com.evermind[Oracle Application Server Containers for J2EE 10g (10.1.2.2.0)].server.http.HttpRequestHandler.run(HttpRequestHandler.java:285)
	at com.evermind[Oracle Application Server Containers for J2EE 10g (10.1.2.2.0)].server.http.HttpRequestHandler.run(HttpRequestHandler.java:126)
	at com.evermind[Oracle Application Server Containers for J2EE 10g (10.1.2.2.0)].util.ReleasableResourcePooledExecutor$MyWorker.run(ReleasableResourcePooledExecutor.java:192)
	at java.lang.Thread.run(Thread.java:534)
12/06/04 06:25:17 fiduciaweb: Servlet error
java.lang.StringIndexOutOfBoundsException: String index out of range: 3
	at java.lang.String.substring(String.java:1441)
	at _confirmarOpc__2._jspService(confirmarOpc_2.jsp:35)
	at com.orionserver[Oracle Application Server Containers for J2EE 10g (10.1.2.2.0)].http.OrionHttpJspPage.service(OrionHttpJspPage.java:56)
	at oracle.jsp.runtimev2.JspPageTable.compileAndServe(JspPageTable.java:575)
	at oracle.jsp.runtimev2.JspPageTable.service(JspPageTable.java:311)
	at oracle.jsp.runtimev2.JspServlet.internalService(JspServlet.java:498)
	at oracle.jsp.runtimev2.JspServlet.service(JspServlet.java:402)
	at javax.servlet.http.HttpServlet.service(HttpServlet.java:853)
	at com.evermind[Oracle Application Server Containers for J2EE 10g (10.1.2.2.0)].server.http.ResourceFilterChain.doFilter(ResourceFilterChain.java:65)
	at oracle.security.jazn.oc4j.JAZNFilter.doFilter(Unknown Source)
	at com.evermind[Oracle Application Server Containers for J2EE 10g (10.1.2.2.0)].server.http.ServletRequestDispatcher.invoke(ServletRequestDispatcher.java:673)
	at com.evermind[Oracle Application Server Containers for J2EE 10g (10.1.2.2.0)].server.http.ServletRequestDispatcher.forwardInternal(ServletRequestDispatcher.java:340)
	at com.evermind[Oracle Application Server Containers for J2EE 10g (10.1.2.2.0)].server.http.HttpRequestHandler.processRequest(HttpRequestHandler.java:830)
	at com.evermind[Oracle Application Server Containers for J2EE 10g (10.1.2.2.0)].server.http.HttpRequestHandler.run(HttpRequestHandler.java:285)
	at com.evermind[Oracle Application Server Containers for J2EE 10g (10.1.2.2.0)].server.http.HttpRequestHandler.run(HttpRequestHandler.java:126)
	at com.evermind[Oracle Application Server Containers for J2EE 10g (10.1.2.2.0)].util.ReleasableResourcePooledExecutor$MyWorker.run(ReleasableResourcePooledExecutor.java:186)
	at java.lang.Thread.run(Thread.java:534)
12/06/04 06:29:00 fiduciaweb: Servlet error
java.lang.StringIndexOutOfBoundsException: String index out of range: 3
	at java.lang.String.substring(String.java:1441)
	at _confirmarOpc__2._jspService(confirmarOpc_2.jsp:35)
	at com.orionserver[Oracle Application Server Containers for J2EE 10g (10.1.2.2.0)].http.OrionHttpJspPage.service(OrionHttpJspPage.java:56)
	at oracle.jsp.runtimev2.JspPageTable.compileAndServe(JspPageTable.java:575)
	at oracle.jsp.runtimev2.JspPageTable.service(JspPageTable.java:311)
	at oracle.jsp.runtimev2.JspServlet.internalService(JspServlet.java:498)
	at oracle.jsp.runtimev2.JspServlet.service(JspServlet.java:402)
	at javax.servlet.http.HttpServlet.service(HttpServlet.java:853)
	at com.evermind[Oracle Application Server Containers for J2EE 10g (10.1.2.2.0)].server.http.ResourceFilterChain.doFilter(ResourceFilterChain.java:65)
	at oracle.security.jazn.oc4j.JAZNFilter.doFilter(Unknown Source)
	at com.evermind[Oracle Application Server Containers for J2EE 10g (10.1.2.2.0)].server.http.ServletRequestDispatcher.invoke(ServletRequestDispatcher.java:673)
	at com.evermind[Oracle Application Server Containers for J2EE 10g (10.1.2.2.0)].server.http.ServletRequestDispatcher.forwardInternal(ServletRequestDispatcher.java:340)
	at com.evermind[Oracle Application Server Containers for J2EE 10g (10.1.2.2.0)].server.http.HttpRequestHandler.processRequest(HttpRequestHandler.java:830)
	at com.evermind[Oracle Application Server Containers for J2EE 10g (10.1.2.2.0)].server.http.HttpRequestHandler.run(HttpRequestHandler.java:285)
	at com.evermind[Oracle Application Server Containers for J2EE 10g (10.1.2.2.0)].server.http.HttpRequestHandler.run(HttpRequestHandler.java:126)
	at com.evermind[Oracle Application Server Containers for J2EE 10g (10.1.2.2.0)].util.ReleasableResourcePooledExecutor$MyWorker.run(ReleasableResourcePooledExecutor.java:186)
	at java.lang.Thread.run(Thread.java:534)
12/06/04 06:29:04 fiduciaweb: Servlet error
java.lang.StringIndexOutOfBoundsException: String index out of range: 3
	at java.lang.String.substring(String.java:1441)
	at _confirmarOpc__2._jspService(confirmarOpc_2.jsp:35)
	at com.orionserver[Oracle Application Server Containers for J2EE 10g (10.1.2.2.0)].http.OrionHttpJspPage.service(OrionHttpJspPage.java:56)
	at oracle.jsp.runtimev2.JspPageTable.compileAndServe(JspPageTable.java:575)
	at oracle.jsp.runtimev2.JspPageTable.service(JspPageTable.java:311)
	at oracle.jsp.runtimev2.JspServlet.internalService(JspServlet.java:498)
	at oracle.jsp.runtimev2.JspServlet.service(JspServlet.java:402)
	at javax.servlet.http.HttpServlet.service(HttpServlet.java:853)
	at com.evermind[Oracle Application Server Containers for J2EE 10g (10.1.2.2.0)].server.http.ResourceFilterChain.doFilter(ResourceFilterChain.java:65)
	at oracle.security.jazn.oc4j.JAZNFilter.doFilter(Unknown Source)
	at com.evermind[Oracle Application Server Containers for J2EE 10g (10.1.2.2.0)].server.http.ServletRequestDispatcher.invoke(ServletRequestDispatcher.java:673)
	at com.evermind[Oracle Application Server Containers for J2EE 10g (10.1.2.2.0)].server.http.ServletRequestDispatcher.forwardInternal(ServletRequestDispatcher.java:340)
	at com.evermind[Oracle Application Server Containers for J2EE 10g (10.1.2.2.0)].server.http.HttpRequestHandler.processRequest(HttpRequestHandler.java:830)
	at com.evermind[Oracle Application Server Containers for J2EE 10g (10.1.2.2.0)].server.http.HttpRequestHandler.run(HttpRequestHandler.java:285)
	at com.evermind[Oracle Application Server Containers for J2EE 10g (10.1.2.2.0)].server.http.HttpRequestHandler.run(HttpRequestHandler.java:126)
	at com.evermind[Oracle Application Server Containers for J2EE 10g (10.1.2.2.0)].util.ReleasableResourcePooledExecutor$MyWorker.run(ReleasableResourcePooledExecutor.java:192)
	at java.lang.Thread.run(Thread.java:534)
12/06/04 06:30:24 fiduciaweb: JspServlet: No se ha podido distribuir a la página solicitada: java.lang.IllegalArgumentException: Attempted to write longer than Content-Length (7479 + 5280 / 7479)
	at com.evermind.server.http.EvermindServletOutputStream.write(EvermindServletOutputStream.java:177)
	at com.evermind.server.http.EvermindJSPWriter.writeOut(EvermindJSPWriter.java:481)
	at com.evermind.server.http.EvermindJSPWriter.jspflush(EvermindJSPWriter.java:398)
	at com.evermind.server.http.EvermindJSPWriter.close(EvermindJSPWriter.java:369)
	at oracle.jsp.runtime.OracleJspRuntime.extraHandlePCFinally(OracleJspRuntime.java:1398)
	at _opciones__2._jspService(opciones_2.jsp:307)
	at com.orionserver.http.OrionHttpJspPage.service(OrionHttpJspPage.java:56)
	at oracle.jsp.runtimev2.JspPageTable.service(JspPageTable.java:356)
	at oracle.jsp.runtimev2.JspServlet.internalService(JspServlet.java:498)
	at oracle.jsp.runtimev2.JspServlet.service(JspServlet.java:402)
	at javax.servlet.http.HttpServlet.service(HttpServlet.java:853)
	at com.evermind.server.http.ResourceFilterChain.doFilter(ResourceFilterChain.java:65)
	at oracle.security.jazn.oc4j.JAZNFilter.doFilter(Unknown Source)
	at com.evermind.server.http.ServletRequestDispatcher.invoke(ServletRequestDispatcher.java:673)
	at com.evermind.server.http.ServletRequestDispatcher.forwardInternal(ServletRequestDispatcher.java:340)
	at com.evermind.server.http.HttpRequestHandler.processRequest(HttpRequestHandler.java:830)
	at com.evermind.server.http.HttpRequestHandler.run(HttpRequestHandler.java:285)
	at com.evermind.server.http.HttpRequestHandler.run(HttpRequestHandler.java:126)
	at com.evermind.util.ReleasableResourcePooledExecutor$MyWorker.run(ReleasableResourcePooledExecutor.java:192)
	at java.lang.Thread.run(Thread.java:534)

12/06/04 06:30:24 fiduciaweb: OracleJSP:
<HTML><BODY>
<P> <H2  ALIGN=CENTER>Error JSP:</H2> <HR  ALIGN=CENTER> <P>
<P><H3>URI de Solicitud:/fiduciaweb/opciones_2.jsp</H3><P>
<H3>Excepción:</H3>java.lang.IllegalArgumentException: Attempted to write longer than Content-Length (7479 + 5280 / 7479)
	at com.evermind.server.http.EvermindServletOutputStream.write(EvermindServletOutputStream.java:177)
	at com.evermind.server.http.EvermindJSPWriter.writeOut(EvermindJSPWriter.java:481)
	at com.evermind.server.http.EvermindJSPWriter.jspflush(EvermindJSPWriter.java:398)
	at com.evermind.server.http.EvermindJSPWriter.close(EvermindJSPWriter.java:369)
	at oracle.jsp.runtime.OracleJspRuntime.extraHandlePCFinally(OracleJspRuntime.java:1398)
	at _opciones__2._jspService(opciones_2.jsp:307)
	[/opciones_2.jsp]
	at com.orionserver.http.OrionHttpJspPage.service(OrionHttpJspPage.java:56)
	at oracle.jsp.runtimev2.JspPageTable.service(JspPageTable.java:356)
	at oracle.jsp.runtimev2.JspServlet.internalService(JspServlet.java:498)
	at oracle.jsp.runtimev2.JspServlet.service(JspServlet.java:402)
	at javax.servlet.http.HttpServlet.service(HttpServlet.java:853)
	at com.evermind.server.http.ResourceFilterChain.doFilter(ResourceFilterChain.java:65)
	at oracle.security.jazn.oc4j.JAZNFilter.doFilter(Unknown Source)
	at com.evermind.server.http.ServletRequestDispatcher.invoke(ServletRequestDispatcher.java:673)
	at com.evermind.server.http.ServletRequestDispatcher.forwardInternal(ServletRequestDispatcher.java:340)
	at com.evermind.server.http.HttpRequestHandler.processRequest(HttpRequestHandler.java:830)
	at com.evermind.server.http.HttpRequestHandler.run(HttpRequestHandler.java:285)
	at com.evermind.server.http.HttpRequestHandler.run(HttpRequestHandler.java:126)
	at com.evermind.util.ReleasableResourcePooledExecutor$MyWorker.run(ReleasableResourcePooledExecutor.java:192)
	at java.lang.Thread.run(Thread.java:534)

<P><P><HR ALIGN=CENTER>
</HTML></BODY>

12/06/04 06:31:11 fiduciaweb: JspServlet: No se ha podido distribuir a la página solicitada: java.lang.IllegalArgumentException: Attempted to write longer than Content-Length (7479 + 5280 / 7479)
	at com.evermind.server.http.EvermindServletOutputStream.write(EvermindServletOutputStream.java:177)
	at com.evermind.server.http.EvermindJSPWriter.writeOut(EvermindJSPWriter.java:481)
	at com.evermind.server.http.EvermindJSPWriter.jspflush(EvermindJSPWriter.java:398)
	at com.evermind.server.http.EvermindJSPWriter.close(EvermindJSPWriter.java:369)
	at oracle.jsp.runtime.OracleJspRuntime.extraHandlePCFinally(OracleJspRuntime.java:1398)
	at _opciones__2._jspService(opciones_2.jsp:307)
	at com.orionserver.http.OrionHttpJspPage.service(OrionHttpJspPage.java:56)
	at oracle.jsp.runtimev2.JspPageTable.service(JspPageTable.java:356)
	at oracle.jsp.runtimev2.JspServlet.internalService(JspServlet.java:498)
	at oracle.jsp.runtimev2.JspServlet.service(JspServlet.java:402)
	at javax.servlet.http.HttpServlet.service(HttpServlet.java:853)
	at com.evermind.server.http.ResourceFilterChain.doFilter(ResourceFilterChain.java:65)
	at oracle.security.jazn.oc4j.JAZNFilter.doFilter(Unknown Source)
	at com.evermind.server.http.ServletRequestDispatcher.invoke(ServletRequestDispatcher.java:673)
	at com.evermind.server.http.ServletRequestDispatcher.forwardInternal(ServletRequestDispatcher.java:340)
	at com.evermind.server.http.HttpRequestHandler.processRequest(HttpRequestHandler.java:830)
	at com.evermind.server.http.HttpRequestHandler.run(HttpRequestHandler.java:285)
	at com.evermind.server.http.HttpRequestHandler.run(HttpRequestHandler.java:126)
	at com.evermind.util.ReleasableResourcePooledExecutor$MyWorker.run(ReleasableResourcePooledExecutor.java:192)
	at java.lang.Thread.run(Thread.java:534)

12/06/04 06:31:11 fiduciaweb: OracleJSP:
<HTML><BODY>
<P> <H2  ALIGN=CENTER>Error JSP:</H2> <HR  ALIGN=CENTER> <P>
<P><H3>URI de Solicitud:/fiduciaweb/opciones_2.jsp</H3><P>
<H3>Excepción:</H3>java.lang.IllegalArgumentException: Attempted to write longer than Content-Length (7479 + 5280 / 7479)
	at com.evermind.server.http.EvermindServletOutputStream.write(EvermindServletOutputStream.java:177)
	at com.evermind.server.http.EvermindJSPWriter.writeOut(EvermindJSPWriter.java:481)
	at com.evermind.server.http.EvermindJSPWriter.jspflush(EvermindJSPWriter.java:398)
	at com.evermind.server.http.EvermindJSPWriter.close(EvermindJSPWriter.java:369)
	at oracle.jsp.runtime.OracleJspRuntime.extraHandlePCFinally(OracleJspRuntime.java:1398)
	at _opciones__2._jspService(opciones_2.jsp:307)
	[/opciones_2.jsp]
	at com.orionserver.http.OrionHttpJspPage.service(OrionHttpJspPage.java:56)
	at oracle.jsp.runtimev2.JspPageTable.service(JspPageTable.java:356)
	at oracle.jsp.runtimev2.JspServlet.internalService(JspServlet.java:498)
	at oracle.jsp.runtimev2.JspServlet.service(JspServlet.java:402)
	at javax.servlet.http.HttpServlet.service(HttpServlet.java:853)
	at com.evermind.server.http.ResourceFilterChain.doFilter(ResourceFilterChain.java:65)
	at oracle.security.jazn.oc4j.JAZNFilter.doFilter(Unknown Source)
	at com.evermind.server.http.ServletRequestDispatcher.invoke(ServletRequestDispatcher.java:673)
	at com.evermind.server.http.ServletRequestDispatcher.forwardInternal(ServletRequestDispatcher.java:340)
	at com.evermind.server.http.HttpRequestHandler.processRequest(HttpRequestHandler.java:830)
	at com.evermind.server.http.HttpRequestHandler.run(HttpRequestHandler.java:285)
	at com.evermind.server.http.HttpRequestHandler.run(HttpRequestHandler.java:126)
	at com.evermind.util.ReleasableResourcePooledExecutor$MyWorker.run(ReleasableResourcePooledExecutor.java:192)
	at java.lang.Thread.run(Thread.java:534)

<P><P><HR ALIGN=CENTER>
</HTML></BODY>

12/06/04 16:17:50 Started
12/06/04 16:17:51 fiduciaweb: JDevOJSP: init
12/06/04 16:17:51 fiduciaweb: Started
12/06/04 16:17:52 fiduciaweb: Connection reset by peer: socket write error
12/06/04 16:17:52 fiduciaweb: Connection reset by peer: socket write error
12/06/04 16:17:52 fiduciaweb: Connection reset by peer: socket write error
12/06/04 16:17:52 fiduciaweb: Connection reset by peer: socket write error
12/06/04 16:17:52 fiduciaweb: Connection reset by peer: socket write error
12/06/04 16:17:52 fiduciaweb: Connection reset by peer: socket write error
12/06/04 16:17:52 fiduciaweb: Connection reset by peer: socket write error
12/06/04 16:17:52 fiduciaweb: Connection reset by peer: socket write error
12/06/04 16:17:52 Started
12/06/04 16:17:53 fiduciaweb: JDevOJSP: init
12/06/04 16:17:53 fiduciaweb: Started
12/06/15 05:45:34 Started
12/06/15 05:45:38 fiduciaweb: JDevOJSP: init
12/06/15 05:45:38 fiduciaweb: Started
12/06/15 05:45:38 fiduciaweb: Connection reset by peer: socket write error
12/06/15 05:45:38 fiduciaweb: Connection reset by peer: socket write error
12/06/15 05:45:57 fiduciaweb: Connection reset by peer: socket write error
12/06/15 05:45:57 fiduciaweb: Connection reset by peer: socket write error
12/06/15 11:02:28 Started
12/06/15 11:02:31 fiduciaweb: JDevOJSP: init
12/06/15 11:02:31 fiduciaweb: Started
12/06/15 11:02:32 fiduciaweb: Connection reset by peer: socket write error
12/06/15 11:02:32 fiduciaweb: Connection reset by peer: socket write error
12/06/15 11:02:32 fiduciaweb: Connection reset by peer: socket write error
12/06/15 11:02:32 fiduciaweb: Connection reset by peer: socket write error
12/06/15 11:02:32 fiduciaweb: Connection reset by peer: socket write error
12/06/15 11:02:32 fiduciaweb: Connection reset by peer: socket write error
12/06/15 11:22:43 fiduciaweb: Connection reset by peer: socket write error
12/06/15 11:22:43 fiduciaweb: Connection reset by peer: socket write error
12/06/15 11:22:43 fiduciaweb: Connection reset by peer: socket write error
12/06/15 11:22:43 fiduciaweb: Connection reset by peer: socket write error
12/06/15 11:22:50 fiduciaweb: Connection reset by peer: socket write error
12/06/15 11:22:50 fiduciaweb: Connection reset by peer: socket write error
12/06/15 11:22:50 fiduciaweb: Connection reset by peer: socket write error
12/06/15 11:22:56 fiduciaweb: Connection reset by peer: socket write error
12/06/15 11:29:38 Started
12/06/15 11:29:43 fiduciaweb: JDevOJSP: init
12/06/15 11:29:43 fiduciaweb: Started
12/06/15 11:29:43 fiduciaweb: Connection reset by peer: socket write error
12/06/15 11:29:43 fiduciaweb: Connection reset by peer: socket write error
12/06/15 11:29:43 fiduciaweb: Connection reset by peer: socket write error
12/06/15 11:29:43 fiduciaweb: Connection reset by peer: socket write error
12/06/15 11:29:43 fiduciaweb: Connection reset by peer: socket write error
12/06/15 11:30:35 fiduciaweb: Connection reset by peer: socket write error
12/06/15 11:30:35 fiduciaweb: Connection reset by peer: socket write error
12/06/15 11:30:35 fiduciaweb: Connection reset by peer: socket write error
12/06/15 11:30:35 fiduciaweb: Connection reset by peer: socket write error
12/06/15 11:30:35 fiduciaweb: Connection reset by peer: socket write error
12/06/15 11:30:35 fiduciaweb: Connection reset by peer: socket write error
12/06/15 11:30:54 fiduciaweb: Connection reset by peer: socket write error
12/06/15 11:31:23 fiduciaweb: Connection reset by peer: socket write error
12/06/15 11:31:23 fiduciaweb: Connection reset by peer: socket write error
12/06/15 11:31:23 fiduciaweb: Connection reset by peer: socket write error
12/06/15 11:31:23 fiduciaweb: Connection reset by peer: socket write error
12/06/15 11:31:23 fiduciaweb: Connection reset by peer: socket write error
12/06/15 11:31:23 fiduciaweb: Connection reset by peer: socket write error
12/06/15 11:31:23 fiduciaweb: Connection reset by peer: socket write error
12/06/15 11:31:23 fiduciaweb: Connection reset by peer: socket write error
12/06/15 11:31:23 fiduciaweb: Connection reset by peer: socket write error
12/06/15 11:31:23 fiduciaweb: Connection reset by peer: socket write error
12/06/15 11:31:23 fiduciaweb: Connection reset by peer: socket write error
12/06/15 11:31:23 fiduciaweb: Connection reset by peer: socket write error
12/06/15 11:31:23 fiduciaweb: Connection reset by peer: socket write error
12/06/15 11:31:23 fiduciaweb: Connection reset by peer: socket write error
12/06/15 11:34:04 fiduciaweb: Connection reset by peer: socket write error
12/06/15 11:34:31 fiduciaweb: Connection reset by peer: socket write error
12/06/15 11:34:40 fiduciaweb: Connection reset by peer: socket write error
12/06/15 11:34:40 fiduciaweb: Connection reset by peer: socket write error
12/06/15 11:46:02 Started
12/06/15 11:46:07 fiduciaweb: JDevOJSP: init
12/06/15 11:46:07 fiduciaweb: Started
12/06/15 11:46:07 fiduciaweb: Connection reset by peer: socket write error
12/06/15 11:46:07 fiduciaweb: Connection reset by peer: socket write error
12/06/15 11:46:07 fiduciaweb: Connection reset by peer: socket write error
12/06/15 11:46:07 fiduciaweb: Connection reset by peer: socket write error
12/06/15 11:46:47 fiduciaweb: Connection reset by peer: socket write error
12/06/15 11:46:47 fiduciaweb: Connection reset by peer: socket write error
12/06/15 11:46:51 fiduciaweb: Connection reset by peer: socket write error
12/06/15 11:46:54 fiduciaweb: Connection reset by peer: socket write error
12/06/15 11:46:59 fiduciaweb: Connection reset by peer: socket write error
12/06/15 11:47:20 fiduciaweb: Connection reset by peer: socket write error
12/06/15 11:47:20 fiduciaweb: Connection reset by peer: socket write error
12/06/15 11:47:28 fiduciaweb: Connection reset by peer: socket write error
12/06/15 11:47:35 fiduciaweb: Connection reset by peer: socket write error
12/06/15 11:47:35 fiduciaweb: Connection reset by peer: socket write error
12/06/15 11:47:35 fiduciaweb: Connection reset by peer: socket write error
12/06/15 11:49:44 fiduciaweb: Connection reset by peer: socket write error
12/06/15 11:50:13 fiduciaweb: Connection reset by peer: socket write error
12/06/15 11:50:50 fiduciaweb: Connection reset by peer: socket write error
12/06/15 11:50:53 fiduciaweb: Connection reset by peer: socket write error
12/06/15 12:01:36 Started
12/06/15 12:01:41 fiduciaweb: JDevOJSP: init
12/06/15 12:01:41 fiduciaweb: Started
12/06/15 12:02:23 fiduciaweb: Connection reset by peer: socket write error
12/06/15 12:02:23 fiduciaweb: Connection reset by peer: socket write error
12/06/15 12:02:23 fiduciaweb: Connection reset by peer: socket write error
12/06/15 12:02:23 fiduciaweb: Connection reset by peer: socket write error
12/06/15 12:02:28 fiduciaweb: Connection reset by peer: socket write error
12/06/15 12:02:32 fiduciaweb: Connection reset by peer: socket write error
12/06/15 12:03:39 fiduciaweb: Connection reset by peer: socket write error
12/06/15 12:03:57 fiduciaweb: Connection reset by peer: socket write error
12/06/15 12:03:57 fiduciaweb: Connection reset by peer: socket write error
12/06/15 12:05:02 fiduciaweb: Connection reset by peer: socket write error
12/06/15 12:05:02 fiduciaweb: Connection reset by peer: socket write error
12/06/15 12:05:40 fiduciaweb: Connection reset by peer: socket write error
12/06/15 12:05:40 fiduciaweb: Connection reset by peer: socket write error
12/06/15 12:05:50 fiduciaweb: Connection reset by peer: socket write error
12/06/15 12:06:02 fiduciaweb: Connection reset by peer: socket write error
12/06/15 12:30:35 fiduciaweb: Connection reset by peer: socket write error
12/06/15 12:30:41 fiduciaweb: Connection reset by peer: socket write error
12/06/15 12:37:02 fiduciaweb: Connection reset by peer: socket write error
12/06/15 12:39:37 fiduciaweb: Connection reset by peer: socket write error
12/06/15 12:39:42 fiduciaweb: Connection reset by peer: socket write error
12/06/15 12:42:03 fiduciaweb: Connection reset by peer: socket write error
12/06/15 12:42:43 fiduciaweb: Connection reset by peer: socket write error
12/06/15 12:42:49 fiduciaweb: Connection reset by peer: socket write error
12/06/15 12:43:11 fiduciaweb: Connection reset by peer: socket write error
12/06/15 12:43:17 fiduciaweb: Connection reset by peer: socket write error
12/06/15 12:43:34 fiduciaweb: Connection reset by peer: socket write error
12/06/15 12:43:44 fiduciaweb: Connection reset by peer: socket write error
12/06/15 12:44:07 fiduciaweb: Connection reset by peer: socket write error
12/06/15 12:44:07 fiduciaweb: Connection reset by peer: socket write error
12/06/15 12:44:07 fiduciaweb: Connection reset by peer: socket write error
12/06/15 13:49:31 Started
12/06/15 13:49:35 fiduciaweb: JDevOJSP: init
12/06/15 13:49:35 fiduciaweb: Started
12/06/15 13:49:35 fiduciaweb: Connection reset by peer: socket write error
12/06/15 13:49:35 fiduciaweb: Connection reset by peer: socket write error
12/06/15 13:49:35 fiduciaweb: Connection reset by peer: socket write error
12/06/15 13:49:35 fiduciaweb: Connection reset by peer: socket write error
12/06/15 13:49:35 fiduciaweb: Connection reset by peer: socket write error
12/06/15 13:49:35 fiduciaweb: Connection reset by peer: socket write error
12/06/15 13:49:35 fiduciaweb: Connection reset by peer: socket write error
12/06/15 13:49:35 fiduciaweb: Connection reset by peer: socket write error
12/06/15 13:49:35 fiduciaweb: Connection reset by peer: socket write error
12/06/15 13:49:35 fiduciaweb: Connection reset by peer: socket write error
12/06/15 13:49:35 fiduciaweb: Connection reset by peer: socket write error
12/06/15 13:49:35 fiduciaweb: Connection reset by peer: socket write error
12/06/15 13:50:07 fiduciaweb: Connection reset by peer: socket write error
12/06/15 13:50:07 fiduciaweb: Connection reset by peer: socket write error
12/06/15 13:50:07 fiduciaweb: Connection reset by peer: socket write error
12/06/15 13:50:07 fiduciaweb: Connection reset by peer: socket write error
12/06/15 13:50:07 fiduciaweb: Connection reset by peer: socket write error
12/06/15 13:50:07 fiduciaweb: Connection reset by peer: socket write error
12/06/15 13:50:15 fiduciaweb: Connection reset by peer: socket write error
12/06/15 13:50:23 fiduciaweb: Connection reset by peer: socket write error
12/06/15 13:50:23 fiduciaweb: Connection reset by peer: socket write error
12/06/15 13:50:31 fiduciaweb: Connection reset by peer: socket write error
12/06/15 13:50:46 fiduciaweb: Connection reset by peer: socket write error
12/06/15 13:51:22 fiduciaweb: Connection reset by peer: socket write error
12/06/15 13:51:22 fiduciaweb: Connection reset by peer: socket write error
12/06/15 13:56:34 Started
12/06/15 13:56:38 fiduciaweb: JDevOJSP: init
12/06/15 13:56:38 fiduciaweb: Started
12/06/15 13:56:38 fiduciaweb: Connection reset by peer: socket write error
12/06/15 13:57:43 fiduciaweb: Connection reset by peer: socket write error
12/06/15 13:57:48 fiduciaweb: Connection reset by peer: socket write error
12/06/15 13:58:26 fiduciaweb: Connection reset by peer: socket write error
12/06/15 13:58:26 fiduciaweb: Connection reset by peer: socket write error
12/06/15 13:58:26 fiduciaweb: Connection reset by peer: socket write error
12/06/15 13:58:32 fiduciaweb: Connection reset by peer: socket write error
12/06/15 13:58:32 fiduciaweb: Connection reset by peer: socket write error
12/06/15 14:00:59 fiduciaweb: Connection reset by peer: socket write error
12/06/15 14:01:04 fiduciaweb: Connection reset by peer: socket write error
12/06/15 14:01:04 fiduciaweb: Connection reset by peer: socket write error
12/06/15 14:01:19 fiduciaweb: Connection reset by peer: socket write error
12/06/15 14:01:19 fiduciaweb: Connection reset by peer: socket write error
12/06/15 14:02:54 fiduciaweb: Connection reset by peer: socket write error
12/06/15 14:05:47 fiduciaweb: Connection reset by peer: socket write error
12/06/15 14:05:47 fiduciaweb: Connection reset by peer: socket write error
12/06/15 14:05:47 fiduciaweb: Connection reset by peer: socket write error
12/06/15 14:05:47 fiduciaweb: Connection reset by peer: socket write error
12/06/15 14:05:57 fiduciaweb: Connection reset by peer: socket write error
12/06/15 14:06:11 fiduciaweb: Connection reset by peer: socket write error
12/06/15 14:06:11 fiduciaweb: Connection reset by peer: socket write error
12/06/15 14:06:11 fiduciaweb: Connection reset by peer: socket write error
12/06/15 14:06:11 fiduciaweb: Connection reset by peer: socket write error
12/06/15 14:06:51 fiduciaweb: Connection reset by peer: socket write error
12/06/15 14:07:17 fiduciaweb: Connection reset by peer: socket write error
12/06/15 14:07:22 fiduciaweb: Connection reset by peer: socket write error
12/06/15 14:07:22 fiduciaweb: Connection reset by peer: socket write error
12/06/15 14:08:22 fiduciaweb: Connection reset by peer: socket write error
12/06/15 18:32:17 Started
12/06/15 18:32:20 fiduciaweb: JDevOJSP: init
12/06/15 18:32:20 fiduciaweb: Started
12/06/15 18:32:42 fiduciaweb: Connection reset by peer: socket write error
12/06/15 18:32:42 fiduciaweb: Connection reset by peer: socket write error
12/06/15 18:33:18 fiduciaweb: Connection reset by peer: socket write error
12/06/15 18:33:18 fiduciaweb: Connection reset by peer: socket write error
12/06/15 18:33:18 fiduciaweb: Connection reset by peer: socket write error
12/06/15 18:33:18 fiduciaweb: Connection reset by peer: socket write error
12/06/15 18:33:18 fiduciaweb: Connection reset by peer: socket write error
12/06/15 18:33:18 fiduciaweb: Connection reset by peer: socket write error
12/06/15 18:33:18 fiduciaweb: Connection reset by peer: socket write error
12/06/15 18:33:18 fiduciaweb: Connection reset by peer: socket write error
12/06/15 18:33:18 fiduciaweb: Connection reset by peer: socket write error
12/06/15 18:33:18 fiduciaweb: Connection reset by peer: socket write error
12/06/15 18:33:24 fiduciaweb: Connection reset by peer: socket write error
12/06/15 18:34:07 fiduciaweb: Connection reset by peer: socket write error
12/06/15 18:34:12 fiduciaweb: Connection reset by peer: socket write error
12/06/15 18:34:50 fiduciaweb: Connection reset by peer: socket write error
12/06/15 18:35:02 fiduciaweb: Connection reset by peer: socket write error
12/06/15 18:35:02 fiduciaweb: Connection reset by peer: socket write error
12/06/15 18:36:04 fiduciaweb: Connection reset by peer: socket write error
12/06/15 18:38:05 Started
12/06/15 18:38:07 fiduciaweb: JDevOJSP: init
12/06/15 18:38:07 fiduciaweb: Started
12/06/15 18:38:08 fiduciaweb: Connection reset by peer: socket write error
12/06/15 18:38:08 fiduciaweb: Connection reset by peer: socket write error
12/06/15 18:38:08 fiduciaweb: Connection reset by peer: socket write error
12/06/15 18:38:08 fiduciaweb: Connection reset by peer: socket write error
12/06/15 18:38:08 fiduciaweb: Connection reset by peer: socket write error
12/06/15 18:38:53 fiduciaweb: Connection reset by peer: socket write error
12/06/15 18:41:28 fiduciaweb: Connection reset by peer: socket write error
12/06/15 18:41:28 fiduciaweb: Connection reset by peer: socket write error
12/06/15 18:43:44 fiduciaweb: Connection reset by peer: socket write error
12/06/15 18:44:18 fiduciaweb: Connection reset by peer: socket write error
12/06/15 18:44:23 fiduciaweb: Connection reset by peer: socket write error
12/06/15 18:45:12 fiduciaweb: Connection reset by peer: socket write error
12/06/15 18:45:12 fiduciaweb: Connection reset by peer: socket write error
12/06/15 18:45:29 fiduciaweb: Connection reset by peer: socket write error
12/06/15 18:45:29 fiduciaweb: Connection reset by peer: socket write error
12/06/15 18:45:48 fiduciaweb: Connection reset by peer: socket write error
12/06/15 18:45:50 fiduciaweb: Connection reset by peer: socket write error
12/06/15 18:45:50 fiduciaweb: Connection reset by peer: socket write error
12/06/15 18:45:54 fiduciaweb: Connection reset by peer: socket write error
12/06/15 18:46:32 fiduciaweb: Connection reset by peer: socket write error
12/06/15 18:46:50 fiduciaweb: Connection reset by peer: socket write error
12/06/15 18:47:19 fiduciaweb: Connection reset by peer: socket write error
12/06/15 18:47:49 fiduciaweb: Connection reset by peer: socket write error
12/06/15 18:47:49 fiduciaweb: Connection reset by peer: socket write error
12/06/15 18:49:16 fiduciaweb: Connection reset by peer: socket write error
12/06/15 18:49:21 fiduciaweb: Connection reset by peer: socket write error
12/06/15 18:50:00 fiduciaweb: Connection reset by peer: socket write error
12/06/15 18:50:07 fiduciaweb: Connection reset by peer: socket write error
12/06/15 18:50:07 fiduciaweb: Connection reset by peer: socket write error
12/06/15 18:50:07 fiduciaweb: Connection reset by peer: socket write error
12/06/15 18:50:07 fiduciaweb: Connection reset by peer: socket write error
12/06/15 18:50:14 fiduciaweb: Connection reset by peer: socket write error
12/06/15 18:50:55 fiduciaweb: Connection reset by peer: socket write error
12/06/15 18:51:39 fiduciaweb: Connection reset by peer: socket write error
12/06/15 18:51:44 fiduciaweb: Connection reset by peer: socket write error
12/06/15 18:52:05 fiduciaweb: Connection reset by peer: socket write error
12/06/15 18:52:29 fiduciaweb: Connection reset by peer: socket write error
12/06/15 18:52:29 fiduciaweb: Connection reset by peer: socket write error
12/06/15 18:52:29 fiduciaweb: Connection reset by peer: socket write error
12/06/15 18:52:29 fiduciaweb: Connection reset by peer: socket write error
12/06/15 18:58:32 fiduciaweb: Connection reset by peer: socket write error
12/06/15 18:58:44 fiduciaweb: Connection reset by peer: socket write error
12/06/15 18:58:49 fiduciaweb: Connection reset by peer: socket write error
12/06/15 18:59:04 fiduciaweb: Connection reset by peer: socket write error
12/06/15 18:59:09 fiduciaweb: Connection reset by peer: socket write error
12/06/15 18:59:15 fiduciaweb: Connection reset by peer: socket write error
12/06/15 18:59:25 fiduciaweb: Connection reset by peer: socket write error
12/06/15 18:59:27 fiduciaweb: Connection reset by peer: socket write error
12/06/15 18:59:33 fiduciaweb: Connection reset by peer: socket write error
12/06/15 18:59:47 fiduciaweb: Connection reset by peer: socket write error
12/06/15 18:59:47 fiduciaweb: Connection reset by peer: socket write error
12/06/15 18:59:51 fiduciaweb: Connection reset by peer: socket write error
12/06/15 19:00:35 fiduciaweb: Connection reset by peer: socket write error
12/06/15 19:03:14 fiduciaweb: Connection reset by peer: socket write error
12/06/15 19:03:29 fiduciaweb: Connection reset by peer: socket write error
12/06/15 19:04:00 fiduciaweb: Connection reset by peer: socket write error
12/06/15 19:04:00 fiduciaweb: Connection reset by peer: socket write error
12/06/15 19:04:11 fiduciaweb: Connection reset by peer: socket write error
12/06/15 19:06:54 fiduciaweb: Connection reset by peer: socket write error
12/06/15 19:06:56 fiduciaweb: Connection reset by peer: socket write error
12/06/15 19:06:56 fiduciaweb: Connection reset by peer: socket write error
12/06/15 19:09:09 fiduciaweb: Connection reset by peer: socket write error
12/06/15 19:09:09 fiduciaweb: Connection reset by peer: socket write error
12/06/15 19:09:57 fiduciaweb: Connection reset by peer: socket write error
12/06/15 19:10:00 fiduciaweb: Connection reset by peer: socket write error
12/06/15 19:10:01 fiduciaweb: Connection reset by peer: socket write error
12/06/15 19:10:21 fiduciaweb: Connection reset by peer: socket write error
12/06/15 19:10:26 fiduciaweb: Connection reset by peer: socket write error
12/06/15 19:10:45 fiduciaweb: Connection reset by peer: socket write error
12/06/15 19:10:45 fiduciaweb: Connection reset by peer: socket write error
12/06/15 19:10:45 fiduciaweb: Connection reset by peer: socket write error
12/06/15 19:10:45 fiduciaweb: Connection reset by peer: socket write error
12/06/15 19:11:11 fiduciaweb: Connection reset by peer: socket write error
12/06/15 19:11:14 fiduciaweb: Connection reset by peer: socket write error
12/06/15 19:11:18 fiduciaweb: Connection reset by peer: socket write error
12/06/15 19:11:22 fiduciaweb: Connection reset by peer: socket write error
12/06/15 19:11:25 fiduciaweb: Connection reset by peer: socket write error
12/06/15 19:12:01 fiduciaweb: Connection reset by peer: socket write error
12/06/15 19:12:05 fiduciaweb: Connection reset by peer: socket write error
12/06/15 19:12:51 fiduciaweb: Connection reset by peer: socket write error
12/06/15 19:12:51 fiduciaweb: Connection reset by peer: socket write error
12/06/15 19:12:51 fiduciaweb: Connection reset by peer: socket write error
12/06/15 19:12:51 fiduciaweb: Connection reset by peer: socket write error
12/06/15 19:13:05 fiduciaweb: Connection reset by peer: socket write error
12/06/15 19:13:10 fiduciaweb: Connection reset by peer: socket write error
12/06/15 19:17:16 Started
12/06/15 19:17:18 fiduciaweb: JDevOJSP: init
12/06/15 19:17:18 fiduciaweb: Started
12/06/15 19:17:19 fiduciaweb: Connection reset by peer: socket write error
12/06/15 19:17:37 fiduciaweb: Connection reset by peer: socket write error
12/06/15 19:17:37 fiduciaweb: Connection reset by peer: socket write error
12/06/15 19:17:37 fiduciaweb: Connection reset by peer: socket write error
12/06/15 19:17:37 fiduciaweb: Connection reset by peer: socket write error
12/06/15 19:17:45 fiduciaweb: Connection reset by peer: socket write error
12/06/15 19:17:45 fiduciaweb: Connection reset by peer: socket write error
12/06/15 19:17:45 fiduciaweb: Connection reset by peer: socket write error
12/06/15 19:17:45 fiduciaweb: Connection reset by peer: socket write error
12/06/15 19:17:45 fiduciaweb: Connection reset by peer: socket write error
12/06/15 19:17:49 fiduciaweb: Connection reset by peer: socket write error
12/06/15 19:17:50 fiduciaweb: Connection reset by peer: socket write error
12/06/15 19:17:50 fiduciaweb: Connection reset by peer: socket write error
12/06/15 19:18:08 fiduciaweb: Connection reset by peer: socket write error
12/06/15 19:18:13 fiduciaweb: Connection reset by peer: socket write error
12/06/15 19:18:13 fiduciaweb: Connection reset by peer: socket write error
12/06/15 19:21:41 Started
12/06/15 19:21:43 fiduciaweb: JDevOJSP: init
12/06/15 19:21:43 fiduciaweb: Started
12/06/15 19:21:43 fiduciaweb: Connection reset by peer: socket write error
12/06/15 19:21:43 fiduciaweb: Connection reset by peer: socket write error
12/06/15 19:21:43 fiduciaweb: Connection reset by peer: socket write error
12/06/15 19:21:43 fiduciaweb: Connection reset by peer: socket write error
12/06/15 19:22:12 fiduciaweb: Connection reset by peer: socket write error
12/06/15 19:22:12 fiduciaweb: Connection reset by peer: socket write error
12/06/15 19:22:12 fiduciaweb: Connection reset by peer: socket write error
12/06/15 19:22:12 fiduciaweb: Connection reset by peer: socket write error
12/06/15 19:22:16 fiduciaweb: Connection reset by peer: socket write error
12/06/15 19:22:16 fiduciaweb: Connection reset by peer: socket write error
12/06/15 19:22:16 fiduciaweb: Connection reset by peer: socket write error
12/06/15 19:22:16 fiduciaweb: Connection reset by peer: socket write error
12/06/15 19:22:16 fiduciaweb: Connection reset by peer: socket write error
12/06/15 19:22:16 fiduciaweb: Connection reset by peer: socket write error
12/06/15 19:22:20 fiduciaweb: Connection reset by peer: socket write error
12/06/15 19:22:20 fiduciaweb: Connection reset by peer: socket write error
12/06/15 19:22:50 fiduciaweb: Connection reset by peer: socket write error
12/06/15 19:22:55 fiduciaweb: Connection reset by peer: socket write error
12/06/15 19:22:55 fiduciaweb: Connection reset by peer: socket write error
12/06/15 19:23:26 fiduciaweb: Connection reset by peer: socket write error
12/06/15 19:23:31 fiduciaweb: Connection reset by peer: socket write error
12/06/15 19:23:31 fiduciaweb: Connection reset by peer: socket write error
12/06/15 19:23:31 fiduciaweb: Connection reset by peer: socket write error
12/06/15 19:23:31 fiduciaweb: Connection reset by peer: socket write error
12/06/15 19:23:31 fiduciaweb: Connection reset by peer: socket write error
12/06/15 19:23:37 fiduciaweb: Connection reset by peer: socket write error
12/06/15 19:35:28 fiduciaweb: Connection reset by peer: socket write error
12/06/15 19:36:42 fiduciaweb: Software caused connection abort: socket write error
12/06/15 19:36:47 fiduciaweb: Connection reset by peer: socket write error
12/06/15 19:37:02 fiduciaweb: Connection reset by peer: socket write error
12/06/15 19:37:02 fiduciaweb: Connection reset by peer: socket write error
12/06/15 19:37:02 fiduciaweb: Connection reset by peer: socket write error
12/06/15 19:37:07 fiduciaweb: Connection reset by peer: socket write error
12/06/15 19:37:29 fiduciaweb: Connection reset by peer: socket write error
12/06/15 19:37:52 fiduciaweb: Connection reset by peer: socket write error
12/06/15 19:39:56 fiduciaweb: Connection reset by peer: socket write error
12/06/15 19:40:01 fiduciaweb: Connection reset by peer: socket write error
12/06/15 19:40:39 fiduciaweb: Connection reset by peer: socket write error
12/06/15 19:40:39 fiduciaweb: Connection reset by peer: socket write error
12/06/15 19:40:43 fiduciaweb: Connection reset by peer: socket write error
12/06/15 19:40:43 fiduciaweb: Connection reset by peer: socket write error
12/06/15 19:40:43 fiduciaweb: Connection reset by peer: socket write error
12/06/15 19:40:43 fiduciaweb: Connection reset by peer: socket write error
12/06/15 19:40:43 fiduciaweb: Connection reset by peer: socket write error
12/06/15 19:40:43 fiduciaweb: Connection reset by peer: socket write error
12/06/15 19:42:14 fiduciaweb: JspServlet: No se ha podido distribuir a la página solicitada: java.lang.IllegalArgumentException: Attempted to write longer than Content-Length (7514 + 5358 / 7514)
	at com.evermind.server.http.EvermindServletOutputStream.write(EvermindServletOutputStream.java:177)
	at com.evermind.server.http.EvermindJSPWriter.writeOut(EvermindJSPWriter.java:481)
	at com.evermind.server.http.EvermindJSPWriter.jspflush(EvermindJSPWriter.java:398)
	at com.evermind.server.http.EvermindJSPWriter.close(EvermindJSPWriter.java:369)
	at oracle.jsp.runtime.OracleJspRuntime.extraHandlePCFinally(OracleJspRuntime.java:1398)
	at _opciones__2._jspService(opciones_2.jsp:307)
	at com.orionserver.http.OrionHttpJspPage.service(OrionHttpJspPage.java:56)
	at oracle.jsp.runtimev2.JspPageTable.service(JspPageTable.java:356)
	at oracle.jsp.runtimev2.JspServlet.internalService(JspServlet.java:498)
	at oracle.jsp.runtimev2.JspServlet.service(JspServlet.java:402)
	at javax.servlet.http.HttpServlet.service(HttpServlet.java:853)
	at com.evermind.server.http.ResourceFilterChain.doFilter(ResourceFilterChain.java:65)
	at oracle.security.jazn.oc4j.JAZNFilter.doFilter(Unknown Source)
	at com.evermind.server.http.ServletRequestDispatcher.invoke(ServletRequestDispatcher.java:673)
	at com.evermind.server.http.ServletRequestDispatcher.forwardInternal(ServletRequestDispatcher.java:340)
	at com.evermind.server.http.HttpRequestHandler.processRequest(HttpRequestHandler.java:830)
	at com.evermind.server.http.HttpRequestHandler.run(HttpRequestHandler.java:285)
	at com.evermind.server.http.HttpRequestHandler.run(HttpRequestHandler.java:126)
	at com.evermind.util.ReleasableResourcePooledExecutor$MyWorker.run(ReleasableResourcePooledExecutor.java:192)
	at java.lang.Thread.run(Thread.java:534)

12/06/15 19:42:14 fiduciaweb: OracleJSP:
<HTML><BODY>
<P> <H2  ALIGN=CENTER>Error JSP:</H2> <HR  ALIGN=CENTER> <P>
<P><H3>URI de Solicitud:/fiduciaweb/opciones_2.jsp</H3><P>
<H3>Excepción:</H3>java.lang.IllegalArgumentException: Attempted to write longer than Content-Length (7514 + 5358 / 7514)
	at com.evermind.server.http.EvermindServletOutputStream.write(EvermindServletOutputStream.java:177)
	at com.evermind.server.http.EvermindJSPWriter.writeOut(EvermindJSPWriter.java:481)
	at com.evermind.server.http.EvermindJSPWriter.jspflush(EvermindJSPWriter.java:398)
	at com.evermind.server.http.EvermindJSPWriter.close(EvermindJSPWriter.java:369)
	at oracle.jsp.runtime.OracleJspRuntime.extraHandlePCFinally(OracleJspRuntime.java:1398)
	at _opciones__2._jspService(opciones_2.jsp:307)
	[/opciones_2.jsp]
	at com.orionserver.http.OrionHttpJspPage.service(OrionHttpJspPage.java:56)
	at oracle.jsp.runtimev2.JspPageTable.service(JspPageTable.java:356)
	at oracle.jsp.runtimev2.JspServlet.internalService(JspServlet.java:498)
	at oracle.jsp.runtimev2.JspServlet.service(JspServlet.java:402)
	at javax.servlet.http.HttpServlet.service(HttpServlet.java:853)
	at com.evermind.server.http.ResourceFilterChain.doFilter(ResourceFilterChain.java:65)
	at oracle.security.jazn.oc4j.JAZNFilter.doFilter(Unknown Source)
	at com.evermind.server.http.ServletRequestDispatcher.invoke(ServletRequestDispatcher.java:673)
	at com.evermind.server.http.ServletRequestDispatcher.forwardInternal(ServletRequestDispatcher.java:340)
	at com.evermind.server.http.HttpRequestHandler.processRequest(HttpRequestHandler.java:830)
	at com.evermind.server.http.HttpRequestHandler.run(HttpRequestHandler.java:285)
	at com.evermind.server.http.HttpRequestHandler.run(HttpRequestHandler.java:126)
	at com.evermind.util.ReleasableResourcePooledExecutor$MyWorker.run(ReleasableResourcePooledExecutor.java:192)
	at java.lang.Thread.run(Thread.java:534)

<P><P><HR ALIGN=CENTER>
</HTML></BODY>

12/06/15 19:42:30 fiduciaweb: Connection reset by peer: socket write error
12/06/15 19:42:30 fiduciaweb: Connection reset by peer: socket write error
12/06/15 19:42:30 fiduciaweb: Connection reset by peer: socket write error
12/06/15 19:42:30 fiduciaweb: Connection reset by peer: socket write error
12/06/15 19:42:49 Started
12/06/15 19:42:51 fiduciaweb: JDevOJSP: init
12/06/15 19:42:51 fiduciaweb: Started
12/06/15 19:43:11 fiduciaweb: Connection reset by peer: socket write error
12/06/15 19:43:11 fiduciaweb: Connection reset by peer: socket write error
12/06/15 19:43:11 fiduciaweb: Connection reset by peer: socket write error
12/06/15 19:43:11 fiduciaweb: Connection reset by peer: socket write error
12/06/15 19:43:19 fiduciaweb: Connection reset by peer: socket write error
12/06/15 19:43:42 fiduciaweb: Connection reset by peer: socket write error
12/06/15 19:44:31 fiduciaweb: Connection reset by peer: socket write error
12/06/15 19:44:34 fiduciaweb: Connection reset by peer: socket write error
12/06/15 19:44:39 fiduciaweb: Connection reset by peer: socket write error
12/06/15 19:44:45 fiduciaweb: Connection reset by peer: socket write error
12/06/15 19:44:45 fiduciaweb: Connection reset by peer: socket write error
12/06/15 19:44:45 fiduciaweb: Connection reset by peer: socket write error
12/06/15 19:44:45 fiduciaweb: Connection reset by peer: socket write error
12/06/15 19:44:45 fiduciaweb: Connection reset by peer: socket write error
12/06/15 19:44:49 fiduciaweb: Connection reset by peer: socket write error
12/06/15 19:46:45 fiduciaweb: Connection reset by peer: socket write error
12/06/15 19:46:45 fiduciaweb: Connection reset by peer: socket write error
12/06/15 19:46:50 fiduciaweb: Connection reset by peer: socket write error
12/06/15 19:47:09 fiduciaweb: Connection reset by peer: socket write error
12/06/15 19:47:09 fiduciaweb: Connection reset by peer: socket write error
12/06/15 19:47:09 fiduciaweb: Connection reset by peer: socket write error
12/06/15 19:47:09 fiduciaweb: Connection reset by peer: socket write error
12/06/15 19:47:42 fiduciaweb: Connection reset by peer: socket write error
12/06/15 19:48:24 fiduciaweb: Connection reset by peer: socket write error
12/06/15 19:48:27 fiduciaweb: Connection reset by peer: socket write error
12/06/15 19:48:27 fiduciaweb: Connection reset by peer: socket write error
12/06/15 19:48:29 fiduciaweb: Connection reset by peer: socket write error
12/06/15 19:48:50 fiduciaweb: Connection reset by peer: socket write error
12/06/15 19:48:56 fiduciaweb: Connection reset by peer: socket write error
12/06/15 19:48:56 fiduciaweb: Connection reset by peer: socket write error
12/06/15 19:49:03 fiduciaweb: Connection reset by peer: socket write error
12/06/15 19:49:15 fiduciaweb: Connection reset by peer: socket write error
12/06/15 19:49:15 fiduciaweb: Connection reset by peer: socket write error
12/06/15 19:49:15 fiduciaweb: Connection reset by peer: socket write error
12/06/15 19:49:15 fiduciaweb: Connection reset by peer: socket write error
12/06/15 20:00:13 fiduciaweb: Connection reset by peer: socket write error
12/06/15 20:00:13 fiduciaweb: Connection reset by peer: socket write error
12/06/15 20:01:04 fiduciaweb: Connection reset by peer: socket write error
12/06/15 20:01:42 fiduciaweb: Connection reset by peer: socket write error
12/06/15 20:01:47 fiduciaweb: Connection reset by peer: socket write error
12/06/15 20:02:01 fiduciaweb: Connection reset by peer: socket write error
12/06/15 20:02:01 fiduciaweb: Connection reset by peer: socket write error
12/06/15 20:02:01 fiduciaweb: Connection reset by peer: socket write error
12/06/15 20:02:01 fiduciaweb: Connection reset by peer: socket write error
12/06/15 20:02:15 fiduciaweb: Connection reset by peer: socket write error
12/06/15 20:02:15 fiduciaweb: Connection reset by peer: socket write error
12/06/15 20:02:22 fiduciaweb: Connection reset by peer: socket write error
12/06/15 20:02:22 fiduciaweb: Connection reset by peer: socket write error
12/06/15 20:02:22 fiduciaweb: Connection reset by peer: socket write error
12/06/15 20:02:24 fiduciaweb: Connection reset by peer: socket write error
12/06/15 20:02:36 fiduciaweb: Connection reset by peer: socket write error
12/06/15 20:02:50 fiduciaweb: Connection reset by peer: socket write error
12/06/15 20:03:40 fiduciaweb: Connection reset by peer: socket write error
12/06/15 20:04:10 fiduciaweb: Connection reset by peer: socket write error
12/06/15 20:04:15 fiduciaweb: Connection reset by peer: socket write error
12/06/15 20:05:45 fiduciaweb: Connection reset by peer: socket write error
12/06/15 20:05:45 fiduciaweb: Connection reset by peer: socket write error
12/06/15 20:08:19 fiduciaweb: Connection reset by peer: socket write error
12/06/15 20:08:19 fiduciaweb: Connection reset by peer: socket write error
12/06/15 20:09:27 fiduciaweb: Connection reset by peer: socket write error
12/06/15 20:13:13 Started
12/06/15 20:13:14 fiduciaweb: JDevOJSP: init
12/06/15 20:13:14 fiduciaweb: Started
12/06/15 20:13:14 fiduciaweb: Connection reset by peer: socket write error
12/06/15 20:13:14 fiduciaweb: Connection reset by peer: socket write error
12/06/15 20:13:14 fiduciaweb: Connection reset by peer: socket write error
12/06/15 20:13:14 fiduciaweb: Connection reset by peer: socket write error
12/06/15 20:13:14 fiduciaweb: Connection reset by peer: socket write error
12/06/15 20:13:14 fiduciaweb: Connection reset by peer: socket write error
12/06/15 20:13:14 fiduciaweb: Connection reset by peer: socket write error
12/06/15 20:13:14 fiduciaweb: Connection reset by peer: socket write error
12/06/15 20:13:14 fiduciaweb: Connection reset by peer: socket write error
12/06/15 20:13:14 fiduciaweb: Connection reset by peer: socket write error
12/06/15 20:13:14 fiduciaweb: Connection reset by peer: socket write error
12/06/15 20:13:14 fiduciaweb: Connection reset by peer: socket write error
12/06/15 20:13:44 fiduciaweb: Connection reset by peer: socket write error
12/06/15 20:13:44 fiduciaweb: Connection reset by peer: socket write error
12/06/15 20:13:44 fiduciaweb: Connection reset by peer: socket write error
12/06/15 20:13:44 fiduciaweb: Connection reset by peer: socket write error
12/06/15 20:13:45 fiduciaweb: Connection reset by peer: socket write error
12/06/15 20:13:45 fiduciaweb: Connection reset by peer: socket write error
12/06/15 20:13:45 fiduciaweb: Connection reset by peer: socket write error
12/06/15 20:13:45 fiduciaweb: Connection reset by peer: socket write error
12/06/15 20:13:48 fiduciaweb: Connection reset by peer: socket write error
12/06/15 20:13:48 fiduciaweb: Connection reset by peer: socket write error
12/06/15 20:13:48 fiduciaweb: Connection reset by peer: socket write error
12/06/15 20:13:48 fiduciaweb: Connection reset by peer: socket write error
12/06/15 20:13:48 fiduciaweb: Connection reset by peer: socket write error
12/06/15 20:13:48 fiduciaweb: Connection reset by peer: socket write error
12/06/15 20:13:48 fiduciaweb: Connection reset by peer: socket write error
12/06/15 20:13:48 fiduciaweb: Connection reset by peer: socket write error
12/06/15 20:13:48 fiduciaweb: Connection reset by peer: socket write error
12/06/15 20:13:48 fiduciaweb: Connection reset by peer: socket write error
12/06/15 20:13:48 fiduciaweb: Connection reset by peer: socket write error
12/06/15 20:13:48 fiduciaweb: Connection reset by peer: socket write error
12/06/15 20:13:48 fiduciaweb: Connection reset by peer: socket write error
12/06/15 20:13:48 fiduciaweb: Connection reset by peer: socket write error
12/06/15 20:13:54 fiduciaweb: Connection reset by peer: socket write error
12/06/15 20:13:54 fiduciaweb: Connection reset by peer: socket write error
12/06/15 20:14:20 fiduciaweb: Connection reset by peer: socket write error
12/06/15 20:14:20 fiduciaweb: Connection reset by peer: socket write error
12/06/15 20:14:26 fiduciaweb: Connection reset by peer: socket write error
12/06/15 20:15:54 Started
12/06/15 20:15:55 fiduciaweb: JDevOJSP: init
12/06/15 20:15:55 fiduciaweb: Started
12/06/15 20:15:55 fiduciaweb: Connection reset by peer: socket write error
12/06/15 20:16:26 fiduciaweb: Connection reset by peer: socket write error
12/06/15 20:16:26 fiduciaweb: Connection reset by peer: socket write error
12/06/15 20:16:26 fiduciaweb: Connection reset by peer: socket write error
12/06/15 20:16:26 fiduciaweb: Connection reset by peer: socket write error
12/06/15 20:16:26 fiduciaweb: Connection reset by peer: socket write error
12/06/15 20:16:26 fiduciaweb: Connection reset by peer: socket write error
12/06/15 20:16:26 fiduciaweb: Connection reset by peer: socket write error
12/06/15 20:16:29 fiduciaweb: Connection reset by peer: socket write error
12/06/15 20:16:29 fiduciaweb: Connection reset by peer: socket write error
12/06/15 20:16:29 fiduciaweb: Connection reset by peer: socket write error
12/06/15 20:16:29 fiduciaweb: Connection reset by peer: socket write error
12/06/15 20:16:29 fiduciaweb: Connection reset by peer: socket write error
12/06/15 20:16:29 fiduciaweb: Connection reset by peer: socket write error
12/06/15 20:16:29 fiduciaweb: Connection reset by peer: socket write error
12/06/15 20:16:29 fiduciaweb: Connection reset by peer: socket write error
12/06/15 20:16:29 fiduciaweb: Connection reset by peer: socket write error
12/06/15 20:16:29 fiduciaweb: Connection reset by peer: socket write error
12/06/15 20:16:29 fiduciaweb: Connection reset by peer: socket write error
12/06/15 20:16:29 fiduciaweb: Connection reset by peer: socket write error
12/06/15 20:16:29 fiduciaweb: Connection reset by peer: socket write error
12/06/15 20:16:32 fiduciaweb: Connection reset by peer: socket write error
12/06/15 20:16:32 fiduciaweb: Connection reset by peer: socket write error
12/06/15 20:16:50 fiduciaweb: Connection reset by peer: socket write error
12/06/15 20:16:50 fiduciaweb: Connection reset by peer: socket write error
12/06/15 20:16:57 fiduciaweb: Connection reset by peer: socket write error
12/06/15 20:16:57 fiduciaweb: Connection reset by peer: socket write error
12/06/15 20:16:57 fiduciaweb: Connection reset by peer: socket write error
12/06/15 20:16:57 fiduciaweb: Connection reset by peer: socket write error
12/06/15 20:16:57 fiduciaweb: Connection reset by peer: socket write error
12/06/15 20:16:57 fiduciaweb: Connection reset by peer: socket write error
12/06/15 20:17:00 fiduciaweb: Connection reset by peer: socket write error
12/06/15 20:17:00 fiduciaweb: Connection reset by peer: socket write error
12/06/15 20:18:10 fiduciaweb: Connection reset by peer: socket write error
12/06/15 20:18:10 fiduciaweb: Connection reset by peer: socket write error
12/06/15 20:19:38 fiduciaweb: Connection reset by peer: socket write error
12/06/15 20:19:38 fiduciaweb: Connection reset by peer: socket write error
12/06/15 20:19:42 fiduciaweb: Connection reset by peer: socket write error
12/06/15 20:19:44 fiduciaweb: Connection reset by peer: socket write error
12/06/15 20:20:22 fiduciaweb: Connection reset by peer: socket write error
12/06/15 20:20:40 fiduciaweb: Connection reset by peer: socket write error
12/06/15 20:21:07 fiduciaweb: Connection reset by peer: socket write error
12/06/15 20:21:07 fiduciaweb: Connection reset by peer: socket write error
12/06/15 20:21:07 fiduciaweb: Connection reset by peer: socket write error
12/06/15 20:21:14 fiduciaweb: Connection reset by peer: socket write error
12/06/15 20:21:17 fiduciaweb: Connection reset by peer: socket write error
12/06/15 20:21:26 fiduciaweb: Connection reset by peer: socket write error
12/06/15 20:21:26 fiduciaweb: Connection reset by peer: socket write error
12/06/15 20:21:32 fiduciaweb: Connection reset by peer: socket write error
12/06/15 20:21:45 fiduciaweb: Software caused connection abort: socket write error
12/06/15 20:21:50 fiduciaweb: Connection reset by peer: socket write error
12/06/15 20:22:00 fiduciaweb: Connection reset by peer: socket write error
12/06/15 20:26:34 Started
12/06/15 20:26:36 fiduciaweb: JDevOJSP: init
12/06/15 20:26:36 fiduciaweb: Started
12/06/15 20:26:36 fiduciaweb: Connection reset by peer: socket write error
12/06/15 20:26:36 fiduciaweb: Connection reset by peer: socket write error
12/06/15 20:26:36 fiduciaweb: Connection reset by peer: socket write error
12/06/15 20:26:36 fiduciaweb: Connection reset by peer: socket write error
12/06/15 20:26:36 fiduciaweb: Connection reset by peer: socket write error
12/06/15 20:26:36 fiduciaweb: Connection reset by peer: socket write error
12/06/15 20:26:36 fiduciaweb: Connection reset by peer: socket write error
12/06/15 20:26:36 fiduciaweb: Connection reset by peer: socket write error
12/06/15 20:26:49 fiduciaweb: Connection reset by peer: socket write error
12/06/15 20:26:49 fiduciaweb: Connection reset by peer: socket write error
12/06/15 20:26:49 fiduciaweb: Connection reset by peer: socket write error
12/06/15 20:26:49 fiduciaweb: Connection reset by peer: socket write error
12/06/15 20:26:52 fiduciaweb: Connection reset by peer: socket write error
12/06/15 20:26:56 fiduciaweb: Connection reset by peer: socket write error
12/06/15 20:26:59 fiduciaweb: Connection reset by peer: socket write error
12/06/15 20:27:13 fiduciaweb: Connection reset by peer: socket write error
12/06/19 06:04:01 Started
12/06/19 06:04:03 fiduciaweb: JDevOJSP: init
12/06/19 06:04:03 fiduciaweb: Started
12/06/19 06:04:04 fiduciaweb: Connection reset by peer: socket write error
12/06/19 06:07:36 fiduciaweb: Connection reset by peer: socket write error
12/06/19 06:07:44 fiduciaweb: Connection reset by peer: socket write error
12/06/19 06:07:49 fiduciaweb: Connection reset by peer: socket write error
12/06/19 06:07:49 fiduciaweb: Connection reset by peer: socket write error
12/06/19 06:07:49 fiduciaweb: Connection reset by peer: socket write error
12/06/19 06:07:49 fiduciaweb: Connection reset by peer: socket write error
12/06/19 06:07:49 fiduciaweb: Connection reset by peer: socket write error
12/06/19 06:07:49 fiduciaweb: Connection reset by peer: socket write error
12/06/19 06:07:49 fiduciaweb: Connection reset by peer: socket write error
12/06/19 06:07:49 fiduciaweb: Connection reset by peer: socket write error
12/06/19 06:07:49 fiduciaweb: Connection reset by peer: socket write error
12/06/19 06:07:49 fiduciaweb: Connection reset by peer: socket write error
12/06/19 06:07:49 fiduciaweb: Connection reset by peer: socket write error
12/06/19 06:07:49 fiduciaweb: Connection reset by peer: socket write error
12/06/19 06:07:49 fiduciaweb: Connection reset by peer: socket write error
12/06/19 06:07:49 fiduciaweb: Connection reset by peer: socket write error
12/06/19 06:08:43 fiduciaweb: Connection reset by peer: socket write error
12/06/19 06:09:01 fiduciaweb: Connection reset by peer: socket write error
12/06/19 06:09:08 fiduciaweb: Connection reset by peer: socket write error
12/06/19 06:09:19 fiduciaweb: Connection reset by peer: socket write error
12/06/19 06:09:24 fiduciaweb: Connection reset by peer: socket write error
12/06/19 06:09:44 fiduciaweb: Connection reset by peer: socket write error
12/06/19 06:10:12 fiduciaweb: Connection reset by peer: socket write error
12/06/19 06:10:15 fiduciaweb: Connection reset by peer: socket write error
12/06/19 06:10:15 fiduciaweb: Connection reset by peer: socket write error
12/06/19 06:10:21 fiduciaweb: Connection reset by peer: socket write error
12/06/19 06:11:25 fiduciaweb: Servlet error
javax.servlet.ServletException: Error instantiating servlet 'UploadFileDepositos' (servlet class not found, make sure it exists at C:\Users\Inscitech\Desktop\EXTERNO_PROTEGO\FiduciaWebExterno_PRODUCCION\PROJECTFIDUCIAWEB\public_html/WEB-INF/classes/com/bancomext/util/UploadFileDepositos.class, in a jar in C:\Users\Inscitech\Desktop\EXTERNO_PROTEGO\FiduciaWebExterno_PRODUCCION\PROJECTFIDUCIAWEB\public_html/WEB-INF/lib/, in an orion-web.xml specified classpath or global server classpath)
	at com.evermind[Oracle Application Server Containers for J2EE 10g (10.1.2.2.0)].server.http.HttpApplication.findServlet(HttpApplication.java:4840)
	at com.evermind[Oracle Application Server Containers for J2EE 10g (10.1.2.2.0)].server.http.HttpApplication.getRequestDispatcher(HttpApplication.java:2833)
	at com.evermind[Oracle Application Server Containers for J2EE 10g (10.1.2.2.0)].server.http.HttpRequestHandler.processRequest(HttpRequestHandler.java:680)
	at com.evermind[Oracle Application Server Containers for J2EE 10g (10.1.2.2.0)].server.http.HttpRequestHandler.run(HttpRequestHandler.java:285)
	at com.evermind[Oracle Application Server Containers for J2EE 10g (10.1.2.2.0)].server.http.HttpRequestHandler.run(HttpRequestHandler.java:126)
	at com.evermind[Oracle Application Server Containers for J2EE 10g (10.1.2.2.0)].util.ReleasableResourcePooledExecutor$MyWorker.run(ReleasableResourcePooledExecutor.java:192)
	at java.lang.Thread.run(Thread.java:534)
12/06/19 06:12:57 fiduciaweb: Servlet error
javax.servlet.ServletException: Error instantiating servlet 'UploadFileDepositos' (servlet class not found, make sure it exists at C:\Users\Inscitech\Desktop\EXTERNO_PROTEGO\FiduciaWebExterno_PRODUCCION\PROJECTFIDUCIAWEB\public_html/WEB-INF/classes/com/bancomext/util/UploadFileDepositos.class, in a jar in C:\Users\Inscitech\Desktop\EXTERNO_PROTEGO\FiduciaWebExterno_PRODUCCION\PROJECTFIDUCIAWEB\public_html/WEB-INF/lib/, in an orion-web.xml specified classpath or global server classpath)
	at com.evermind[Oracle Application Server Containers for J2EE 10g (10.1.2.2.0)].server.http.HttpApplication.findServlet(HttpApplication.java:4840)
	at com.evermind[Oracle Application Server Containers for J2EE 10g (10.1.2.2.0)].server.http.HttpApplication.getRequestDispatcher(HttpApplication.java:2833)
	at com.evermind[Oracle Application Server Containers for J2EE 10g (10.1.2.2.0)].server.http.HttpRequestHandler.processRequest(HttpRequestHandler.java:680)
	at com.evermind[Oracle Application Server Containers for J2EE 10g (10.1.2.2.0)].server.http.HttpRequestHandler.run(HttpRequestHandler.java:285)
	at com.evermind[Oracle Application Server Containers for J2EE 10g (10.1.2.2.0)].server.http.HttpRequestHandler.run(HttpRequestHandler.java:126)
	at com.evermind[Oracle Application Server Containers for J2EE 10g (10.1.2.2.0)].util.ReleasableResourcePooledExecutor$MyWorker.run(ReleasableResourcePooledExecutor.java:186)
	at java.lang.Thread.run(Thread.java:534)
12/06/19 06:23:22 Started
12/06/19 06:23:23 fiduciaweb: JDevOJSP: init
12/06/19 06:23:23 fiduciaweb: Started
12/06/19 06:23:23 fiduciaweb: Connection reset by peer: socket write error
12/06/19 06:23:23 fiduciaweb: Connection reset by peer: socket write error
12/06/19 06:23:23 fiduciaweb: Connection reset by peer: socket write error
12/06/19 06:23:23 fiduciaweb: Connection reset by peer: socket write error
12/06/19 06:23:48 fiduciaweb: Connection reset by peer: socket write error
12/06/19 06:24:59 fiduciaweb: Connection reset by peer: socket write error
12/06/19 06:24:59 fiduciaweb: Connection reset by peer: socket write error
12/06/19 06:25:03 fiduciaweb: Connection reset by peer: socket write error
12/06/19 06:25:32 fiduciaweb: Servlet error
javax.servlet.ServletException: Error instantiating servlet 'UploadFileDepositos' (servlet class not found, make sure it exists at C:\Users\Inscitech\Desktop\EXTERNO_PROTEGO\FiduciaWebExterno_PRODUCCION\PROJECTFIDUCIAWEB\public_html/WEB-INF/classes/com/bancomext/util/UploadFileDepositos.class, in a jar in C:\Users\Inscitech\Desktop\EXTERNO_PROTEGO\FiduciaWebExterno_PRODUCCION\PROJECTFIDUCIAWEB\public_html/WEB-INF/lib/, in an orion-web.xml specified classpath or global server classpath)
	at com.evermind[Oracle Application Server Containers for J2EE 10g (10.1.2.2.0)].server.http.HttpApplication.findServlet(HttpApplication.java:4840)
	at com.evermind[Oracle Application Server Containers for J2EE 10g (10.1.2.2.0)].server.http.HttpApplication.getRequestDispatcher(HttpApplication.java:2833)
	at com.evermind[Oracle Application Server Containers for J2EE 10g (10.1.2.2.0)].server.http.HttpRequestHandler.processRequest(HttpRequestHandler.java:680)
	at com.evermind[Oracle Application Server Containers for J2EE 10g (10.1.2.2.0)].server.http.HttpRequestHandler.run(HttpRequestHandler.java:285)
	at com.evermind[Oracle Application Server Containers for J2EE 10g (10.1.2.2.0)].server.http.HttpRequestHandler.run(HttpRequestHandler.java:126)
	at com.evermind[Oracle Application Server Containers for J2EE 10g (10.1.2.2.0)].util.ReleasableResourcePooledExecutor$MyWorker.run(ReleasableResourcePooledExecutor.java:192)
	at java.lang.Thread.run(Thread.java:534)
12/06/19 06:31:24 Started
12/06/19 06:31:26 fiduciaweb: JDevOJSP: init
12/06/19 06:31:26 fiduciaweb: Started
12/06/19 06:31:26 fiduciaweb: Connection reset by peer: socket write error
12/06/19 06:31:39 fiduciaweb: Connection reset by peer: socket write error
12/06/19 06:31:39 fiduciaweb: Connection reset by peer: socket write error
12/06/19 06:31:39 fiduciaweb: Connection reset by peer: socket write error
12/06/19 06:31:39 fiduciaweb: Connection reset by peer: socket write error
12/06/19 06:31:44 fiduciaweb: Connection reset by peer: socket write error
12/06/19 06:31:44 fiduciaweb: Connection reset by peer: socket write error
12/06/19 06:32:11 fiduciaweb: Connection reset by peer: socket write error
12/06/19 06:32:11 fiduciaweb: Connection reset by peer: socket write error
12/06/19 06:32:15 fiduciaweb: Connection reset by peer: socket write error
12/06/19 06:32:15 fiduciaweb: Connection reset by peer: socket write error
12/06/19 06:32:15 fiduciaweb: Connection reset by peer: socket write error
12/06/19 06:32:15 fiduciaweb: Connection reset by peer: socket write error
12/06/19 06:32:15 fiduciaweb: Software caused connection abort: socket write error
12/06/19 06:32:15 fiduciaweb: Connection reset by peer: socket write error
12/06/19 06:32:15 fiduciaweb: Connection reset by peer: socket write error
12/06/19 06:32:15 fiduciaweb: Connection reset by peer: socket write error
12/06/19 06:32:15 fiduciaweb: Connection reset by peer: socket write error
12/06/19 06:32:15 fiduciaweb: Connection reset by peer: socket write error
12/06/19 06:32:15 fiduciaweb: Connection reset by peer: socket write error
12/06/19 06:32:15 fiduciaweb: Connection reset by peer: socket write error
12/06/19 06:32:15 fiduciaweb: Connection reset by peer: socket write error
12/06/19 06:32:48 fiduciaweb: UploadFileDepositos: init
12/06/19 06:32:48 fiduciaweb: Servlet error
java.lang.NoClassDefFoundError: org/apache/commons/io/FileCleaner
	at org.apache.commons.fileupload.disk.DiskFileItem.getTempFile(DiskFileItem.java:600)
	at org.apache.commons.fileupload.disk.DiskFileItem.getOutputStream(DiskFileItem.java:540)
	at org.apache.commons.fileupload.FileUploadBase.parseRequest(FileUploadBase.java:354)
	at org.apache.commons.fileupload.servlet.ServletFileUpload.parseRequest(ServletFileUpload.java:126)
	at com.bancomext.util.UploadFileDepositos.processRequest(UploadFileDepositos.java:108)
	at com.bancomext.util.UploadFileDepositos.doPost(UploadFileDepositos.java:191)
	at javax.servlet.http.HttpServlet.service(HttpServlet.java:760)
	at javax.servlet.http.HttpServlet.service(HttpServlet.java:853)
	at com.evermind[Oracle Application Server Containers for J2EE 10g (10.1.2.2.0)].server.http.ResourceFilterChain.doFilter(ResourceFilterChain.java:65)
	at oracle.security.jazn.oc4j.JAZNFilter.doFilter(Unknown Source)
	at com.evermind[Oracle Application Server Containers for J2EE 10g (10.1.2.2.0)].server.http.ServletRequestDispatcher.invoke(ServletRequestDispatcher.java:673)
	at com.evermind[Oracle Application Server Containers for J2EE 10g (10.1.2.2.0)].server.http.ServletRequestDispatcher.forwardInternal(ServletRequestDispatcher.java:340)
	at com.evermind[Oracle Application Server Containers for J2EE 10g (10.1.2.2.0)].server.http.HttpRequestHandler.processRequest(HttpRequestHandler.java:830)
	at com.evermind[Oracle Application Server Containers for J2EE 10g (10.1.2.2.0)].server.http.HttpRequestHandler.run(HttpRequestHandler.java:285)
	at com.evermind[Oracle Application Server Containers for J2EE 10g (10.1.2.2.0)].server.http.HttpRequestHandler.run(HttpRequestHandler.java:126)
	at com.evermind[Oracle Application Server Containers for J2EE 10g (10.1.2.2.0)].util.ReleasableResourcePooledExecutor$MyWorker.run(ReleasableResourcePooledExecutor.java:192)
	at java.lang.Thread.run(Thread.java:534)
12/06/19 06:34:49 fiduciaweb: Servlet error
java.lang.NoClassDefFoundError: org/apache/commons/io/FileCleaner
	at org.apache.commons.fileupload.disk.DiskFileItem.getTempFile(DiskFileItem.java:600)
	at org.apache.commons.fileupload.disk.DiskFileItem.getOutputStream(DiskFileItem.java:540)
	at org.apache.commons.fileupload.FileUploadBase.parseRequest(FileUploadBase.java:354)
	at org.apache.commons.fileupload.servlet.ServletFileUpload.parseRequest(ServletFileUpload.java:126)
	at com.bancomext.util.UploadFileDepositos.processRequest(UploadFileDepositos.java:108)
	at com.bancomext.util.UploadFileDepositos.doPost(UploadFileDepositos.java:191)
	at javax.servlet.http.HttpServlet.service(HttpServlet.java:760)
	at javax.servlet.http.HttpServlet.service(HttpServlet.java:853)
	at com.evermind[Oracle Application Server Containers for J2EE 10g (10.1.2.2.0)].server.http.ResourceFilterChain.doFilter(ResourceFilterChain.java:65)
	at oracle.security.jazn.oc4j.JAZNFilter.doFilter(Unknown Source)
	at com.evermind[Oracle Application Server Containers for J2EE 10g (10.1.2.2.0)].server.http.ServletRequestDispatcher.invoke(ServletRequestDispatcher.java:673)
	at com.evermind[Oracle Application Server Containers for J2EE 10g (10.1.2.2.0)].server.http.ServletRequestDispatcher.forwardInternal(ServletRequestDispatcher.java:340)
	at com.evermind[Oracle Application Server Containers for J2EE 10g (10.1.2.2.0)].server.http.HttpRequestHandler.processRequest(HttpRequestHandler.java:830)
	at com.evermind[Oracle Application Server Containers for J2EE 10g (10.1.2.2.0)].server.http.HttpRequestHandler.run(HttpRequestHandler.java:285)
	at com.evermind[Oracle Application Server Containers for J2EE 10g (10.1.2.2.0)].server.http.HttpRequestHandler.run(HttpRequestHandler.java:126)
	at com.evermind[Oracle Application Server Containers for J2EE 10g (10.1.2.2.0)].util.ReleasableResourcePooledExecutor$MyWorker.run(ReleasableResourcePooledExecutor.java:186)
	at java.lang.Thread.run(Thread.java:534)
12/06/19 06:41:08 Started
12/06/19 06:41:09 fiduciaweb: JDevOJSP: init
12/06/19 06:41:09 fiduciaweb: Started
12/06/19 06:41:09 fiduciaweb: Connection reset by peer: socket write error
12/06/19 06:41:09 fiduciaweb: Connection reset by peer: socket write error
12/06/19 06:41:09 fiduciaweb: Connection reset by peer: socket write error
12/06/19 06:41:09 fiduciaweb: Connection reset by peer: socket write error
12/06/19 06:41:10 fiduciaweb: Connection reset by peer: socket write error
12/06/19 06:42:01 fiduciaweb: Connection reset by peer: socket write error
12/06/19 06:42:01 fiduciaweb: Connection reset by peer: socket write error
12/06/19 06:42:01 fiduciaweb: Connection reset by peer: socket write error
12/06/19 06:42:01 fiduciaweb: Connection reset by peer: socket write error
12/06/19 06:42:01 fiduciaweb: Connection reset by peer: socket write error
12/06/19 06:42:01 fiduciaweb: Connection reset by peer: socket write error
12/06/19 06:42:37 fiduciaweb: UploadFileDepositos: init
12/06/19 06:42:53 fiduciaweb: Servlet error
java.lang.NoClassDefFoundError: org/apache/commons/io/FileCleaner
	at org.apache.commons.fileupload.disk.DiskFileItem.getTempFile(DiskFileItem.java:600)
	at org.apache.commons.fileupload.disk.DiskFileItem.getOutputStream(DiskFileItem.java:540)
	at org.apache.commons.fileupload.FileUploadBase.parseRequest(FileUploadBase.java:354)
	at org.apache.commons.fileupload.servlet.ServletFileUpload.parseRequest(ServletFileUpload.java:126)
	at com.bancomext.util.UploadFileDepositos.processRequest(UploadFileDepositos.java:108)
	at com.bancomext.util.UploadFileDepositos.doPost(UploadFileDepositos.java:191)
	at javax.servlet.http.HttpServlet.service(HttpServlet.java:760)
	at javax.servlet.http.HttpServlet.service(HttpServlet.java:853)
	at com.evermind[Oracle Application Server Containers for J2EE 10g (10.1.2.2.0)].server.http.ResourceFilterChain.doFilter(ResourceFilterChain.java:65)
	at oracle.security.jazn.oc4j.JAZNFilter.doFilter(Unknown Source)
	at com.evermind[Oracle Application Server Containers for J2EE 10g (10.1.2.2.0)].server.http.ServletRequestDispatcher.invoke(ServletRequestDispatcher.java:673)
	at com.evermind[Oracle Application Server Containers for J2EE 10g (10.1.2.2.0)].server.http.ServletRequestDispatcher.forwardInternal(ServletRequestDispatcher.java:340)
	at com.evermind[Oracle Application Server Containers for J2EE 10g (10.1.2.2.0)].server.http.HttpRequestHandler.processRequest(HttpRequestHandler.java:830)
	at com.evermind[Oracle Application Server Containers for J2EE 10g (10.1.2.2.0)].server.http.HttpRequestHandler.run(HttpRequestHandler.java:285)
	at com.evermind[Oracle Application Server Containers for J2EE 10g (10.1.2.2.0)].server.http.HttpRequestHandler.run(HttpRequestHandler.java:126)
	at com.evermind[Oracle Application Server Containers for J2EE 10g (10.1.2.2.0)].util.ReleasableResourcePooledExecutor$MyWorker.run(ReleasableResourcePooledExecutor.java:192)
	at java.lang.Thread.run(Thread.java:534)
12/06/19 06:46:39 Started
12/06/19 06:46:41 fiduciaweb: JDevOJSP: init
12/06/19 06:46:41 fiduciaweb: Started
12/06/19 06:46:41 fiduciaweb: Connection reset by peer: socket write error
12/06/19 06:46:41 fiduciaweb: Connection reset by peer: socket write error
12/06/19 06:46:41 fiduciaweb: Connection reset by peer: socket write error
12/06/19 06:46:41 fiduciaweb: Connection reset by peer: socket write error
12/06/19 06:46:41 fiduciaweb: Connection reset by peer: socket write error
12/06/19 06:47:26 fiduciaweb: Connection reset by peer: socket write error
12/06/19 06:47:26 fiduciaweb: Connection reset by peer: socket write error
12/06/19 06:47:26 fiduciaweb: Connection reset by peer: socket write error
12/06/19 06:47:26 fiduciaweb: Connection reset by peer: socket write error
12/06/19 06:47:26 fiduciaweb: Connection reset by peer: socket write error
12/06/19 06:47:26 fiduciaweb: Connection reset by peer: socket write error
12/06/19 06:47:26 fiduciaweb: Connection reset by peer: socket write error
12/06/19 06:47:37 fiduciaweb: Connection reset by peer: socket write error
12/06/19 06:47:59 fiduciaweb: UploadFileDepositos: init
12/06/19 06:51:29 Started
12/06/19 06:51:31 fiduciaweb: JDevOJSP: init
12/06/19 06:51:31 fiduciaweb: Started
12/06/19 06:51:31 fiduciaweb: Connection reset by peer: socket write error
12/06/19 06:51:31 fiduciaweb: Connection reset by peer: socket write error
12/06/19 06:51:31 fiduciaweb: Connection reset by peer: socket write error
12/06/19 06:51:31 fiduciaweb: Connection reset by peer: socket write error
12/06/19 06:51:31 fiduciaweb: Connection reset by peer: socket write error
12/06/19 06:52:37 fiduciaweb: UploadFileDepositos: init
12/06/19 06:56:04 Started
12/06/19 06:56:05 fiduciaweb: JDevOJSP: init
12/06/19 06:56:05 fiduciaweb: Started
12/06/19 06:56:05 fiduciaweb: Connection reset by peer: socket write error
12/06/19 06:56:05 fiduciaweb: Connection reset by peer: socket write error
12/06/19 06:56:05 fiduciaweb: Connection reset by peer: socket write error
12/06/19 06:56:05 fiduciaweb: Connection reset by peer: socket write error
12/06/19 06:56:36 fiduciaweb: Connection reset by peer: socket write error
12/06/19 06:56:36 fiduciaweb: Connection reset by peer: socket write error
12/06/19 06:56:36 fiduciaweb: Connection reset by peer: socket write error
12/06/19 06:56:36 fiduciaweb: Connection reset by peer: socket write error
12/06/19 06:56:36 fiduciaweb: Connection reset by peer: socket write error
12/06/19 06:56:44 fiduciaweb: Connection reset by peer: socket write error
12/06/19 06:58:34 fiduciaweb: UploadFileDepositos: init
12/06/19 07:03:17 Started
12/06/19 07:03:19 fiduciaweb: JDevOJSP: init
12/06/19 07:03:19 fiduciaweb: Started
12/06/19 07:03:19 fiduciaweb: Connection reset by peer: socket write error
12/06/19 07:03:19 fiduciaweb: Connection reset by peer: socket write error
12/06/19 07:03:19 fiduciaweb: Connection reset by peer: socket write error
12/06/19 07:03:19 fiduciaweb: Connection reset by peer: socket write error
12/06/19 07:03:39 fiduciaweb: Connection reset by peer: socket write error
12/06/19 07:03:39 fiduciaweb: Connection reset by peer: socket write error
12/06/19 07:03:39 fiduciaweb: Connection reset by peer: socket write error
12/06/19 07:03:39 fiduciaweb: Connection reset by peer: socket write error
12/06/19 07:03:39 fiduciaweb: Connection reset by peer: socket write error
12/06/19 07:03:39 fiduciaweb: Connection reset by peer: socket write error
12/06/19 07:03:58 fiduciaweb: Connection reset by peer: socket write error
12/06/19 07:03:58 fiduciaweb: Connection reset by peer: socket write error
12/06/19 07:03:58 fiduciaweb: Connection reset by peer: socket write error
12/06/19 07:03:58 fiduciaweb: Connection reset by peer: socket write error
12/06/19 07:03:58 fiduciaweb: Connection reset by peer: socket write error
12/06/19 07:03:58 fiduciaweb: Connection reset by peer: socket write error
12/06/19 07:03:58 fiduciaweb: Connection reset by peer: socket write error
12/06/19 07:04:23 fiduciaweb: UploadFileDepositos: init
12/06/19 07:04:40 fiduciaweb: Servlet error
java.lang.NoClassDefFoundError: org/apache/commons/io/FileCleaner
	at org.apache.commons.fileupload.disk.DiskFileItem.getTempFile(DiskFileItem.java:600)
	at org.apache.commons.fileupload.disk.DiskFileItem.getOutputStream(DiskFileItem.java:540)
	at org.apache.commons.fileupload.FileUploadBase.parseRequest(FileUploadBase.java:354)
	at org.apache.commons.fileupload.servlet.ServletFileUpload.parseRequest(ServletFileUpload.java:126)
	at com.bancomext.util.UploadFileDepositos.processRequest(UploadFileDepositos.java:111)
	at com.bancomext.util.UploadFileDepositos.doPost(UploadFileDepositos.java:194)
	at javax.servlet.http.HttpServlet.service(HttpServlet.java:760)
	at javax.servlet.http.HttpServlet.service(HttpServlet.java:853)
	at com.evermind[Oracle Application Server Containers for J2EE 10g (10.1.2.2.0)].server.http.ResourceFilterChain.doFilter(ResourceFilterChain.java:65)
	at oracle.security.jazn.oc4j.JAZNFilter.doFilter(Unknown Source)
	at com.evermind[Oracle Application Server Containers for J2EE 10g (10.1.2.2.0)].server.http.ServletRequestDispatcher.invoke(ServletRequestDispatcher.java:673)
	at com.evermind[Oracle Application Server Containers for J2EE 10g (10.1.2.2.0)].server.http.ServletRequestDispatcher.forwardInternal(ServletRequestDispatcher.java:340)
	at com.evermind[Oracle Application Server Containers for J2EE 10g (10.1.2.2.0)].server.http.HttpRequestHandler.processRequest(HttpRequestHandler.java:830)
	at com.evermind[Oracle Application Server Containers for J2EE 10g (10.1.2.2.0)].server.http.HttpRequestHandler.run(HttpRequestHandler.java:285)
	at com.evermind[Oracle Application Server Containers for J2EE 10g (10.1.2.2.0)].server.http.HttpRequestHandler.run(HttpRequestHandler.java:126)
	at com.evermind[Oracle Application Server Containers for J2EE 10g (10.1.2.2.0)].util.ReleasableResourcePooledExecutor$MyWorker.run(ReleasableResourcePooledExecutor.java:192)
	at java.lang.Thread.run(Thread.java:534)
12/06/19 07:25:39 Started
12/06/19 07:25:40 fiduciaweb: JDevOJSP: init
12/06/19 07:25:40 fiduciaweb: Started
12/06/19 07:25:41 fiduciaweb: Connection reset by peer: socket write error
12/06/19 07:26:37 fiduciaweb: Connection reset by peer: socket write error
12/06/19 07:26:37 fiduciaweb: Connection reset by peer: socket write error
12/06/19 07:26:37 fiduciaweb: Connection reset by peer: socket write error
12/06/19 07:26:37 fiduciaweb: Connection reset by peer: socket write error
12/06/19 07:26:37 fiduciaweb: Connection reset by peer: socket write error
12/06/19 07:26:37 fiduciaweb: Connection reset by peer: socket write error
12/06/19 07:26:37 fiduciaweb: Connection reset by peer: socket write error
12/06/19 07:26:37 fiduciaweb: Connection reset by peer: socket write error
12/06/19 07:26:37 fiduciaweb: Connection reset by peer: socket write error
12/06/19 07:26:37 fiduciaweb: Connection reset by peer: socket write error
12/06/19 07:26:37 fiduciaweb: Connection reset by peer: socket write error
12/06/19 07:26:37 fiduciaweb: Connection reset by peer: socket write error
12/06/19 07:26:37 fiduciaweb: Connection reset by peer: socket write error
12/06/19 07:26:37 fiduciaweb: Connection reset by peer: socket write error
12/06/19 07:27:06 fiduciaweb: UploadFileDepositos: init
12/06/19 07:27:24 fiduciaweb: Servlet error
java.lang.NoClassDefFoundError: org/apache/commons/io/FileCleaner
	at org.apache.commons.fileupload.disk.DiskFileItem.getTempFile(DiskFileItem.java:600)
	at org.apache.commons.fileupload.disk.DiskFileItem.getOutputStream(DiskFileItem.java:540)
	at org.apache.commons.fileupload.FileUploadBase.parseRequest(FileUploadBase.java:354)
	at org.apache.commons.fileupload.servlet.ServletFileUpload.parseRequest(ServletFileUpload.java:126)
	at com.bancomext.util.UploadFileDepositos.processRequest(UploadFileDepositos.java:111)
	at com.bancomext.util.UploadFileDepositos.doPost(UploadFileDepositos.java:197)
	at javax.servlet.http.HttpServlet.service(HttpServlet.java:760)
	at javax.servlet.http.HttpServlet.service(HttpServlet.java:853)
	at com.evermind[Oracle Application Server Containers for J2EE 10g (10.1.2.2.0)].server.http.ResourceFilterChain.doFilter(ResourceFilterChain.java:65)
	at oracle.security.jazn.oc4j.JAZNFilter.doFilter(Unknown Source)
	at com.evermind[Oracle Application Server Containers for J2EE 10g (10.1.2.2.0)].server.http.ServletRequestDispatcher.invoke(ServletRequestDispatcher.java:673)
	at com.evermind[Oracle Application Server Containers for J2EE 10g (10.1.2.2.0)].server.http.ServletRequestDispatcher.forwardInternal(ServletRequestDispatcher.java:340)
	at com.evermind[Oracle Application Server Containers for J2EE 10g (10.1.2.2.0)].server.http.HttpRequestHandler.processRequest(HttpRequestHandler.java:830)
	at com.evermind[Oracle Application Server Containers for J2EE 10g (10.1.2.2.0)].server.http.HttpRequestHandler.run(HttpRequestHandler.java:285)
	at com.evermind[Oracle Application Server Containers for J2EE 10g (10.1.2.2.0)].server.http.HttpRequestHandler.run(HttpRequestHandler.java:126)
	at com.evermind[Oracle Application Server Containers for J2EE 10g (10.1.2.2.0)].util.ReleasableResourcePooledExecutor$MyWorker.run(ReleasableResourcePooledExecutor.java:192)
	at java.lang.Thread.run(Thread.java:534)
12/06/19 07:37:42 Started
12/06/19 07:37:44 fiduciaweb: JDevOJSP: init
12/06/19 07:37:44 fiduciaweb: Started
12/06/19 07:37:44 fiduciaweb: Connection reset by peer: socket write error
12/06/19 07:37:44 fiduciaweb: Connection reset by peer: socket write error
12/06/19 07:37:44 fiduciaweb: Connection reset by peer: socket write error
12/06/19 07:37:44 fiduciaweb: Connection reset by peer: socket write error
12/06/19 07:38:13 fiduciaweb: Connection reset by peer: socket write error
12/06/19 07:38:13 fiduciaweb: Connection reset by peer: socket write error
12/06/19 07:38:13 fiduciaweb: Connection reset by peer: socket write error
12/06/19 07:38:13 fiduciaweb: Connection reset by peer: socket write error
12/06/19 07:38:13 fiduciaweb: Connection reset by peer: socket write error
12/06/19 07:38:35 fiduciaweb: Connection reset by peer: socket write error
12/06/19 07:38:35 fiduciaweb: Connection reset by peer: socket write error
12/06/19 07:38:35 fiduciaweb: Connection reset by peer: socket write error
12/06/19 07:38:35 fiduciaweb: Connection reset by peer: socket write error
12/06/19 07:38:35 fiduciaweb: Connection reset by peer: socket write error
12/06/19 07:38:35 fiduciaweb: Connection reset by peer: socket write error
12/06/19 07:38:35 fiduciaweb: Connection reset by peer: socket write error
12/06/19 07:38:35 fiduciaweb: Connection reset by peer: socket write error
12/06/19 07:38:35 fiduciaweb: Connection reset by peer: socket write error
12/06/19 07:38:35 fiduciaweb: Connection reset by peer: socket write error
12/06/19 07:38:35 fiduciaweb: Connection reset by peer: socket write error
12/06/19 07:38:35 fiduciaweb: Connection reset by peer: socket write error
12/06/19 07:38:35 fiduciaweb: Connection reset by peer: socket write error
12/06/19 07:38:35 fiduciaweb: Connection reset by peer: socket write error
12/06/19 07:38:35 fiduciaweb: Connection reset by peer: socket write error
12/06/19 07:38:35 fiduciaweb: Connection reset by peer: socket write error
12/06/19 07:38:35 fiduciaweb: Connection reset by peer: socket write error
12/06/19 07:39:56 fiduciaweb: UploadFileDepositos: init
12/06/19 07:46:12 Started
12/06/19 07:46:13 fiduciaweb: JDevOJSP: init
12/06/19 07:46:13 fiduciaweb: Started
12/06/19 07:46:13 fiduciaweb: Connection reset by peer: socket write error
12/06/19 07:46:13 fiduciaweb: Connection reset by peer: socket write error
12/06/19 07:46:13 fiduciaweb: Connection reset by peer: socket write error
12/06/19 07:46:13 fiduciaweb: Connection reset by peer: socket write error
12/06/19 07:46:36 fiduciaweb: Connection reset by peer: socket write error
12/06/19 07:46:36 fiduciaweb: Connection reset by peer: socket write error
12/06/19 07:46:36 fiduciaweb: Connection reset by peer: socket write error
12/06/19 07:46:36 fiduciaweb: Connection reset by peer: socket write error
12/06/19 07:46:42 fiduciaweb: Connection reset by peer: socket write error
12/06/19 07:46:47 fiduciaweb: Connection reset by peer: socket write error
12/06/19 07:46:47 fiduciaweb: Connection reset by peer: socket write error
12/06/19 07:46:47 fiduciaweb: Connection reset by peer: socket write error
12/06/19 07:46:47 fiduciaweb: Connection reset by peer: socket write error
12/06/19 07:46:47 fiduciaweb: Connection reset by peer: socket write error
12/06/19 07:46:47 fiduciaweb: Connection reset by peer: socket write error
12/06/19 07:46:47 fiduciaweb: Connection reset by peer: socket write error
12/06/19 07:46:47 fiduciaweb: Connection reset by peer: socket write error
12/06/19 07:46:47 fiduciaweb: Connection reset by peer: socket write error
12/06/19 07:46:47 fiduciaweb: Connection reset by peer: socket write error
12/06/19 07:46:47 fiduciaweb: Connection reset by peer: socket write error
12/06/19 07:46:47 fiduciaweb: Connection reset by peer: socket write error
12/06/19 07:46:47 fiduciaweb: Connection reset by peer: socket write error
12/06/19 07:46:47 fiduciaweb: Connection reset by peer: socket write error
12/06/19 07:46:55 fiduciaweb: Connection reset by peer: socket write error
12/06/19 07:47:55 fiduciaweb: UploadFileDepositos: init
12/06/19 07:59:31 Started
12/06/19 07:59:33 fiduciaweb: JDevOJSP: init
12/06/19 07:59:33 fiduciaweb: Started
12/06/19 07:59:33 fiduciaweb: Connection reset by peer: socket write error
12/06/19 07:59:33 fiduciaweb: Connection reset by peer: socket write error
12/06/19 07:59:57 fiduciaweb: Connection reset by peer: socket write error
12/06/19 07:59:58 fiduciaweb: Connection reset by peer: socket write error
12/06/19 07:59:58 fiduciaweb: Connection reset by peer: socket write error
12/06/19 07:59:58 fiduciaweb: Connection reset by peer: socket write error
12/06/19 07:59:58 fiduciaweb: Connection reset by peer: socket write error
12/06/19 08:00:04 fiduciaweb: Connection reset by peer: socket write error
12/06/19 08:00:04 fiduciaweb: Connection reset by peer: socket write error
12/06/19 08:00:10 fiduciaweb: Connection reset by peer: socket write error
12/06/19 08:00:10 fiduciaweb: Connection reset by peer: socket write error
12/06/19 08:00:10 fiduciaweb: Connection reset by peer: socket write error
12/06/19 08:00:10 fiduciaweb: Connection reset by peer: socket write error
12/06/19 08:00:34 fiduciaweb: Connection reset by peer: socket write error
12/06/19 08:01:12 fiduciaweb: UploadFileDepositos: init
12/06/19 08:05:26 fiduciaweb: Connection reset by peer: socket write error
12/06/19 08:15:01 fiduciaweb: Connection reset by peer: socket write error
12/06/19 08:15:11 fiduciaweb: Connection reset by peer: socket write error
12/06/19 08:15:16 fiduciaweb: Connection reset by peer: socket write error
12/06/19 08:15:42 fiduciaweb: Connection reset by peer: socket write error
12/06/19 08:16:18 fiduciaweb: Connection reset by peer: socket write error
12/06/19 08:16:20 fiduciaweb: Connection reset by peer: socket write error
12/06/19 08:16:25 fiduciaweb: Connection reset by peer: socket write error
12/06/19 08:16:55 fiduciaweb: Connection reset by peer: socket write error
12/06/19 08:17:07 fiduciaweb: Connection reset by peer: socket write error
12/06/19 08:17:16 fiduciaweb: Connection reset by peer: socket write error
12/06/19 08:17:16 fiduciaweb: Connection reset by peer: socket write error
12/06/19 08:17:16 fiduciaweb: Connection reset by peer: socket write error
12/06/19 08:17:16 fiduciaweb: Connection reset by peer: socket write error
12/06/19 08:31:09 Started
12/06/19 08:31:10 fiduciaweb: JDevOJSP: init
12/06/19 08:31:10 fiduciaweb: Started
12/06/19 08:31:10 fiduciaweb: Connection reset by peer: socket write error
12/06/19 08:31:10 fiduciaweb: Connection reset by peer: socket write error
12/06/19 08:31:10 fiduciaweb: Connection reset by peer: socket write error
12/06/19 08:31:10 fiduciaweb: Connection reset by peer: socket write error
12/06/19 08:31:10 fiduciaweb: Connection reset by peer: socket write error
12/06/19 08:31:10 fiduciaweb: Connection reset by peer: socket write error
12/06/19 08:31:10 fiduciaweb: Connection reset by peer: socket write error
12/06/19 08:31:10 fiduciaweb: Connection reset by peer: socket write error
12/06/19 08:31:47 fiduciaweb: Connection reset by peer: socket write error
12/06/19 08:31:47 fiduciaweb: Connection reset by peer: socket write error
12/06/19 08:31:47 fiduciaweb: Connection reset by peer: socket write error
12/06/19 08:31:47 fiduciaweb: Connection reset by peer: socket write error
12/06/19 08:32:07 fiduciaweb: Connection reset by peer: socket write error
12/06/19 08:32:07 fiduciaweb: Connection reset by peer: socket write error
12/06/19 08:32:14 fiduciaweb: Connection reset by peer: socket write error
12/06/19 08:32:58 fiduciaweb: UploadFileDepositos: init
12/06/19 08:59:27 Started
12/06/19 08:59:29 fiduciaweb: JDevOJSP: init
12/06/19 08:59:29 fiduciaweb: Started
12/06/19 08:59:29 fiduciaweb: Connection reset by peer: socket write error
12/06/19 08:59:29 fiduciaweb: Connection reset by peer: socket write error
12/06/19 09:00:07 fiduciaweb: Connection reset by peer: socket write error
12/06/19 09:00:23 fiduciaweb: Connection reset by peer: socket write error
12/06/19 09:00:23 fiduciaweb: Connection reset by peer: socket write error
12/06/19 09:00:23 fiduciaweb: Connection reset by peer: socket write error
12/06/19 09:00:23 fiduciaweb: Connection reset by peer: socket write error
12/06/19 09:00:23 fiduciaweb: Connection reset by peer: socket write error
12/06/19 09:00:23 fiduciaweb: Connection reset by peer: socket write error
12/06/19 09:00:23 fiduciaweb: Connection reset by peer: socket write error
12/06/19 09:00:23 fiduciaweb: Connection reset by peer: socket write error
12/06/19 09:00:23 fiduciaweb: Connection reset by peer: socket write error
12/06/19 09:00:23 fiduciaweb: Connection reset by peer: socket write error
12/06/19 09:00:30 fiduciaweb: Connection reset by peer: socket write error
12/06/19 09:00:44 fiduciaweb: Connection reset by peer: socket write error
12/06/19 09:00:44 fiduciaweb: Connection reset by peer: socket write error
12/06/19 09:01:31 fiduciaweb: UploadFileDepositos: init
12/06/19 09:18:53 fiduciaweb: Servlet error
java.lang.StringIndexOutOfBoundsException: String index out of range: -1
	at java.lang.String.substring(String.java:1444)
	at _instruccion2._jspService(instruccion2.jsp:98)
	at com.orionserver[Oracle Application Server Containers for J2EE 10g (10.1.2.2.0)].http.OrionHttpJspPage.service(OrionHttpJspPage.java:56)
	at oracle.jsp.runtimev2.JspPageTable.service(JspPageTable.java:356)
	at oracle.jsp.runtimev2.JspServlet.internalService(JspServlet.java:498)
	at oracle.jsp.runtimev2.JspServlet.service(JspServlet.java:402)
	at javax.servlet.http.HttpServlet.service(HttpServlet.java:853)
	at com.evermind[Oracle Application Server Containers for J2EE 10g (10.1.2.2.0)].server.http.ResourceFilterChain.doFilter(ResourceFilterChain.java:65)
	at oracle.security.jazn.oc4j.JAZNFilter.doFilter(Unknown Source)
	at com.evermind[Oracle Application Server Containers for J2EE 10g (10.1.2.2.0)].server.http.ServletRequestDispatcher.invoke(ServletRequestDispatcher.java:673)
	at com.evermind[Oracle Application Server Containers for J2EE 10g (10.1.2.2.0)].server.http.ServletRequestDispatcher.forwardInternal(ServletRequestDispatcher.java:340)
	at com.evermind[Oracle Application Server Containers for J2EE 10g (10.1.2.2.0)].server.http.HttpRequestHandler.processRequest(HttpRequestHandler.java:830)
	at com.evermind[Oracle Application Server Containers for J2EE 10g (10.1.2.2.0)].server.http.HttpRequestHandler.run(HttpRequestHandler.java:285)
	at com.evermind[Oracle Application Server Containers for J2EE 10g (10.1.2.2.0)].server.http.HttpRequestHandler.run(HttpRequestHandler.java:126)
	at com.evermind[Oracle Application Server Containers for J2EE 10g (10.1.2.2.0)].util.ReleasableResourcePooledExecutor$MyWorker.run(ReleasableResourcePooledExecutor.java:192)
	at java.lang.Thread.run(Thread.java:534)
12/06/19 09:20:17 fiduciaweb: Servlet error
java.lang.StringIndexOutOfBoundsException: String index out of range: -1
	at java.lang.String.substring(String.java:1444)
	at _instruccion2._jspService(instruccion2.jsp:98)
	at com.orionserver[Oracle Application Server Containers for J2EE 10g (10.1.2.2.0)].http.OrionHttpJspPage.service(OrionHttpJspPage.java:56)
	at oracle.jsp.runtimev2.JspPageTable.service(JspPageTable.java:356)
	at oracle.jsp.runtimev2.JspServlet.internalService(JspServlet.java:498)
	at oracle.jsp.runtimev2.JspServlet.service(JspServlet.java:402)
	at javax.servlet.http.HttpServlet.service(HttpServlet.java:853)
	at com.evermind[Oracle Application Server Containers for J2EE 10g (10.1.2.2.0)].server.http.ResourceFilterChain.doFilter(ResourceFilterChain.java:65)
	at oracle.security.jazn.oc4j.JAZNFilter.doFilter(Unknown Source)
	at com.evermind[Oracle Application Server Containers for J2EE 10g (10.1.2.2.0)].server.http.ServletRequestDispatcher.invoke(ServletRequestDispatcher.java:673)
	at com.evermind[Oracle Application Server Containers for J2EE 10g (10.1.2.2.0)].server.http.ServletRequestDispatcher.forwardInternal(ServletRequestDispatcher.java:340)
	at com.evermind[Oracle Application Server Containers for J2EE 10g (10.1.2.2.0)].server.http.HttpRequestHandler.processRequest(HttpRequestHandler.java:830)
	at com.evermind[Oracle Application Server Containers for J2EE 10g (10.1.2.2.0)].server.http.HttpRequestHandler.run(HttpRequestHandler.java:285)
	at com.evermind[Oracle Application Server Containers for J2EE 10g (10.1.2.2.0)].server.http.HttpRequestHandler.run(HttpRequestHandler.java:126)
	at com.evermind[Oracle Application Server Containers for J2EE 10g (10.1.2.2.0)].util.ReleasableResourcePooledExecutor$MyWorker.run(ReleasableResourcePooledExecutor.java:192)
	at java.lang.Thread.run(Thread.java:534)
12/06/19 09:22:34 fiduciaweb: Servlet error
java.lang.StringIndexOutOfBoundsException: String index out of range: -1
	at java.lang.String.substring(String.java:1444)
	at _instruccion2._jspService(instruccion2.jsp:98)
	at com.orionserver[Oracle Application Server Containers for J2EE 10g (10.1.2.2.0)].http.OrionHttpJspPage.service(OrionHttpJspPage.java:56)
	at oracle.jsp.runtimev2.JspPageTable.service(JspPageTable.java:356)
	at oracle.jsp.runtimev2.JspServlet.internalService(JspServlet.java:498)
	at oracle.jsp.runtimev2.JspServlet.service(JspServlet.java:402)
	at javax.servlet.http.HttpServlet.service(HttpServlet.java:853)
	at com.evermind[Oracle Application Server Containers for J2EE 10g (10.1.2.2.0)].server.http.ResourceFilterChain.doFilter(ResourceFilterChain.java:65)
	at oracle.security.jazn.oc4j.JAZNFilter.doFilter(Unknown Source)
	at com.evermind[Oracle Application Server Containers for J2EE 10g (10.1.2.2.0)].server.http.ServletRequestDispatcher.invoke(ServletRequestDispatcher.java:673)
	at com.evermind[Oracle Application Server Containers for J2EE 10g (10.1.2.2.0)].server.http.ServletRequestDispatcher.forwardInternal(ServletRequestDispatcher.java:340)
	at com.evermind[Oracle Application Server Containers for J2EE 10g (10.1.2.2.0)].server.http.HttpRequestHandler.processRequest(HttpRequestHandler.java:830)
	at com.evermind[Oracle Application Server Containers for J2EE 10g (10.1.2.2.0)].server.http.HttpRequestHandler.run(HttpRequestHandler.java:285)
	at com.evermind[Oracle Application Server Containers for J2EE 10g (10.1.2.2.0)].server.http.HttpRequestHandler.run(HttpRequestHandler.java:126)
	at com.evermind[Oracle Application Server Containers for J2EE 10g (10.1.2.2.0)].util.ReleasableResourcePooledExecutor$MyWorker.run(ReleasableResourcePooledExecutor.java:192)
	at java.lang.Thread.run(Thread.java:534)
12/06/19 09:26:31 fiduciaweb: Servlet error
java.lang.StringIndexOutOfBoundsException: String index out of range: -1
	at java.lang.String.substring(String.java:1444)
	at _instruccion2._jspService(instruccion2.jsp:98)
	at com.orionserver[Oracle Application Server Containers for J2EE 10g (10.1.2.2.0)].http.OrionHttpJspPage.service(OrionHttpJspPage.java:56)
	at oracle.jsp.runtimev2.JspPageTable.service(JspPageTable.java:356)
	at oracle.jsp.runtimev2.JspServlet.internalService(JspServlet.java:498)
	at oracle.jsp.runtimev2.JspServlet.service(JspServlet.java:402)
	at javax.servlet.http.HttpServlet.service(HttpServlet.java:853)
	at com.evermind[Oracle Application Server Containers for J2EE 10g (10.1.2.2.0)].server.http.ResourceFilterChain.doFilter(ResourceFilterChain.java:65)
	at oracle.security.jazn.oc4j.JAZNFilter.doFilter(Unknown Source)
	at com.evermind[Oracle Application Server Containers for J2EE 10g (10.1.2.2.0)].server.http.ServletRequestDispatcher.invoke(ServletRequestDispatcher.java:673)
	at com.evermind[Oracle Application Server Containers for J2EE 10g (10.1.2.2.0)].server.http.ServletRequestDispatcher.forwardInternal(ServletRequestDispatcher.java:340)
	at com.evermind[Oracle Application Server Containers for J2EE 10g (10.1.2.2.0)].server.http.HttpRequestHandler.processRequest(HttpRequestHandler.java:830)
	at com.evermind[Oracle Application Server Containers for J2EE 10g (10.1.2.2.0)].server.http.HttpRequestHandler.run(HttpRequestHandler.java:285)
	at com.evermind[Oracle Application Server Containers for J2EE 10g (10.1.2.2.0)].server.http.HttpRequestHandler.run(HttpRequestHandler.java:126)
	at com.evermind[Oracle Application Server Containers for J2EE 10g (10.1.2.2.0)].util.ReleasableResourcePooledExecutor$MyWorker.run(ReleasableResourcePooledExecutor.java:192)
	at java.lang.Thread.run(Thread.java:534)
12/06/19 09:27:55 fiduciaweb: Servlet error
java.lang.StringIndexOutOfBoundsException: String index out of range: -1
	at java.lang.String.substring(String.java:1444)
	at _instruccion2._jspService(instruccion2.jsp:98)
	at com.orionserver[Oracle Application Server Containers for J2EE 10g (10.1.2.2.0)].http.OrionHttpJspPage.service(OrionHttpJspPage.java:56)
	at oracle.jsp.runtimev2.JspPageTable.service(JspPageTable.java:356)
	at oracle.jsp.runtimev2.JspServlet.internalService(JspServlet.java:498)
	at oracle.jsp.runtimev2.JspServlet.service(JspServlet.java:402)
	at javax.servlet.http.HttpServlet.service(HttpServlet.java:853)
	at com.evermind[Oracle Application Server Containers for J2EE 10g (10.1.2.2.0)].server.http.ResourceFilterChain.doFilter(ResourceFilterChain.java:65)
	at oracle.security.jazn.oc4j.JAZNFilter.doFilter(Unknown Source)
	at com.evermind[Oracle Application Server Containers for J2EE 10g (10.1.2.2.0)].server.http.ServletRequestDispatcher.invoke(ServletRequestDispatcher.java:673)
	at com.evermind[Oracle Application Server Containers for J2EE 10g (10.1.2.2.0)].server.http.ServletRequestDispatcher.forwardInternal(ServletRequestDispatcher.java:340)
	at com.evermind[Oracle Application Server Containers for J2EE 10g (10.1.2.2.0)].server.http.HttpRequestHandler.processRequest(HttpRequestHandler.java:830)
	at com.evermind[Oracle Application Server Containers for J2EE 10g (10.1.2.2.0)].server.http.HttpRequestHandler.run(HttpRequestHandler.java:285)
	at com.evermind[Oracle Application Server Containers for J2EE 10g (10.1.2.2.0)].server.http.HttpRequestHandler.run(HttpRequestHandler.java:126)
	at com.evermind[Oracle Application Server Containers for J2EE 10g (10.1.2.2.0)].util.ReleasableResourcePooledExecutor$MyWorker.run(ReleasableResourcePooledExecutor.java:192)
	at java.lang.Thread.run(Thread.java:534)
12/06/19 09:28:55 fiduciaweb: Servlet error
java.lang.ArrayIndexOutOfBoundsException: 100
	at _instruccion2._jspService(instruccion2.jsp:221)
	at com.orionserver[Oracle Application Server Containers for J2EE 10g (10.1.2.2.0)].http.OrionHttpJspPage.service(OrionHttpJspPage.java:56)
	at oracle.jsp.runtimev2.JspPageTable.compileAndServe(JspPageTable.java:575)
	at oracle.jsp.runtimev2.JspPageTable.service(JspPageTable.java:311)
	at oracle.jsp.runtimev2.JspServlet.internalService(JspServlet.java:498)
	at oracle.jsp.runtimev2.JspServlet.service(JspServlet.java:402)
	at javax.servlet.http.HttpServlet.service(HttpServlet.java:853)
	at com.evermind[Oracle Application Server Containers for J2EE 10g (10.1.2.2.0)].server.http.ResourceFilterChain.doFilter(ResourceFilterChain.java:65)
	at oracle.security.jazn.oc4j.JAZNFilter.doFilter(Unknown Source)
	at com.evermind[Oracle Application Server Containers for J2EE 10g (10.1.2.2.0)].server.http.ServletRequestDispatcher.invoke(ServletRequestDispatcher.java:673)
	at com.evermind[Oracle Application Server Containers for J2EE 10g (10.1.2.2.0)].server.http.ServletRequestDispatcher.forwardInternal(ServletRequestDispatcher.java:340)
	at com.evermind[Oracle Application Server Containers for J2EE 10g (10.1.2.2.0)].server.http.HttpRequestHandler.processRequest(HttpRequestHandler.java:830)
	at com.evermind[Oracle Application Server Containers for J2EE 10g (10.1.2.2.0)].server.http.HttpRequestHandler.run(HttpRequestHandler.java:285)
	at com.evermind[Oracle Application Server Containers for J2EE 10g (10.1.2.2.0)].server.http.HttpRequestHandler.run(HttpRequestHandler.java:126)
	at com.evermind[Oracle Application Server Containers for J2EE 10g (10.1.2.2.0)].util.ReleasableResourcePooledExecutor$MyWorker.run(ReleasableResourcePooledExecutor.java:192)
	at java.lang.Thread.run(Thread.java:534)
12/06/19 09:30:20 fiduciaweb: Servlet error
java.lang.ArrayIndexOutOfBoundsException: 100
	at _instruccion2._jspService(instruccion2.jsp:221)
	at com.orionserver[Oracle Application Server Containers for J2EE 10g (10.1.2.2.0)].http.OrionHttpJspPage.service(OrionHttpJspPage.java:56)
	at oracle.jsp.runtimev2.JspPageTable.service(JspPageTable.java:356)
	at oracle.jsp.runtimev2.JspServlet.internalService(JspServlet.java:498)
	at oracle.jsp.runtimev2.JspServlet.service(JspServlet.java:402)
	at javax.servlet.http.HttpServlet.service(HttpServlet.java:853)
	at com.evermind[Oracle Application Server Containers for J2EE 10g (10.1.2.2.0)].server.http.ResourceFilterChain.doFilter(ResourceFilterChain.java:65)
	at oracle.security.jazn.oc4j.JAZNFilter.doFilter(Unknown Source)
	at com.evermind[Oracle Application Server Containers for J2EE 10g (10.1.2.2.0)].server.http.ServletRequestDispatcher.invoke(ServletRequestDispatcher.java:673)
	at com.evermind[Oracle Application Server Containers for J2EE 10g (10.1.2.2.0)].server.http.ServletRequestDispatcher.forwardInternal(ServletRequestDispatcher.java:340)
	at com.evermind[Oracle Application Server Containers for J2EE 10g (10.1.2.2.0)].server.http.HttpRequestHandler.processRequest(HttpRequestHandler.java:830)
	at com.evermind[Oracle Application Server Containers for J2EE 10g (10.1.2.2.0)].server.http.HttpRequestHandler.run(HttpRequestHandler.java:285)
	at com.evermind[Oracle Application Server Containers for J2EE 10g (10.1.2.2.0)].server.http.HttpRequestHandler.run(HttpRequestHandler.java:126)
	at com.evermind[Oracle Application Server Containers for J2EE 10g (10.1.2.2.0)].util.ReleasableResourcePooledExecutor$MyWorker.run(ReleasableResourcePooledExecutor.java:192)
	at java.lang.Thread.run(Thread.java:534)
12/06/19 09:47:14 fiduciaweb: Connection reset by peer: socket write error
12/06/19 09:47:19 fiduciaweb: Connection reset by peer: socket write error
12/06/19 09:47:37 fiduciaweb: Connection reset by peer: socket write error
12/06/19 10:03:22 fiduciaweb: Connection reset by peer: socket write error
12/06/19 10:03:48 fiduciaweb: Connection reset by peer: socket write error
12/06/19 10:21:14 fiduciaweb: Connection reset by peer: socket write error
12/06/19 10:22:19 fiduciaweb: Connection reset by peer: socket write error
12/06/19 16:49:13 Started
12/06/19 16:49:15 fiduciaweb: JDevOJSP: init
12/06/19 16:49:15 fiduciaweb: Started
12/06/19 16:49:15 fiduciaweb: Connection reset by peer: socket write error
12/06/19 16:49:15 fiduciaweb: Connection reset by peer: socket write error
12/06/19 16:49:15 fiduciaweb: Connection reset by peer: socket write error
12/06/19 16:49:15 fiduciaweb: Connection reset by peer: socket write error
12/06/19 16:50:14 fiduciaweb: Connection reset by peer: socket write error
12/06/19 16:50:14 fiduciaweb: Connection reset by peer: socket write error
12/06/19 16:50:14 fiduciaweb: Connection reset by peer: socket write error
12/06/19 16:50:14 fiduciaweb: Connection reset by peer: socket write error
12/06/19 16:50:22 fiduciaweb: Connection reset by peer: socket write error
12/06/19 16:50:22 fiduciaweb: Connection reset by peer: socket write error
12/06/19 16:50:22 fiduciaweb: Connection reset by peer: socket write error
12/06/19 16:50:22 fiduciaweb: Connection reset by peer: socket write error
12/06/19 16:50:22 fiduciaweb: Connection reset by peer: socket write error
12/06/19 16:50:22 fiduciaweb: Connection reset by peer: socket write error
12/06/19 16:50:22 fiduciaweb: Connection reset by peer: socket write error
12/06/19 16:50:22 fiduciaweb: Connection reset by peer: socket write error
12/06/19 16:50:22 fiduciaweb: Connection reset by peer: socket write error
12/06/19 16:50:22 fiduciaweb: Connection reset by peer: socket write error
12/06/19 16:51:42 fiduciaweb: Connection reset by peer: socket write error
12/06/19 16:51:42 fiduciaweb: Connection reset by peer: socket write error
12/06/19 16:51:52 fiduciaweb: Connection reset by peer: socket write error
12/06/19 16:52:01 fiduciaweb: Connection reset by peer: socket write error
12/06/19 16:52:11 fiduciaweb: Connection reset by peer: socket write error
12/06/19 16:53:28 fiduciaweb: Connection reset by peer: socket write error
12/06/19 16:53:28 fiduciaweb: Connection reset by peer: socket write error
12/06/19 16:53:28 fiduciaweb: Connection reset by peer: socket write error
12/06/19 16:54:44 fiduciaweb: Connection reset by peer: socket write error
12/06/19 16:54:47 fiduciaweb: Connection reset by peer: socket write error
12/06/19 16:54:47 fiduciaweb: Connection reset by peer: socket write error
12/06/19 16:54:55 fiduciaweb: Connection reset by peer: socket write error
12/06/19 16:54:55 fiduciaweb: Connection reset by peer: socket write error
12/06/19 16:55:07 fiduciaweb: Connection reset by peer: socket write error
12/06/19 16:55:07 fiduciaweb: Connection reset by peer: socket write error
12/06/19 16:55:07 fiduciaweb: Connection reset by peer: socket write error
12/06/19 16:55:07 fiduciaweb: Connection reset by peer: socket write error
12/06/19 16:56:05 fiduciaweb: Connection reset by peer: socket write error
12/06/19 16:56:05 fiduciaweb: Connection reset by peer: socket write error
12/06/19 16:56:05 fiduciaweb: Connection reset by peer: socket write error
12/06/19 16:56:20 fiduciaweb: Connection reset by peer: socket write error
12/06/19 17:07:36 Started
12/06/19 17:07:37 fiduciaweb: JDevOJSP: init
12/06/19 17:07:37 fiduciaweb: Started
12/06/19 17:07:38 fiduciaweb: Connection reset by peer: socket write error
12/06/19 17:07:38 fiduciaweb: Connection reset by peer: socket write error
12/06/19 17:07:38 fiduciaweb: Connection reset by peer: socket write error
12/06/19 17:07:38 fiduciaweb: Connection reset by peer: socket write error
12/06/19 17:09:24 fiduciaweb: Connection reset by peer: socket write error
12/06/19 17:13:38 fiduciaweb: Connection reset by peer: socket write error
12/06/19 17:13:43 fiduciaweb: Connection reset by peer: socket write error
12/06/19 21:30:35 Started
12/06/19 21:30:37 fiduciaweb: JDevOJSP: init
12/06/19 21:30:37 fiduciaweb: Started
12/06/19 21:30:37 fiduciaweb: Connection reset by peer: socket write error
12/06/19 21:30:37 fiduciaweb: Connection reset by peer: socket write error
12/06/19 21:30:37 fiduciaweb: Connection reset by peer: socket write error
12/06/19 21:30:37 fiduciaweb: Connection reset by peer: socket write error
12/06/19 21:30:37 fiduciaweb: Connection reset by peer: socket write error
12/06/19 21:30:37 fiduciaweb: Connection reset by peer: socket write error
12/06/19 21:30:37 fiduciaweb: Connection reset by peer: socket write error
12/06/19 21:30:37 fiduciaweb: Connection reset by peer: socket write error
12/06/19 21:30:37 fiduciaweb: Connection reset by peer: socket write error
12/06/19 21:31:04 fiduciaweb: Connection reset by peer: socket write error
12/06/19 21:31:17 fiduciaweb: Connection reset by peer: socket write error
12/06/19 21:31:17 fiduciaweb: Connection reset by peer: socket write error
12/06/19 21:31:17 fiduciaweb: Connection reset by peer: socket write error
12/06/19 21:31:17 fiduciaweb: Connection reset by peer: socket write error
12/06/19 21:32:07 fiduciaweb: Connection reset by peer: socket write error
12/06/19 21:32:07 fiduciaweb: Connection reset by peer: socket write error
12/06/19 21:32:07 fiduciaweb: Connection reset by peer: socket write error
12/06/19 21:32:07 fiduciaweb: Connection reset by peer: socket write error
12/06/19 21:38:29 fiduciaweb: Connection reset by peer: socket write error
12/06/19 21:39:27 fiduciaweb: Connection reset by peer: socket write error
12/06/19 21:39:27 fiduciaweb: Connection reset by peer: socket write error
12/06/19 21:39:27 fiduciaweb: Connection reset by peer: socket write error
12/06/19 21:39:27 fiduciaweb: Connection reset by peer: socket write error
12/06/19 21:39:27 fiduciaweb: Connection reset by peer: socket write error
12/06/19 21:39:27 fiduciaweb: Connection reset by peer: socket write error
12/06/19 21:39:45 fiduciaweb: Servlet error
java.lang.NumberFormatException: For input string: "Selecciona un Contrato"
	at java.lang.NumberFormatException.forInputString(NumberFormatException.java:48)
	at java.lang.Integer.parseInt(Integer.java:468)
	at java.lang.Integer.parseInt(Integer.java:518)
	at _FI__Instruccion2._jspService(FI_Instruccion2.jsp:158)
	at com.orionserver[Oracle Application Server Containers for J2EE 10g (10.1.2.2.0)].http.OrionHttpJspPage.service(OrionHttpJspPage.java:56)
	at oracle.jsp.runtimev2.JspPageTable.service(JspPageTable.java:356)
	at oracle.jsp.runtimev2.JspServlet.internalService(JspServlet.java:498)
	at oracle.jsp.runtimev2.JspServlet.service(JspServlet.java:402)
	at javax.servlet.http.HttpServlet.service(HttpServlet.java:853)
	at com.evermind[Oracle Application Server Containers for J2EE 10g (10.1.2.2.0)].server.http.ResourceFilterChain.doFilter(ResourceFilterChain.java:65)
	at oracle.security.jazn.oc4j.JAZNFilter.doFilter(Unknown Source)
	at com.evermind[Oracle Application Server Containers for J2EE 10g (10.1.2.2.0)].server.http.ServletRequestDispatcher.invoke(ServletRequestDispatcher.java:673)
	at com.evermind[Oracle Application Server Containers for J2EE 10g (10.1.2.2.0)].server.http.ServletRequestDispatcher.forwardInternal(ServletRequestDispatcher.java:340)
	at com.evermind[Oracle Application Server Containers for J2EE 10g (10.1.2.2.0)].server.http.HttpRequestHandler.processRequest(HttpRequestHandler.java:830)
	at com.evermind[Oracle Application Server Containers for J2EE 10g (10.1.2.2.0)].server.http.HttpRequestHandler.run(HttpRequestHandler.java:285)
	at com.evermind[Oracle Application Server Containers for J2EE 10g (10.1.2.2.0)].server.http.HttpRequestHandler.run(HttpRequestHandler.java:126)
	at com.evermind[Oracle Application Server Containers for J2EE 10g (10.1.2.2.0)].util.ReleasableResourcePooledExecutor$MyWorker.run(ReleasableResourcePooledExecutor.java:192)
	at java.lang.Thread.run(Thread.java:534)
12/06/19 21:39:53 fiduciaweb: Connection reset by peer: socket write error
12/06/19 21:42:18 fiduciaweb: Connection reset by peer: socket write error
12/06/19 21:42:27 fiduciaweb: Connection reset by peer: socket write error
12/06/19 21:42:27 fiduciaweb: Connection reset by peer: socket write error
12/06/19 21:42:58 fiduciaweb: Connection reset by peer: socket write error
12/06/19 21:42:58 fiduciaweb: Connection reset by peer: socket write error
12/06/19 21:42:58 fiduciaweb: Connection reset by peer: socket write error
12/06/19 21:42:58 fiduciaweb: Connection reset by peer: socket write error
12/06/19 21:42:58 fiduciaweb: Connection reset by peer: socket write error
12/06/19 21:43:01 fiduciaweb: Connection reset by peer: socket write error
12/06/19 21:43:26 fiduciaweb: Connection reset by peer: socket write error
12/06/19 21:43:26 fiduciaweb: Connection reset by peer: socket write error
12/06/19 21:43:26 fiduciaweb: Connection reset by peer: socket write error
12/06/19 21:43:26 fiduciaweb: Connection reset by peer: socket write error
12/06/19 21:54:02 Started
12/06/19 21:54:04 fiduciaweb: JDevOJSP: init
12/06/19 21:54:04 fiduciaweb: Started
12/06/19 21:54:48 fiduciaweb: Connection reset by peer: socket write error
12/06/19 21:56:29 fiduciaweb: Connection reset by peer: socket write error
12/06/19 21:57:56 fiduciaweb: Connection reset by peer: socket write error
12/06/19 21:57:56 fiduciaweb: Connection reset by peer: socket write error
12/06/19 21:57:56 fiduciaweb: Connection reset by peer: socket write error
12/06/19 21:58:01 fiduciaweb: Connection reset by peer: socket write error
12/06/19 21:58:25 fiduciaweb: Connection reset by peer: socket write error
12/06/19 21:59:05 fiduciaweb: Connection reset by peer: socket write error
12/06/19 21:59:05 fiduciaweb: Connection reset by peer: socket write error
12/06/19 21:59:49 fiduciaweb: Connection reset by peer: socket write error
12/06/19 22:00:12 fiduciaweb: Connection reset by peer: socket write error
12/06/19 22:00:12 fiduciaweb: Connection reset by peer: socket write error
12/06/19 22:00:33 fiduciaweb: Software caused connection abort: socket write error
12/06/19 22:00:44 fiduciaweb: Connection reset by peer: socket write error
12/06/19 22:00:44 fiduciaweb: Connection reset by peer: socket write error
12/06/19 22:01:16 fiduciaweb: Connection reset by peer: socket write error
12/06/19 22:01:22 fiduciaweb: Connection reset by peer: socket write error
12/06/19 22:01:35 fiduciaweb: Connection reset by peer: socket write error
12/06/19 22:01:44 fiduciaweb: Connection reset by peer: socket write error
12/06/19 22:02:08 fiduciaweb: Connection reset by peer: socket write error
12/06/19 22:02:11 fiduciaweb: Connection reset by peer: socket write error
12/06/19 22:02:13 fiduciaweb: Connection reset by peer: socket write error
12/06/19 22:02:17 fiduciaweb: Connection reset by peer: socket write error
12/06/19 22:03:17 fiduciaweb: Connection reset by peer: socket write error
12/06/19 22:03:39 fiduciaweb: Connection reset by peer: socket write error
12/06/19 22:03:39 fiduciaweb: Connection reset by peer: socket write error
12/06/19 22:03:46 fiduciaweb: Connection reset by peer: socket write error
12/06/19 22:03:48 fiduciaweb: Connection reset by peer: socket write error
12/06/19 22:04:00 fiduciaweb: Connection reset by peer: socket write error
12/06/19 22:04:05 fiduciaweb: Connection reset by peer: socket write error
12/06/19 22:04:29 fiduciaweb: Connection reset by peer: socket write error
12/06/19 22:04:33 fiduciaweb: Connection reset by peer: socket write error
12/06/19 22:04:43 fiduciaweb: Connection reset by peer: socket write error
12/06/19 22:07:49 Started
12/06/19 22:07:51 fiduciaweb: JDevOJSP: init
12/06/19 22:07:51 fiduciaweb: Started
12/06/19 22:07:51 fiduciaweb: Connection reset by peer: socket write error
12/06/19 22:08:46 fiduciaweb: Connection reset by peer: socket write error
12/06/19 22:08:46 fiduciaweb: Connection reset by peer: socket write error
12/06/19 22:08:46 fiduciaweb: Connection reset by peer: socket write error
12/06/19 22:08:46 fiduciaweb: Connection reset by peer: socket write error
12/06/19 22:08:46 fiduciaweb: Connection reset by peer: socket write error
12/06/19 22:08:46 fiduciaweb: Connection reset by peer: socket write error
12/06/19 22:08:46 fiduciaweb: Connection reset by peer: socket write error
12/06/19 22:08:46 fiduciaweb: Connection reset by peer: socket write error
12/06/19 22:08:46 fiduciaweb: Connection reset by peer: socket write error
12/06/19 22:08:46 fiduciaweb: Connection reset by peer: socket write error
12/06/19 22:08:46 fiduciaweb: Connection reset by peer: socket write error
12/06/19 22:08:46 fiduciaweb: Connection reset by peer: socket write error
12/06/19 22:08:46 fiduciaweb: Connection reset by peer: socket write error
12/06/19 22:08:46 fiduciaweb: Connection reset by peer: socket write error
12/06/19 22:22:51 fiduciaweb: Connection reset by peer: socket write error
12/06/19 22:23:24 fiduciaweb: Connection reset by peer: socket write error
12/06/19 22:24:53 fiduciaweb: UploadFileDepositos: init
12/06/19 22:31:46 fiduciaweb: Connection reset by peer: socket write error
12/06/19 22:31:51 fiduciaweb: Connection reset by peer: socket write error
12/06/19 22:32:32 Started
12/06/19 22:32:33 fiduciaweb: JDevOJSP: init
12/06/19 22:32:33 fiduciaweb: Started
12/06/19 22:32:48 fiduciaweb: Connection reset by peer: socket write error
12/06/19 22:32:48 fiduciaweb: Connection reset by peer: socket write error
12/06/19 22:32:48 fiduciaweb: Connection reset by peer: socket write error
12/06/19 22:32:48 fiduciaweb: Connection reset by peer: socket write error
12/06/19 22:32:56 fiduciaweb: Connection reset by peer: socket write error
12/06/19 22:32:56 fiduciaweb: Connection reset by peer: socket write error
12/06/19 22:32:56 fiduciaweb: Connection reset by peer: socket write error
12/06/19 22:32:56 fiduciaweb: Connection reset by peer: socket write error
12/06/19 22:33:02 fiduciaweb: Connection reset by peer: socket write error
12/06/19 22:33:38 fiduciaweb: Connection reset by peer: socket write error
12/06/19 22:33:56 fiduciaweb: Connection reset by peer: socket write error
12/06/19 22:34:04 fiduciaweb: Connection reset by peer: socket write error
12/06/19 22:34:34 fiduciaweb: UploadFileDepositos: init
12/06/19 22:39:03 Started
12/06/19 22:39:05 fiduciaweb: JDevOJSP: init
12/06/19 22:39:05 fiduciaweb: Started
12/06/19 22:39:05 fiduciaweb: Connection reset by peer: socket write error
12/06/19 22:39:29 fiduciaweb: Connection reset by peer: socket write error
12/06/19 22:39:29 fiduciaweb: Connection reset by peer: socket write error
12/06/19 22:39:29 fiduciaweb: Connection reset by peer: socket write error
12/06/19 22:39:29 fiduciaweb: Connection reset by peer: socket write error
12/06/19 22:39:31 fiduciaweb: Connection reset by peer: socket write error
12/06/19 22:39:42 fiduciaweb: Connection reset by peer: socket write error
12/06/19 22:39:42 fiduciaweb: Connection reset by peer: socket write error
12/06/19 22:39:43 fiduciaweb: Connection reset by peer: socket write error
12/06/19 22:39:43 fiduciaweb: Connection reset by peer: socket write error
12/06/19 22:39:43 fiduciaweb: Connection reset by peer: socket write error
12/06/19 22:39:43 fiduciaweb: Connection reset by peer: socket write error
12/06/19 22:40:01 fiduciaweb: UploadFileDepositos: init
12/06/19 22:42:07 fiduciaweb: Connection reset by peer: socket write error
12/06/19 22:42:12 fiduciaweb: Connection reset by peer: socket write error
12/06/19 22:42:22 fiduciaweb: Connection reset by peer: socket write error
12/06/19 22:42:23 fiduciaweb: Connection reset by peer: socket write error
12/06/19 22:42:59 fiduciaweb: Connection reset by peer: socket write error
12/06/19 22:43:07 fiduciaweb: Connection reset by peer: socket write error
12/06/19 22:43:40 fiduciaweb: Connection reset by peer: socket write error
12/06/19 22:44:00 fiduciaweb: Connection reset by peer: socket write error
12/06/19 22:44:00 fiduciaweb: Connection reset by peer: socket write error
12/06/19 22:44:03 fiduciaweb: Connection reset by peer: socket write error
12/06/19 22:44:03 fiduciaweb: Connection reset by peer: socket write error
12/06/19 22:44:26 fiduciaweb: Connection reset by peer: socket write error
12/06/19 22:44:26 fiduciaweb: Connection reset by peer: socket write error
12/06/19 22:45:00 fiduciaweb: Connection reset by peer: socket write error
12/06/19 22:45:27 fiduciaweb: Connection reset by peer: socket write error
12/06/19 22:45:32 fiduciaweb: Connection reset by peer: socket write error
12/06/19 22:46:18 fiduciaweb: Connection reset by peer: socket write error
12/06/19 22:46:18 fiduciaweb: Connection reset by peer: socket write error
12/06/19 22:46:25 fiduciaweb: Connection reset by peer: socket write error
12/06/19 22:46:30 fiduciaweb: Connection reset by peer: socket write error
12/06/19 22:46:30 fiduciaweb: Connection reset by peer: socket write error
12/06/19 22:47:22 fiduciaweb: Connection reset by peer: socket write error
12/06/19 22:47:25 fiduciaweb: Connection reset by peer: socket write error
12/06/19 22:50:46 fiduciaweb: Connection reset by peer: socket write error
12/06/19 22:51:06 fiduciaweb: Connection reset by peer: socket write error
12/06/19 22:51:06 fiduciaweb: Connection reset by peer: socket write error
12/06/19 22:51:47 fiduciaweb: Connection reset by peer: socket write error
12/06/19 22:53:16 fiduciaweb: Connection reset by peer: socket write error
12/06/19 22:53:34 fiduciaweb: Connection reset by peer: socket write error
12/06/19 22:53:40 fiduciaweb: Connection reset by peer: socket write error
12/06/19 22:53:43 fiduciaweb: Connection reset by peer: socket write error
12/06/19 22:53:48 fiduciaweb: Connection reset by peer: socket write error
12/06/19 22:56:15 Started
12/06/19 22:56:18 fiduciaweb: JDevOJSP: init
12/06/19 22:56:18 fiduciaweb: Started
12/06/19 22:56:19 fiduciaweb: Connection reset by peer: socket write error
12/06/19 22:56:19 fiduciaweb: Connection reset by peer: socket write error
12/06/19 22:56:19 fiduciaweb: Connection reset by peer: socket write error
12/06/19 22:56:19 fiduciaweb: Connection reset by peer: socket write error
12/06/19 22:56:50 fiduciaweb: Connection reset by peer: socket write error
12/06/19 22:56:51 fiduciaweb: Connection reset by peer: socket write error
12/06/19 22:56:51 fiduciaweb: Connection reset by peer: socket write error
12/06/19 22:56:51 fiduciaweb: Connection reset by peer: socket write error
12/06/19 22:56:51 fiduciaweb: Connection reset by peer: socket write error
12/06/19 22:57:00 fiduciaweb: Connection reset by peer: socket write error
12/06/19 22:57:00 fiduciaweb: Connection reset by peer: socket write error
12/06/19 22:57:00 fiduciaweb: Connection reset by peer: socket write error
12/06/19 22:57:00 fiduciaweb: Connection reset by peer: socket write error
12/06/19 22:57:00 fiduciaweb: Connection reset by peer: socket write error
12/06/19 22:57:00 fiduciaweb: Connection reset by peer: socket write error
12/06/19 22:57:00 fiduciaweb: Connection reset by peer: socket write error
12/06/19 22:57:00 fiduciaweb: Connection reset by peer: socket write error
12/06/19 22:57:00 fiduciaweb: Connection reset by peer: socket write error
12/06/19 22:57:00 fiduciaweb: Connection reset by peer: socket write error
12/06/19 22:57:00 fiduciaweb: Connection reset by peer: socket write error
12/06/19 22:57:00 fiduciaweb: Connection reset by peer: socket write error
12/06/19 22:57:00 fiduciaweb: Connection reset by peer: socket write error
12/06/19 22:57:00 fiduciaweb: Connection reset by peer: socket write error
12/06/19 22:58:42 fiduciaweb: Connection reset by peer: socket write error
12/06/19 22:58:48 fiduciaweb: Connection reset by peer: socket write error
12/06/19 22:59:07 fiduciaweb: Connection reset by peer: socket write error
12/06/19 22:59:10 fiduciaweb: Connection reset by peer: socket write error
12/06/19 23:00:45 fiduciaweb: Connection reset by peer: socket write error
12/06/19 23:00:52 fiduciaweb: Connection reset by peer: socket write error
12/06/19 23:00:57 fiduciaweb: Connection reset by peer: socket write error
12/06/19 23:14:06 fiduciaweb: Connection reset by peer: socket write error
12/06/19 23:14:11 fiduciaweb: Connection reset by peer: socket write error
12/06/19 23:14:11 fiduciaweb: Connection reset by peer: socket write error
12/06/19 23:14:41 fiduciaweb: Connection reset by peer: socket write error
12/06/19 23:14:50 fiduciaweb: Connection reset by peer: socket write error
12/06/19 23:14:50 fiduciaweb: Connection reset by peer: socket write error
12/06/19 23:14:52 fiduciaweb: Connection reset by peer: socket write error
12/06/19 23:14:54 fiduciaweb: Connection reset by peer: socket write error
12/06/19 23:15:14 fiduciaweb: Connection reset by peer: socket write error
12/06/19 23:15:42 fiduciaweb: Connection reset by peer: socket write error
12/06/19 23:15:57 fiduciaweb: Connection reset by peer: socket write error
12/06/19 23:16:02 fiduciaweb: Connection reset by peer: socket write error
12/06/19 23:16:31 fiduciaweb: Connection reset by peer: socket write error
12/06/19 23:16:40 fiduciaweb: Connection reset by peer: socket write error
12/06/19 23:17:53 fiduciaweb: Connection reset by peer: socket write error
12/06/19 23:17:53 fiduciaweb: Connection reset by peer: socket write error
12/06/19 23:18:27 fiduciaweb: Connection reset by peer: socket write error
12/06/19 23:24:47 fiduciaweb: Connection reset by peer: socket write error
12/06/19 23:25:12 fiduciaweb: Connection reset by peer: socket write error
12/06/19 23:25:29 fiduciaweb: Connection reset by peer: socket write error
12/06/19 23:25:56 fiduciaweb: Connection reset by peer: socket write error
12/06/19 23:28:27 fiduciaweb: Connection reset by peer: socket write error
12/06/19 23:30:23 fiduciaweb: Connection reset by peer: socket write error
12/06/19 23:30:23 fiduciaweb: Connection reset by peer: socket write error
12/06/19 23:30:23 fiduciaweb: Connection reset by peer: socket write error
12/06/19 23:31:07 fiduciaweb: Connection reset by peer: socket write error
12/06/19 23:31:07 fiduciaweb: Connection reset by peer: socket write error
12/06/19 23:31:15 fiduciaweb: Connection reset by peer: socket write error
12/06/19 23:31:17 fiduciaweb: Connection reset by peer: socket write error
12/06/19 23:31:21 fiduciaweb: Connection reset by peer: socket write error
12/06/19 23:31:21 fiduciaweb: Connection reset by peer: socket write error
12/06/19 23:31:21 fiduciaweb: Connection reset by peer: socket write error
12/06/19 23:31:30 fiduciaweb: Connection reset by peer: socket write error
12/06/19 23:32:47 fiduciaweb: Connection reset by peer: socket write error
12/06/20 07:50:34 Started
12/06/20 07:50:36 fiduciaweb: JDevOJSP: init
12/06/20 07:50:36 fiduciaweb: Started
12/06/20 07:50:36 fiduciaweb: Connection reset by peer: socket write error
12/06/20 07:50:36 fiduciaweb: Connection reset by peer: socket write error
12/06/20 07:50:36 fiduciaweb: Connection reset by peer: socket write error
12/06/20 07:50:36 fiduciaweb: Connection reset by peer: socket write error
12/06/20 07:50:36 fiduciaweb: Connection reset by peer: socket write error
12/06/20 07:50:36 fiduciaweb: Connection reset by peer: socket write error
12/06/20 07:51:58 fiduciaweb: Connection reset by peer: socket write error
12/06/20 07:51:58 fiduciaweb: Connection reset by peer: socket write error
12/06/20 07:51:59 fiduciaweb: Connection reset by peer: socket write error
12/06/20 07:51:59 fiduciaweb: Connection reset by peer: socket write error
12/06/20 07:51:59 fiduciaweb: Connection reset by peer: socket write error
12/06/20 07:51:59 fiduciaweb: Connection reset by peer: socket write error
12/06/20 07:52:09 fiduciaweb: Connection reset by peer: socket write error
12/06/20 07:52:11 fiduciaweb: Connection reset by peer: socket write error
12/06/20 07:52:11 fiduciaweb: Connection reset by peer: socket write error
12/06/20 07:52:11 fiduciaweb: Connection reset by peer: socket write error
12/06/20 07:52:11 fiduciaweb: Connection reset by peer: socket write error
12/06/20 07:52:11 fiduciaweb: Connection reset by peer: socket write error
12/06/20 07:52:11 fiduciaweb: Connection reset by peer: socket write error
12/06/20 07:52:11 fiduciaweb: Connection reset by peer: socket write error
12/06/20 07:52:11 fiduciaweb: Connection reset by peer: socket write error
12/06/20 07:52:11 fiduciaweb: Connection reset by peer: socket write error
12/06/20 07:52:11 fiduciaweb: Connection reset by peer: socket write error
12/06/20 07:52:33 fiduciaweb: Connection reset by peer: socket write error
12/06/20 07:52:33 fiduciaweb: Connection reset by peer: socket write error
12/06/20 07:52:38 fiduciaweb: Connection reset by peer: socket write error
12/06/20 07:53:22 fiduciaweb: Connection reset by peer: socket write error
12/06/20 07:53:22 fiduciaweb: Connection reset by peer: socket write error
12/06/20 07:54:11 fiduciaweb: Connection reset by peer: socket write error
12/06/20 07:54:11 fiduciaweb: Connection reset by peer: socket write error
12/06/20 07:54:16 fiduciaweb: Connection reset by peer: socket write error
12/06/20 08:01:03 fiduciaweb: Connection reset by peer: socket write error
12/06/20 08:01:09 fiduciaweb: Connection reset by peer: socket write error
12/06/20 08:01:09 fiduciaweb: Connection reset by peer: socket write error
12/06/20 08:01:12 fiduciaweb: Connection reset by peer: socket write error
12/06/20 08:01:12 fiduciaweb: Connection reset by peer: socket write error
12/06/20 08:01:15 fiduciaweb: Connection reset by peer: socket write error
12/06/20 08:01:15 fiduciaweb: Connection reset by peer: socket write error
12/06/20 08:01:15 fiduciaweb: Connection reset by peer: socket write error
12/06/20 08:01:15 fiduciaweb: Connection reset by peer: socket write error
12/06/20 08:01:23 fiduciaweb: Connection reset by peer: socket write error
12/06/20 08:01:23 fiduciaweb: Connection reset by peer: socket write error
12/06/20 15:37:15 Started
12/06/20 15:37:19 fiduciaweb: JDevOJSP: init
12/06/20 15:37:19 fiduciaweb: Started
12/06/20 15:37:20 fiduciaweb: Connection reset by peer: socket write error
12/06/20 15:37:44 fiduciaweb: Connection reset by peer: socket write error
12/06/20 15:37:44 fiduciaweb: Connection reset by peer: socket write error
12/06/20 15:37:44 fiduciaweb: Connection reset by peer: socket write error
12/06/20 15:37:44 fiduciaweb: Connection reset by peer: socket write error
12/06/20 15:37:53 fiduciaweb: Connection reset by peer: socket write error
12/06/20 15:48:38 Started
12/06/20 15:48:41 fiduciaweb: JDevOJSP: init
12/06/20 15:48:41 fiduciaweb: Started
12/06/20 15:48:41 fiduciaweb: Connection reset by peer: socket write error
12/06/20 15:48:41 fiduciaweb: Connection reset by peer: socket write error
12/06/20 15:48:41 fiduciaweb: Connection reset by peer: socket write error
12/06/20 15:48:41 fiduciaweb: Connection reset by peer: socket write error
12/06/20 15:49:24 fiduciaweb: Connection reset by peer: socket write error
12/06/20 15:49:24 fiduciaweb: Connection reset by peer: socket write error
12/06/20 15:49:24 fiduciaweb: Connection reset by peer: socket write error
12/06/20 15:49:24 fiduciaweb: Connection reset by peer: socket write error
12/06/20 15:49:24 fiduciaweb: Connection reset by peer: socket write error
12/06/20 15:49:24 fiduciaweb: Connection reset by peer: socket write error
12/06/20 15:49:24 fiduciaweb: Connection reset by peer: socket write error
12/06/20 15:49:24 fiduciaweb: Connection reset by peer: socket write error
12/06/20 15:49:24 fiduciaweb: Connection reset by peer: socket write error
12/06/20 15:49:24 fiduciaweb: Connection reset by peer: socket write error
12/06/20 15:49:31 fiduciaweb: Connection reset by peer: socket write error
12/06/20 15:49:36 fiduciaweb: com.evermind.server.http.NotFoundServlet: init
12/06/20 16:00:44 fiduciaweb: Servlet error
java.lang.NoSuchFieldError: queryTipoOperacionesMDC
	at com.bancomext.util.uConsultas.getResultSet(uConsultas.java:339)
	at com.bancomext.negocio.nConsultas.querySelect(nConsultas.java:152)
	at _FI__Instruccion13._jspService(FI_Instruccion13.jsp:164)
	at com.orionserver[Oracle Application Server Containers for J2EE 10g (10.1.2.2.0)].http.OrionHttpJspPage.service(OrionHttpJspPage.java:56)
	at oracle.jsp.runtimev2.JspPageTable.service(JspPageTable.java:356)
	at oracle.jsp.runtimev2.JspServlet.internalService(JspServlet.java:498)
	at oracle.jsp.runtimev2.JspServlet.service(JspServlet.java:402)
	at javax.servlet.http.HttpServlet.service(HttpServlet.java:853)
	at com.evermind[Oracle Application Server Containers for J2EE 10g (10.1.2.2.0)].server.http.ResourceFilterChain.doFilter(ResourceFilterChain.java:65)
	at oracle.security.jazn.oc4j.JAZNFilter.doFilter(Unknown Source)
	at com.evermind[Oracle Application Server Containers for J2EE 10g (10.1.2.2.0)].server.http.ServletRequestDispatcher.invoke(ServletRequestDispatcher.java:673)
	at com.evermind[Oracle Application Server Containers for J2EE 10g (10.1.2.2.0)].server.http.ServletRequestDispatcher.forwardInternal(ServletRequestDispatcher.java:340)
	at com.evermind[Oracle Application Server Containers for J2EE 10g (10.1.2.2.0)].server.http.HttpRequestHandler.processRequest(HttpRequestHandler.java:830)
	at com.evermind[Oracle Application Server Containers for J2EE 10g (10.1.2.2.0)].server.http.HttpRequestHandler.run(HttpRequestHandler.java:285)
	at com.evermind[Oracle Application Server Containers for J2EE 10g (10.1.2.2.0)].server.http.HttpRequestHandler.run(HttpRequestHandler.java:126)
	at com.evermind[Oracle Application Server Containers for J2EE 10g (10.1.2.2.0)].util.ReleasableResourcePooledExecutor$MyWorker.run(ReleasableResourcePooledExecutor.java:186)
	at java.lang.Thread.run(Thread.java:534)
12/06/20 16:01:09 fiduciaweb: Servlet error
java.lang.NoSuchFieldError: queryTipoOperacionesMDC
	at com.bancomext.util.uConsultas.getResultSet(uConsultas.java:339)
	at com.bancomext.negocio.nConsultas.querySelect(nConsultas.java:152)
	at _FI__Instruccion13._jspService(FI_Instruccion13.jsp:164)
	at com.orionserver[Oracle Application Server Containers for J2EE 10g (10.1.2.2.0)].http.OrionHttpJspPage.service(OrionHttpJspPage.java:56)
	at oracle.jsp.runtimev2.JspPageTable.service(JspPageTable.java:356)
	at oracle.jsp.runtimev2.JspServlet.internalService(JspServlet.java:498)
	at oracle.jsp.runtimev2.JspServlet.service(JspServlet.java:402)
	at javax.servlet.http.HttpServlet.service(HttpServlet.java:853)
	at com.evermind[Oracle Application Server Containers for J2EE 10g (10.1.2.2.0)].server.http.ResourceFilterChain.doFilter(ResourceFilterChain.java:65)
	at oracle.security.jazn.oc4j.JAZNFilter.doFilter(Unknown Source)
	at com.evermind[Oracle Application Server Containers for J2EE 10g (10.1.2.2.0)].server.http.ServletRequestDispatcher.invoke(ServletRequestDispatcher.java:673)
	at com.evermind[Oracle Application Server Containers for J2EE 10g (10.1.2.2.0)].server.http.ServletRequestDispatcher.forwardInternal(ServletRequestDispatcher.java:340)
	at com.evermind[Oracle Application Server Containers for J2EE 10g (10.1.2.2.0)].server.http.HttpRequestHandler.processRequest(HttpRequestHandler.java:830)
	at com.evermind[Oracle Application Server Containers for J2EE 10g (10.1.2.2.0)].server.http.HttpRequestHandler.run(HttpRequestHandler.java:285)
	at com.evermind[Oracle Application Server Containers for J2EE 10g (10.1.2.2.0)].server.http.HttpRequestHandler.run(HttpRequestHandler.java:126)
	at com.evermind[Oracle Application Server Containers for J2EE 10g (10.1.2.2.0)].util.ReleasableResourcePooledExecutor$MyWorker.run(ReleasableResourcePooledExecutor.java:192)
	at java.lang.Thread.run(Thread.java:534)
12/06/20 16:02:31 fiduciaweb: Servlet error
java.lang.NoSuchFieldError: queryTipoOperacionesMDC
	at com.bancomext.util.uConsultas.getResultSet(uConsultas.java:339)
	at com.bancomext.negocio.nConsultas.querySelect(nConsultas.java:152)
	at _FI__Instruccion13._jspService(FI_Instruccion13.jsp:164)
	at com.orionserver[Oracle Application Server Containers for J2EE 10g (10.1.2.2.0)].http.OrionHttpJspPage.service(OrionHttpJspPage.java:56)
	at oracle.jsp.runtimev2.JspPageTable.service(JspPageTable.java:356)
	at oracle.jsp.runtimev2.JspServlet.internalService(JspServlet.java:498)
	at oracle.jsp.runtimev2.JspServlet.service(JspServlet.java:402)
	at javax.servlet.http.HttpServlet.service(HttpServlet.java:853)
	at com.evermind[Oracle Application Server Containers for J2EE 10g (10.1.2.2.0)].server.http.ResourceFilterChain.doFilter(ResourceFilterChain.java:65)
	at oracle.security.jazn.oc4j.JAZNFilter.doFilter(Unknown Source)
	at com.evermind[Oracle Application Server Containers for J2EE 10g (10.1.2.2.0)].server.http.ServletRequestDispatcher.invoke(ServletRequestDispatcher.java:673)
	at com.evermind[Oracle Application Server Containers for J2EE 10g (10.1.2.2.0)].server.http.ServletRequestDispatcher.forwardInternal(ServletRequestDispatcher.java:340)
	at com.evermind[Oracle Application Server Containers for J2EE 10g (10.1.2.2.0)].server.http.HttpRequestHandler.processRequest(HttpRequestHandler.java:830)
	at com.evermind[Oracle Application Server Containers for J2EE 10g (10.1.2.2.0)].server.http.HttpRequestHandler.run(HttpRequestHandler.java:285)
	at com.evermind[Oracle Application Server Containers for J2EE 10g (10.1.2.2.0)].server.http.HttpRequestHandler.run(HttpRequestHandler.java:126)
	at com.evermind[Oracle Application Server Containers for J2EE 10g (10.1.2.2.0)].util.ReleasableResourcePooledExecutor$MyWorker.run(ReleasableResourcePooledExecutor.java:186)
	at java.lang.Thread.run(Thread.java:534)
12/06/20 16:05:54 Started
12/06/20 16:05:57 fiduciaweb: JDevOJSP: init
12/06/20 16:05:57 fiduciaweb: Started
12/06/20 16:05:58 fiduciaweb: Connection reset by peer: socket write error
12/06/20 16:05:58 fiduciaweb: Connection reset by peer: socket write error
12/06/20 16:05:58 fiduciaweb: Connection reset by peer: socket write error
12/06/20 16:05:58 fiduciaweb: Connection reset by peer: socket write error
12/06/20 16:07:29 fiduciaweb: com.evermind.server.http.NotFoundServlet: init
12/06/20 16:07:29 fiduciaweb: Connection reset by peer: socket write error
12/06/20 16:07:29 fiduciaweb: Connection reset by peer: socket write error
12/06/20 16:08:44 fiduciaweb: Connection reset by peer: socket write error
12/06/20 16:15:07 Started
12/06/20 16:15:12 fiduciaweb: JDevOJSP: init
12/06/20 16:15:12 fiduciaweb: Started
12/06/20 16:15:33 fiduciaweb: Connection reset by peer: socket write error
12/06/20 16:15:33 fiduciaweb: Connection reset by peer: socket write error
12/06/20 16:15:33 fiduciaweb: Connection reset by peer: socket write error
12/06/20 16:15:33 fiduciaweb: Connection reset by peer: socket write error
12/06/20 16:15:33 fiduciaweb: Connection reset by peer: socket write error
12/06/20 16:15:33 fiduciaweb: Connection reset by peer: socket write error
12/06/20 16:15:33 fiduciaweb: Connection reset by peer: socket write error
12/06/20 16:15:33 fiduciaweb: Connection reset by peer: socket write error
12/06/20 16:15:43 fiduciaweb: Connection reset by peer: socket write error
12/06/20 16:15:43 fiduciaweb: Connection reset by peer: socket write error
12/06/20 16:15:43 fiduciaweb: Connection reset by peer: socket write error
12/06/20 16:15:43 fiduciaweb: Connection reset by peer: socket write error
12/06/20 16:15:49 fiduciaweb: Connection reset by peer: socket write error
12/06/20 16:15:49 fiduciaweb: Connection reset by peer: socket write error
12/06/20 16:16:12 fiduciaweb: Connection reset by peer: socket write error
12/06/20 16:19:10 fiduciaweb: com.evermind.server.http.NotFoundServlet: init
12/06/20 16:26:25 Started
12/06/20 16:26:28 fiduciaweb: JDevOJSP: init
12/06/20 16:26:28 fiduciaweb: Started
12/06/20 16:26:29 fiduciaweb: Connection reset by peer: socket write error
12/06/20 16:26:29 fiduciaweb: Connection reset by peer: socket write error
12/06/20 16:26:29 fiduciaweb: Connection reset by peer: socket write error
12/06/20 16:26:29 fiduciaweb: Connection reset by peer: socket write error
12/06/20 16:26:29 fiduciaweb: Connection reset by peer: socket write error
12/06/20 16:26:29 fiduciaweb: Connection reset by peer: socket write error
12/06/20 16:26:29 fiduciaweb: Connection reset by peer: socket write error
12/06/20 16:26:29 fiduciaweb: Connection reset by peer: socket write error
12/06/20 16:26:29 fiduciaweb: Connection reset by peer: socket write error
12/06/20 16:26:29 fiduciaweb: Connection reset by peer: socket write error
12/06/20 16:26:29 fiduciaweb: Connection reset by peer: socket write error
12/06/20 16:26:29 fiduciaweb: Connection reset by peer: socket write error
12/06/20 16:26:29 fiduciaweb: Connection reset by peer: socket write error
12/06/20 16:26:55 fiduciaweb: Connection reset by peer: socket write error
12/06/20 16:26:55 fiduciaweb: Connection reset by peer: socket write error
12/06/20 16:26:55 fiduciaweb: Connection reset by peer: socket write error
12/06/20 16:26:55 fiduciaweb: Connection reset by peer: socket write error
12/06/20 16:26:55 fiduciaweb: Connection reset by peer: socket write error
12/06/20 16:26:55 fiduciaweb: Connection reset by peer: socket write error
12/06/20 16:26:55 fiduciaweb: Connection reset by peer: socket write error
12/06/20 16:26:56 fiduciaweb: Connection reset by peer: socket write error
12/06/20 16:26:56 fiduciaweb: Connection reset by peer: socket write error
12/06/20 16:26:56 fiduciaweb: Connection reset by peer: socket write error
12/06/20 16:26:56 fiduciaweb: Connection reset by peer: socket write error
12/06/20 16:27:17 fiduciaweb: Connection reset by peer: socket write error
12/06/20 16:27:37 fiduciaweb: Connection reset by peer: socket write error
12/06/20 16:27:37 fiduciaweb: Connection reset by peer: socket write error
12/06/20 16:28:37 fiduciaweb: com.evermind.server.http.NotFoundServlet: init
12/06/20 17:46:29 Started
12/06/20 17:46:33 fiduciaweb: JDevOJSP: init
12/06/20 17:46:33 fiduciaweb: Started
12/06/20 17:47:43 fiduciaweb: Connection reset by peer: socket write error
12/06/20 17:47:43 fiduciaweb: Connection reset by peer: socket write error
12/06/20 17:47:43 fiduciaweb: Connection reset by peer: socket write error
12/06/20 17:47:48 fiduciaweb: Connection reset by peer: socket write error
12/06/20 17:47:48 fiduciaweb: Connection reset by peer: socket write error
12/06/20 17:50:42 fiduciaweb: Connection reset by peer: socket write error
12/06/20 17:51:28 fiduciaweb: Connection reset by peer: socket write error
12/06/20 17:51:31 fiduciaweb: Connection reset by peer: socket write error
12/06/20 17:51:36 fiduciaweb: Connection reset by peer: socket write error
12/06/20 17:51:56 fiduciaweb: Connection reset by peer: socket write error
12/06/20 17:51:56 fiduciaweb: Connection reset by peer: socket write error
12/06/20 17:51:56 fiduciaweb: Connection reset by peer: socket write error
12/06/20 17:51:56 fiduciaweb: Connection reset by peer: socket write error
12/06/20 17:51:56 fiduciaweb: Connection reset by peer: socket write error
12/06/20 17:51:56 fiduciaweb: Connection reset by peer: socket write error
12/06/20 17:51:56 fiduciaweb: Connection reset by peer: socket write error
12/06/20 17:51:56 fiduciaweb: Connection reset by peer: socket write error
12/06/20 17:51:56 fiduciaweb: Connection reset by peer: socket write error
12/06/20 17:51:56 fiduciaweb: Connection reset by peer: socket write error
12/06/20 17:52:24 fiduciaweb: Connection reset by peer: socket write error
12/06/20 17:52:54 fiduciaweb: Connection reset by peer: socket write error
12/06/20 17:52:54 fiduciaweb: Connection reset by peer: socket write error
12/06/20 17:52:59 fiduciaweb: Connection reset by peer: socket write error
12/06/20 17:54:15 fiduciaweb: Connection reset by peer: socket write error
12/06/20 17:55:18 fiduciaweb: Connection reset by peer: socket write error
12/06/20 17:55:29 fiduciaweb: Connection reset by peer: socket write error
12/06/20 17:55:34 fiduciaweb: Connection reset by peer: socket write error
12/06/20 17:55:35 fiduciaweb: Connection reset by peer: socket write error
12/06/20 17:56:22 fiduciaweb: Connection reset by peer: socket write error
12/06/20 17:59:28 fiduciaweb: Connection reset by peer: socket write error
12/06/20 18:01:03 fiduciaweb: com.evermind.server.http.NotFoundServlet: init
12/06/20 18:01:48 fiduciaweb: Connection reset by peer: socket write error
12/06/20 18:01:54 fiduciaweb: Connection reset by peer: socket write error
12/06/20 18:02:27 fiduciaweb: Connection reset by peer: socket write error
12/06/20 18:02:58 fiduciaweb: Connection reset by peer: socket write error
12/06/20 18:03:05 fiduciaweb: Connection reset by peer: socket write error
12/06/20 18:03:45 fiduciaweb: Connection reset by peer: socket write error
12/06/20 18:03:51 fiduciaweb: Connection reset by peer: socket write error
12/06/21 06:37:15 Started
12/06/21 06:37:17 fiduciaweb: JDevOJSP: init
12/06/21 06:37:17 fiduciaweb: Started
12/06/21 06:37:17 fiduciaweb: Connection reset by peer: socket write error
12/06/21 06:37:17 fiduciaweb: Connection reset by peer: socket write error
12/06/21 06:37:17 fiduciaweb: Connection reset by peer: socket write error
12/06/21 06:37:17 fiduciaweb: Connection reset by peer: socket write error
12/06/21 06:37:17 fiduciaweb: Connection reset by peer: socket write error
12/06/21 06:37:17 fiduciaweb: Connection reset by peer: socket write error
12/06/21 06:39:11 fiduciaweb: Connection reset by peer: socket write error
12/06/21 06:39:11 fiduciaweb: Connection reset by peer: socket write error
12/06/21 06:39:11 fiduciaweb: Connection reset by peer: socket write error
12/06/21 06:39:11 fiduciaweb: Connection reset by peer: socket write error
12/06/21 06:39:11 fiduciaweb: Connection reset by peer: socket write error
12/06/21 06:39:11 fiduciaweb: Connection reset by peer: socket write error
12/06/21 06:39:11 fiduciaweb: Connection reset by peer: socket write error
12/06/21 06:39:11 fiduciaweb: Connection reset by peer: socket write error
12/06/21 06:39:11 fiduciaweb: Connection reset by peer: socket write error
12/06/21 06:39:11 fiduciaweb: Connection reset by peer: socket write error
12/06/21 06:39:15 fiduciaweb: Connection reset by peer: socket write error
12/06/21 06:39:18 fiduciaweb: Connection reset by peer: socket write error
12/06/21 06:40:56 fiduciaweb: Connection reset by peer: socket write error
12/06/21 06:41:02 fiduciaweb: Connection reset by peer: socket write error
12/06/21 06:41:02 fiduciaweb: Connection reset by peer: socket write error
12/06/21 16:12:13 Started
12/06/21 16:12:17 fiduciaweb: JDevOJSP: init
12/06/21 16:12:17 fiduciaweb: Started
12/06/21 16:12:17 fiduciaweb: Connection reset by peer: socket write error
12/06/21 16:12:17 fiduciaweb: Connection reset by peer: socket write error
12/06/21 16:12:17 fiduciaweb: Connection reset by peer: socket write error
12/06/21 16:12:17 fiduciaweb: Connection reset by peer: socket write error
12/06/21 16:15:41 fiduciaweb: Connection reset by peer: socket write error
12/06/21 16:15:41 fiduciaweb: Connection reset by peer: socket write error
12/06/21 16:15:41 fiduciaweb: Connection reset by peer: socket write error
12/06/21 16:15:41 fiduciaweb: Connection reset by peer: socket write error
12/06/21 16:15:41 fiduciaweb: Connection reset by peer: socket write error
12/06/21 16:15:41 fiduciaweb: Connection reset by peer: socket write error
12/06/21 16:15:43 fiduciaweb: Connection reset by peer: socket write error
12/06/21 16:15:44 fiduciaweb: Connection reset by peer: socket write error
12/06/21 16:15:44 fiduciaweb: Connection reset by peer: socket write error
12/06/21 16:15:49 fiduciaweb: Connection reset by peer: socket write error
12/06/21 16:15:49 fiduciaweb: Connection reset by peer: socket write error
12/06/21 16:15:49 fiduciaweb: Connection reset by peer: socket write error
12/06/21 16:15:49 fiduciaweb: Connection reset by peer: socket write error
12/06/21 16:15:49 fiduciaweb: Connection reset by peer: socket write error
12/06/21 16:15:49 fiduciaweb: Connection reset by peer: socket write error
12/06/21 16:15:49 fiduciaweb: Connection reset by peer: socket write error
12/06/21 16:15:49 fiduciaweb: Connection reset by peer: socket write error
12/06/21 16:15:49 fiduciaweb: Connection reset by peer: socket write error
12/06/21 16:15:49 fiduciaweb: Connection reset by peer: socket write error
12/06/21 16:15:49 fiduciaweb: Connection reset by peer: socket write error
12/06/21 16:15:49 fiduciaweb: Connection reset by peer: socket write error
12/06/21 16:15:49 fiduciaweb: Connection reset by peer: socket write error
12/06/21 16:15:49 fiduciaweb: Connection reset by peer: socket write error
12/06/21 16:16:02 fiduciaweb: Connection reset by peer: socket write error
12/06/21 16:17:00 fiduciaweb: Connection reset by peer: socket write error
12/06/21 16:17:05 fiduciaweb: Connection reset by peer: socket write error
12/06/21 16:17:11 fiduciaweb: Connection reset by peer: socket write error
12/06/21 16:17:27 fiduciaweb: Connection reset by peer: socket write error
12/06/21 16:17:27 fiduciaweb: Connection reset by peer: socket write error
12/06/21 16:17:27 fiduciaweb: Connection reset by peer: socket write error
12/06/21 16:17:27 fiduciaweb: Connection reset by peer: socket write error
12/06/21 16:17:39 fiduciaweb: Connection reset by peer: socket write error
12/06/21 16:17:44 fiduciaweb: Connection reset by peer: socket write error
12/06/21 16:17:47 fiduciaweb: Connection reset by peer: socket write error
12/06/21 16:17:47 fiduciaweb: Connection reset by peer: socket write error
12/06/21 16:20:47 Started
12/06/21 16:20:49 fiduciaweb: JDevOJSP: init
12/06/21 16:20:49 fiduciaweb: Started
12/06/21 16:20:49 fiduciaweb: Connection reset by peer: socket write error
12/06/21 16:21:14 fiduciaweb: Connection reset by peer: socket write error
12/06/21 16:21:14 fiduciaweb: Connection reset by peer: socket write error
12/06/21 16:21:14 fiduciaweb: Connection reset by peer: socket write error
12/06/21 16:21:14 fiduciaweb: Connection reset by peer: socket write error
12/06/21 16:21:16 fiduciaweb: Connection reset by peer: socket write error
12/06/21 16:21:16 fiduciaweb: Connection reset by peer: socket write error
12/06/21 16:21:16 fiduciaweb: Connection reset by peer: socket write error
12/06/21 16:21:28 fiduciaweb: Connection reset by peer: socket write error
12/06/21 16:21:37 fiduciaweb: Software caused connection abort: socket write error
12/06/21 16:21:37 fiduciaweb: Connection reset by peer: socket write error
12/06/21 16:21:42 fiduciaweb: Connection reset by peer: socket write error
12/06/21 16:21:50 fiduciaweb: Connection reset by peer: socket write error
12/06/21 16:21:57 fiduciaweb: Connection reset by peer: socket write error
12/06/21 16:21:57 fiduciaweb: Connection reset by peer: socket write error
12/06/21 16:22:46 fiduciaweb: Connection reset by peer: socket write error
12/06/21 16:22:51 fiduciaweb: Connection reset by peer: socket write error
12/06/21 16:22:51 fiduciaweb: Connection reset by peer: socket write error
12/06/21 16:23:22 fiduciaweb: Connection reset by peer: socket write error
12/06/21 16:23:22 fiduciaweb: Connection reset by peer: socket write error
12/06/21 16:23:22 fiduciaweb: Connection reset by peer: socket write error
12/06/21 16:23:22 fiduciaweb: Connection reset by peer: socket write error
12/06/21 16:23:22 fiduciaweb: Connection reset by peer: socket write error
12/06/21 16:24:12 fiduciaweb: Connection reset by peer: socket write error
12/06/21 16:24:12 fiduciaweb: Connection reset by peer: socket write error
12/06/21 16:24:29 fiduciaweb: com.evermind.server.http.NotFoundServlet: init
12/06/21 16:24:51 fiduciaweb: Connection reset by peer: socket write error
12/06/21 16:24:56 fiduciaweb: Connection reset by peer: socket write error
12/06/21 16:25:11 fiduciaweb: Connection reset by peer: socket write error
12/06/21 16:25:16 fiduciaweb: Connection reset by peer: socket write error
12/06/21 16:27:28 fiduciaweb: Connection reset by peer: socket write error
12/06/21 16:27:34 fiduciaweb: Connection reset by peer: socket write error
12/06/22 16:26:52 Started
12/06/22 16:26:54 fiduciaweb: JDevOJSP: init
12/06/22 16:26:54 fiduciaweb: Started
12/06/22 16:26:54 fiduciaweb: Connection reset by peer: socket write error
12/06/22 16:26:54 fiduciaweb: Connection reset by peer: socket write error
12/06/22 16:26:54 fiduciaweb: Connection reset by peer: socket write error
12/06/22 16:26:54 fiduciaweb: Connection reset by peer: socket write error
12/06/22 16:26:54 fiduciaweb: Connection reset by peer: socket write error
12/06/22 16:26:54 fiduciaweb: Connection reset by peer: socket write error
12/06/22 16:27:15 fiduciaweb: Connection reset by peer: socket write error
12/06/22 16:27:15 fiduciaweb: Connection reset by peer: socket write error
12/06/22 16:27:15 fiduciaweb: Connection reset by peer: socket write error
12/06/22 16:27:17 fiduciaweb: Connection reset by peer: socket write error
12/06/22 16:27:17 fiduciaweb: Connection reset by peer: socket write error
12/06/22 16:27:24 fiduciaweb: Connection reset by peer: socket write error
12/06/22 16:27:24 fiduciaweb: Connection reset by peer: socket write error
12/06/22 16:27:24 fiduciaweb: Connection reset by peer: socket write error
12/06/22 16:27:24 fiduciaweb: Connection reset by peer: socket write error
12/06/22 16:27:27 fiduciaweb: Connection reset by peer: socket write error
12/06/22 16:27:29 fiduciaweb: Connection reset by peer: socket write error
12/06/22 16:28:06 fiduciaweb: Connection reset by peer: socket write error
12/06/22 16:28:06 fiduciaweb: Connection reset by peer: socket write error
12/06/22 16:28:15 fiduciaweb: Connection reset by peer: socket write error
12/06/22 16:28:22 fiduciaweb: Connection reset by peer: socket write error
12/06/22 16:28:22 fiduciaweb: Connection reset by peer: socket write error
12/06/22 16:28:22 fiduciaweb: Connection reset by peer: socket write error
12/06/22 16:28:22 fiduciaweb: Connection reset by peer: socket write error
12/06/22 16:28:42 fiduciaweb: Connection reset by peer: socket write error
12/06/22 16:28:44 fiduciaweb: Connection reset by peer: socket write error
12/06/22 16:28:54 fiduciaweb: Connection reset by peer: socket write error
12/06/22 16:29:34 fiduciaweb: Connection reset by peer: socket write error
12/06/22 16:29:34 fiduciaweb: Connection reset by peer: socket write error
12/06/22 16:29:39 fiduciaweb: Connection reset by peer: socket write error
12/06/22 16:29:57 fiduciaweb: Connection reset by peer: socket write error
12/06/22 16:29:57 fiduciaweb: Connection reset by peer: socket write error
12/06/22 16:29:57 fiduciaweb: Connection reset by peer: socket write error
12/06/22 16:29:57 fiduciaweb: Connection reset by peer: socket write error
12/06/22 16:29:59 fiduciaweb: Connection reset by peer: socket write error
12/06/22 16:30:01 fiduciaweb: Connection reset by peer: socket write error
12/06/22 16:30:02 fiduciaweb: Connection reset by peer: socket write error
12/06/22 16:30:13 fiduciaweb: Connection reset by peer: socket write error
12/06/22 16:30:18 fiduciaweb: Connection reset by peer: socket write error
12/06/22 16:30:26 fiduciaweb: Connection reset by peer: socket write error
12/06/22 16:30:26 fiduciaweb: Connection reset by peer: socket write error
12/06/22 16:30:26 fiduciaweb: Connection reset by peer: socket write error
12/06/22 16:30:27 fiduciaweb: Connection reset by peer: socket write error
12/06/22 16:30:27 fiduciaweb: Connection reset by peer: socket write error
12/06/22 16:30:30 fiduciaweb: Connection reset by peer: socket write error
12/06/22 16:30:30 fiduciaweb: Connection reset by peer: socket write error
12/06/22 16:30:31 fiduciaweb: Connection reset by peer: socket write error
12/06/22 16:30:37 fiduciaweb: Connection reset by peer: socket write error
12/06/22 16:30:52 fiduciaweb: Connection reset by peer: socket write error
12/06/23 18:27:32 Started
12/06/23 18:27:36 fiduciaweb: JDevOJSP: init
12/06/23 18:27:36 fiduciaweb: Started
12/06/23 18:27:36 fiduciaweb: Connection reset by peer: socket write error
12/06/23 18:27:36 fiduciaweb: Connection reset by peer: socket write error
12/06/23 18:27:36 fiduciaweb: Connection reset by peer: socket write error
12/06/23 18:27:36 fiduciaweb: Connection reset by peer: socket write error
12/06/23 18:27:37 fiduciaweb: Connection reset by peer: socket write error
12/06/23 18:27:56 fiduciaweb: Connection reset by peer: socket write error
12/06/23 18:27:56 fiduciaweb: Connection reset by peer: socket write error
12/06/23 18:28:40 fiduciaweb: Connection reset by peer: socket write error
12/06/23 18:28:44 fiduciaweb: Connection reset by peer: socket write error
12/06/23 18:28:44 fiduciaweb: Connection reset by peer: socket write error
12/06/23 18:28:44 fiduciaweb: Connection reset by peer: socket write error
12/06/23 18:28:44 fiduciaweb: Connection reset by peer: socket write error
12/06/23 18:28:44 fiduciaweb: Connection reset by peer: socket write error
12/06/23 18:28:44 fiduciaweb: Connection reset by peer: socket write error
12/06/23 18:28:44 fiduciaweb: Connection reset by peer: socket write error
12/06/23 18:28:44 fiduciaweb: Connection reset by peer: socket write error
12/06/27 14:53:31 Started
12/06/27 14:53:32 fiduciaweb: JDevOJSP: init
12/06/27 14:53:32 fiduciaweb: Started
12/06/27 14:53:33 fiduciaweb: Connection reset by peer: socket write error
12/06/27 14:53:33 fiduciaweb: Connection reset by peer: socket write error
12/06/27 14:53:33 fiduciaweb: Connection reset by peer: socket write error
12/06/27 14:53:33 fiduciaweb: Connection reset by peer: socket write error
12/06/27 14:53:33 fiduciaweb: Connection reset by peer: socket write error
12/06/27 14:53:33 fiduciaweb: Connection reset by peer: socket write error
12/06/28 06:13:57 Started
12/06/28 06:14:04 fiduciaweb: JDevOJSP: init
12/06/28 06:14:04 fiduciaweb: Started
12/06/28 06:14:05 fiduciaweb: Connection reset by peer: socket write error
12/06/28 06:14:05 fiduciaweb: Connection reset by peer: socket write error
12/06/28 06:14:05 fiduciaweb: Connection reset by peer: socket write error
12/06/28 06:14:05 fiduciaweb: Connection reset by peer: socket write error
12/06/28 06:14:05 fiduciaweb: Connection reset by peer: socket write error
12/06/28 06:14:05 fiduciaweb: Connection reset by peer: socket write error
12/06/28 06:14:05 fiduciaweb: Connection reset by peer: socket write error
12/06/28 06:14:05 fiduciaweb: Connection reset by peer: socket write error
12/06/28 06:26:16 fiduciaweb: com.evermind.server.http.NotFoundServlet: init
12/06/28 06:28:50 fiduciaweb: Connection reset by peer: socket write error
12/06/28 06:28:50 fiduciaweb: Connection reset by peer: socket write error
12/06/28 06:28:50 fiduciaweb: Connection reset by peer: socket write error
12/06/28 06:28:50 fiduciaweb: Connection reset by peer: socket write error
12/06/28 06:29:55 fiduciaweb: Connection reset by peer: socket write error
12/06/28 06:30:02 fiduciaweb: Connection reset by peer: socket write error
12/06/28 06:32:53 fiduciaweb: UploadFileDepositos: init
12/06/28 06:41:02 Started
12/06/28 06:41:09 fiduciaweb: JDevOJSP: init
12/06/28 06:41:09 fiduciaweb: Started
12/06/28 06:41:09 fiduciaweb: Connection reset by peer: socket write error
12/06/28 06:41:09 fiduciaweb: Connection reset by peer: socket write error
12/06/28 06:41:09 fiduciaweb: Connection reset by peer: socket write error
12/06/28 06:41:09 fiduciaweb: Connection reset by peer: socket write error
12/06/28 06:41:57 fiduciaweb: Connection reset by peer: socket write error
12/06/28 06:42:41 fiduciaweb: Connection reset by peer: socket write error
12/06/28 06:42:41 fiduciaweb: Connection reset by peer: socket write error
12/06/28 06:43:40 fiduciaweb: UploadFileDepositos: init
12/06/28 06:45:08 fiduciaweb: Connection reset by peer: socket write error
12/06/29 05:27:47 Started
12/06/29 05:27:55 fiduciaweb: JDevOJSP: init
12/06/29 05:27:55 fiduciaweb: Started
12/06/29 05:29:29 Started
12/06/29 05:29:31 fiduciaweb: JDevOJSP: init
12/06/29 05:29:31 fiduciaweb: Started
12/06/29 05:29:42 fiduciaweb: Connection reset by peer: socket write error
12/06/29 05:30:10 fiduciaweb: Connection reset by peer: socket write error
12/06/29 05:30:10 fiduciaweb: Connection reset by peer: socket write error
12/06/29 05:30:10 fiduciaweb: Connection reset by peer: socket write error
12/06/29 05:30:10 fiduciaweb: Connection reset by peer: socket write error
12/06/29 05:30:10 fiduciaweb: Connection reset by peer: socket write error
12/06/29 05:30:10 fiduciaweb: Connection reset by peer: socket write error
12/06/29 05:30:10 fiduciaweb: Connection reset by peer: socket write error
12/06/29 05:30:10 fiduciaweb: Connection reset by peer: socket write error
12/06/29 05:30:10 fiduciaweb: Connection reset by peer: socket write error
12/06/29 05:30:10 fiduciaweb: Connection reset by peer: socket write error
12/06/29 05:30:10 fiduciaweb: Connection reset by peer: socket write error
12/06/29 05:30:12 fiduciaweb: Connection reset by peer: socket write error
12/06/29 05:30:21 fiduciaweb: Connection reset by peer: socket write error
12/06/29 05:30:32 fiduciaweb: com.evermind.server.http.NotFoundServlet: init
12/06/29 05:30:32 fiduciaweb: Connection reset by peer: socket write error
12/06/29 05:30:32 fiduciaweb: Connection reset by peer: socket write error
12/06/29 05:30:37 fiduciaweb: Connection reset by peer: socket write error
12/06/29 05:30:37 fiduciaweb: Connection reset by peer: socket write error
12/06/29 05:31:34 fiduciaweb: Connection reset by peer: socket write error
12/06/29 05:32:05 fiduciaweb: Connection reset by peer: socket write error
12/06/29 05:32:16 fiduciaweb: Connection reset by peer: socket write error
12/06/29 06:54:21 Started
12/06/29 06:54:27 fiduciaweb: JDevOJSP: init
12/06/29 06:54:27 fiduciaweb: Started
12/06/29 06:55:35 fiduciaweb: Connection reset by peer: socket write error
12/06/29 06:59:23 Started
12/06/29 06:59:30 fiduciaweb: JDevOJSP: init
12/06/29 06:59:30 fiduciaweb: Started
12/06/29 07:02:29 Started
12/06/29 07:02:34 fiduciaweb: JDevOJSP: init
12/06/29 07:02:34 fiduciaweb: Started
12/06/29 07:03:19 fiduciaweb: Connection reset by peer: socket write error
12/06/29 07:03:22 fiduciaweb: Connection reset by peer: socket write error
12/06/29 07:03:25 fiduciaweb: Connection reset by peer: socket write error
12/06/29 07:03:26 fiduciaweb: Connection reset by peer: socket write error
12/06/29 07:03:51 fiduciaweb: Connection reset by peer: socket write error
12/06/29 07:05:01 fiduciaweb: Connection reset by peer: socket write error
12/06/29 07:05:08 fiduciaweb: com.evermind.server.http.NotFoundServlet: init
12/06/29 07:05:14 fiduciaweb: Connection reset by peer: socket write error
12/06/29 07:35:02 fiduciaweb: Connection reset by peer: socket write error
12/06/29 07:35:05 fiduciaweb: Connection reset by peer: socket write error
12/06/29 07:35:17 fiduciaweb: Connection reset by peer: socket write error
12/06/29 07:36:37 fiduciaweb: Connection reset by peer: socket write error
12/06/29 07:40:12 fiduciaweb: Connection reset by peer: socket write error
12/06/29 07:40:51 fiduciaweb: Connection reset by peer: socket write error
12/06/29 07:41:17 fiduciaweb: Connection reset by peer: socket write error
12/06/29 07:42:54 fiduciaweb: Connection reset by peer: socket write error
12/06/29 07:42:58 fiduciaweb: Connection reset by peer: socket write error
12/06/29 07:43:01 fiduciaweb: Connection reset by peer: socket write error
12/06/29 07:43:14 fiduciaweb: Connection reset by peer: socket write error
12/06/29 07:43:19 fiduciaweb: Connection reset by peer: socket write error
12/06/29 07:43:21 fiduciaweb: Connection reset by peer: socket write error
12/06/29 07:44:02 fiduciaweb: Connection reset by peer: socket write error
12/06/29 07:51:50 fiduciaweb: Connection reset by peer: socket write error
12/06/29 07:52:18 fiduciaweb: Connection reset by peer: socket write error
12/06/29 08:04:09 fiduciaweb: Connection reset by peer: socket write error
12/06/29 08:04:09 fiduciaweb: Connection reset by peer: socket write error
12/06/29 08:14:44 fiduciaweb: Connection reset by peer: socket write error
12/06/29 08:14:46 fiduciaweb: Connection reset by peer: socket write error
12/06/29 08:14:50 fiduciaweb: Connection reset by peer: socket write error
12/06/29 08:16:12 fiduciaweb: Connection reset by peer: socket write error
12/06/29 08:16:17 fiduciaweb: Connection reset by peer: socket write error
12/06/29 08:17:40 fiduciaweb: Connection reset by peer: socket write error
12/06/29 08:30:33 fiduciaweb: Connection reset by peer: socket write error
12/06/29 08:31:30 fiduciaweb: Connection reset by peer: socket write error
12/06/29 08:33:51 fiduciaweb: Connection reset by peer: socket write error
12/06/29 08:34:55 fiduciaweb: Connection reset by peer: socket write error
12/06/29 08:36:14 fiduciaweb: Connection reset by peer: socket write error
12/06/29 08:37:06 fiduciaweb: Connection reset by peer: socket write error
12/06/29 08:37:59 fiduciaweb: Connection reset by peer: socket write error
12/06/29 08:40:18 fiduciaweb: Servlet error
java.lang.StringIndexOutOfBoundsException: String index out of range: -1
	at java.lang.String.substring(String.java:1444)
	at _confirmarOpc__2._jspService(confirmarOpc_2.jsp:36)
	at com.orionserver[Oracle Application Server Containers for J2EE 10g (10.1.2.2.0)].http.OrionHttpJspPage.service(OrionHttpJspPage.java:56)
	at oracle.jsp.runtimev2.JspPageTable.compileAndServe(JspPageTable.java:575)
	at oracle.jsp.runtimev2.JspPageTable.service(JspPageTable.java:311)
	at oracle.jsp.runtimev2.JspServlet.internalService(JspServlet.java:498)
	at oracle.jsp.runtimev2.JspServlet.service(JspServlet.java:402)
	at javax.servlet.http.HttpServlet.service(HttpServlet.java:853)
	at com.evermind[Oracle Application Server Containers for J2EE 10g (10.1.2.2.0)].server.http.ResourceFilterChain.doFilter(ResourceFilterChain.java:65)
	at oracle.security.jazn.oc4j.JAZNFilter.doFilter(Unknown Source)
	at com.evermind[Oracle Application Server Containers for J2EE 10g (10.1.2.2.0)].server.http.ServletRequestDispatcher.invoke(ServletRequestDispatcher.java:673)
	at com.evermind[Oracle Application Server Containers for J2EE 10g (10.1.2.2.0)].server.http.ServletRequestDispatcher.forwardInternal(ServletRequestDispatcher.java:340)
	at com.evermind[Oracle Application Server Containers for J2EE 10g (10.1.2.2.0)].server.http.HttpRequestHandler.processRequest(HttpRequestHandler.java:830)
	at com.evermind[Oracle Application Server Containers for J2EE 10g (10.1.2.2.0)].server.http.HttpRequestHandler.run(HttpRequestHandler.java:285)
	at com.evermind[Oracle Application Server Containers for J2EE 10g (10.1.2.2.0)].server.http.HttpRequestHandler.run(HttpRequestHandler.java:126)
	at com.evermind[Oracle Application Server Containers for J2EE 10g (10.1.2.2.0)].util.ReleasableResourcePooledExecutor$MyWorker.run(ReleasableResourcePooledExecutor.java:192)
	at java.lang.Thread.run(Thread.java:534)
12/06/29 08:40:45 fiduciaweb: Connection reset by peer: socket write error
12/06/29 08:40:51 fiduciaweb: Connection reset by peer: socket write error
12/06/29 08:40:53 fiduciaweb: Connection reset by peer: socket write error
12/06/29 08:45:47 fiduciaweb: Connection reset by peer: socket write error
12/06/29 08:47:45 fiduciaweb: Connection reset by peer: socket write error
12/06/29 08:53:54 fiduciaweb: Connection reset by peer: socket write error
12/06/29 08:54:08 fiduciaweb: Connection reset by peer: socket write error
12/06/29 08:54:14 fiduciaweb: Connection reset by peer: socket write error
12/06/29 08:54:23 fiduciaweb: Connection reset by peer: socket write error
12/06/29 08:54:25 fiduciaweb: Connection reset by peer: socket write error
12/06/29 08:56:13 fiduciaweb: Connection reset by peer: socket write error
12/06/29 08:56:30 fiduciaweb: Connection reset by peer: socket write error
12/06/29 08:57:35 fiduciaweb: Connection reset by peer: socket write error
12/06/29 08:58:33 fiduciaweb: Connection reset by peer: socket write error
12/06/29 08:58:33 fiduciaweb: Connection reset by peer: socket write error
12/06/29 09:00:05 fiduciaweb: Connection reset by peer: socket write error
12/06/29 09:04:57 fiduciaweb: Connection reset by peer: socket write error
12/06/29 09:12:46 fiduciaweb: Connection reset by peer: socket write error
12/06/29 09:12:47 fiduciaweb: Connection reset by peer: socket write error
12/06/29 09:13:33 fiduciaweb: Connection reset by peer: socket write error
12/06/29 09:19:54 fiduciaweb: Connection reset by peer: socket write error
12/06/29 09:25:26 fiduciaweb: Connection reset by peer: socket write error
12/06/29 09:25:26 fiduciaweb: Connection reset by peer: socket write error
12/06/29 09:25:26 fiduciaweb: Connection reset by peer: socket write error
12/06/29 09:26:15 fiduciaweb: Connection reset by peer: socket write error
12/06/29 09:26:15 fiduciaweb: Connection reset by peer: socket write error
12/06/29 09:27:47 fiduciaweb: Connection reset by peer: socket write error
12/06/29 09:28:01 fiduciaweb: Connection reset by peer: socket write error
12/06/29 09:29:47 fiduciaweb: Connection reset by peer: socket write error
12/06/29 09:30:39 fiduciaweb: Connection reset by peer: socket write error
12/06/29 09:31:36 fiduciaweb: Connection reset by peer: socket write error
12/06/29 09:33:32 fiduciaweb: Connection reset by peer: socket write error
12/06/29 09:33:32 fiduciaweb: Connection reset by peer: socket write error
12/06/29 09:36:10 fiduciaweb: Connection reset by peer: socket write error
12/06/29 09:36:19 fiduciaweb: Connection reset by peer: socket write error
12/06/29 09:36:41 fiduciaweb: Connection reset by peer: socket write error
12/06/29 09:37:16 fiduciaweb: Connection reset by peer: socket write error
12/06/29 09:37:31 fiduciaweb: Connection reset by peer: socket write error
12/06/29 09:38:23 fiduciaweb: Connection reset by peer: socket write error
12/06/29 09:38:28 fiduciaweb: Connection reset by peer: socket write error
12/06/29 09:38:29 fiduciaweb: Connection reset by peer: socket write error
12/06/29 09:38:30 fiduciaweb: Connection reset by peer: socket write error
12/06/29 09:38:32 fiduciaweb: Connection reset by peer: socket write error
12/06/29 09:45:14 fiduciaweb: Connection reset by peer: socket write error
12/06/29 09:46:57 fiduciaweb: Connection reset by peer: socket write error
12/06/30 09:00:20 Started
12/06/30 09:00:22 fiduciaweb: JDevOJSP: init
12/06/30 09:00:22 fiduciaweb: Started
12/06/30 09:00:22 fiduciaweb: Connection reset by peer: socket write error
12/06/30 09:00:22 fiduciaweb: Connection reset by peer: socket write error
12/06/30 09:00:39 fiduciaweb: Connection reset by peer: socket write error
12/06/30 09:00:39 fiduciaweb: Connection reset by peer: socket write error
12/06/30 09:00:43 fiduciaweb: Connection reset by peer: socket write error
12/06/30 09:00:53 fiduciaweb: Software caused connection abort: socket write error
12/06/30 09:00:56 fiduciaweb: Connection reset by peer: socket write error
12/06/30 09:00:58 fiduciaweb: Connection reset by peer: socket write error
12/06/30 09:01:02 fiduciaweb: Connection reset by peer: socket write error
12/06/30 09:01:07 fiduciaweb: Connection reset by peer: socket write error
12/07/01 00:57:40 Started
12/07/01 00:57:44 fiduciaweb: JDevOJSP: init
12/07/01 00:57:44 fiduciaweb: Started
12/07/01 00:57:44 fiduciaweb: Connection reset by peer: socket write error
12/07/01 00:57:44 fiduciaweb: Connection reset by peer: socket write error
12/07/02 04:41:58 Started
12/07/02 04:41:59 fiduciaweb: JDevOJSP: init
12/07/02 04:41:59 fiduciaweb: Started
12/07/02 04:42:00 fiduciaweb: Connection reset by peer: socket write error
12/07/02 04:42:00 fiduciaweb: Connection reset by peer: socket write error
12/07/02 04:45:42 fiduciaweb: Connection reset by peer: socket write error
12/07/02 04:48:15 fiduciaweb: Connection reset by peer: socket write error
12/07/02 04:48:29 fiduciaweb: Connection reset by peer: socket write error
12/07/02 04:48:29 fiduciaweb: Connection reset by peer: socket write error
12/07/02 04:48:34 fiduciaweb: Connection reset by peer: socket write error
12/07/02 04:50:45 fiduciaweb: Connection reset by peer: socket write error
12/07/02 04:54:18 fiduciaweb: Connection reset by peer: socket write error
12/07/02 04:54:28 fiduciaweb: Connection reset by peer: socket write error
12/07/02 05:01:32 fiduciaweb: Connection reset by peer: socket write error
12/07/02 05:02:01 fiduciaweb: Connection reset by peer: socket write error
12/07/02 05:02:06 fiduciaweb: Connection reset by peer: socket write error
12/07/02 05:02:08 fiduciaweb: Connection reset by peer: socket write error
12/07/02 05:02:11 fiduciaweb: Connection reset by peer: socket write error
12/07/02 05:18:51 fiduciaweb: Connection reset by peer: socket write error
12/07/02 05:33:16 fiduciaweb: Connection reset by peer: socket write error
12/07/02 05:34:35 fiduciaweb: Connection reset by peer: socket write error
12/07/02 05:39:33 Started
12/07/02 05:39:35 fiduciaweb: JDevOJSP: init
12/07/02 05:39:35 fiduciaweb: Started
12/07/02 05:39:35 fiduciaweb: Connection reset by peer: socket write error
12/07/02 05:39:59 fiduciaweb: Connection reset by peer: socket write error
12/07/02 05:40:02 fiduciaweb: Connection reset by peer: socket write error
12/07/02 05:40:03 fiduciaweb: Connection reset by peer: socket write error
12/07/02 06:07:59 Started
12/07/02 06:08:01 fiduciaweb: JDevOJSP: init
12/07/02 06:08:01 fiduciaweb: Started
12/07/02 06:08:58 fiduciaweb: Connection reset by peer: socket write error
12/07/02 06:08:58 fiduciaweb: Connection reset by peer: socket write error
12/07/02 06:08:59 fiduciaweb: Connection reset by peer: socket write error
12/07/02 06:08:59 fiduciaweb: Connection reset by peer: socket write error
12/07/02 06:09:02 fiduciaweb: Connection reset by peer: socket write error
12/07/02 06:09:04 fiduciaweb: Connection reset by peer: socket write error
12/07/02 06:09:58 fiduciaweb: Connection reset by peer: socket write error
12/07/02 06:39:54 fiduciaweb: Connection reset by peer: socket write error
12/07/02 07:12:26 fiduciaweb: Connection reset by peer: socket write error
12/07/02 07:25:29 Started
12/07/02 07:25:31 fiduciaweb: JDevOJSP: init
12/07/02 07:25:31 fiduciaweb: Started
12/07/02 07:25:42 fiduciaweb: Connection reset by peer: socket write error
12/07/02 07:25:46 fiduciaweb: Connection reset by peer: socket write error
12/07/02 07:25:51 fiduciaweb: Connection reset by peer: socket write error
12/07/02 09:16:59 Started
12/07/02 09:17:02 fiduciaweb: JDevOJSP: init
12/07/02 09:17:02 fiduciaweb: Started
12/07/02 09:17:02 fiduciaweb: Connection reset by peer: socket write error
12/07/02 09:20:23 fiduciaweb: Connection reset by peer: socket write error
12/07/02 09:20:25 fiduciaweb: Connection reset by peer: socket write error
12/07/02 09:20:30 fiduciaweb: Connection reset by peer: socket write error
12/07/02 09:21:41 fiduciaweb: Connection reset by peer: socket write error
12/07/02 09:42:39 Started
12/07/02 09:42:41 fiduciaweb: JDevOJSP: init
12/07/02 09:42:41 fiduciaweb: Started
12/07/02 09:43:20 fiduciaweb: Connection reset by peer: socket write error
12/07/02 09:43:24 fiduciaweb: Connection reset by peer: socket write error
12/07/02 09:43:27 fiduciaweb: Connection reset by peer: socket write error
12/07/02 09:43:29 fiduciaweb: Connection reset by peer: socket write error
12/07/02 09:47:22 fiduciaweb: UploadFileDepositos: init
12/07/02 10:36:20 Started
12/07/02 10:36:22 fiduciaweb: JDevOJSP: init
12/07/02 10:36:22 fiduciaweb: Started
12/07/02 10:48:14 fiduciaweb: Connection reset by peer: socket write error
12/07/02 10:48:15 fiduciaweb: Connection reset by peer: socket write error
12/07/02 10:48:19 fiduciaweb: Connection reset by peer: socket write error
12/07/02 10:49:07 fiduciaweb: Connection reset by peer: socket write error
12/07/02 10:49:16 fiduciaweb: Connection reset by peer: socket write error
12/07/02 10:50:26 fiduciaweb: UploadFileDepositos: init
12/07/02 11:47:12 Started
12/07/02 11:47:13 fiduciaweb: JDevOJSP: init
12/07/02 11:47:13 fiduciaweb: Started
12/07/02 11:47:14 fiduciaweb: Connection reset by peer: socket write error
12/07/02 11:47:26 fiduciaweb: Connection reset by peer: socket write error
12/07/02 11:47:28 fiduciaweb: Connection reset by peer: socket write error
12/07/02 11:47:31 fiduciaweb: Connection reset by peer: socket write error
12/07/02 11:47:32 fiduciaweb: Connection reset by peer: socket write error
12/07/02 11:50:04 fiduciaweb: UploadFileDepositos: init
12/07/02 11:51:56 fiduciaweb: UploadFileDepositos: destroy
12/07/02 11:51:56 fiduciaweb: JDevOJSP: init
12/07/02 11:51:56 fiduciaweb: UploadFileDepositos: init
12/07/02 11:52:19 Started
12/07/02 11:52:21 fiduciaweb: JDevOJSP: init
12/07/02 11:52:21 fiduciaweb: Started
12/07/02 11:52:21 fiduciaweb: Software caused connection abort: socket write error
12/07/02 11:52:35 fiduciaweb: Connection reset by peer: socket write error
12/07/02 11:52:35 fiduciaweb: Connection reset by peer: socket write error
12/07/02 11:52:38 fiduciaweb: Connection reset by peer: socket write error
12/07/02 11:53:41 fiduciaweb: UploadFileDepositos: init
12/07/02 11:53:52 fiduciaweb: Connection reset by peer: socket write error
12/07/02 11:56:44 fiduciaweb: Connection reset by peer: socket write error
12/07/02 12:01:38 fiduciaweb: Connection reset by peer: socket write error
12/07/02 12:02:19 fiduciaweb: Connection reset by peer: socket write error
12/07/02 12:15:40 Started
12/07/02 12:15:41 fiduciaweb: JDevOJSP: init
12/07/02 12:15:41 fiduciaweb: Started
12/07/02 12:15:54 fiduciaweb: Connection reset by peer: socket write error
12/07/02 12:15:59 fiduciaweb: Connection reset by peer: socket write error
12/07/02 12:15:59 fiduciaweb: Connection reset by peer: socket write error
12/07/02 12:16:00 fiduciaweb: Software caused connection abort: socket write error
12/07/02 12:18:46 fiduciaweb: UploadFileDepositos: init
12/07/02 12:21:23 fiduciaweb: Connection reset by peer: socket write error
12/07/02 12:21:30 fiduciaweb: Connection reset by peer: socket write error
12/07/02 12:21:39 fiduciaweb: Connection reset by peer: socket write error
12/07/02 12:21:43 fiduciaweb: Connection reset by peer: socket write error
12/07/02 12:22:51 fiduciaweb: Connection reset by peer: socket write error
12/07/02 12:23:48 fiduciaweb: Connection reset by peer: socket write error
12/07/02 12:24:04 fiduciaweb: Connection reset by peer: socket write error
12/07/02 12:24:04 fiduciaweb: Connection reset by peer: socket write error
12/07/02 12:24:06 fiduciaweb: Connection reset by peer: socket write error
12/07/02 12:24:09 fiduciaweb: Connection reset by peer: socket write error
12/07/02 12:24:15 fiduciaweb: Connection reset by peer: socket write error
12/07/02 12:24:25 fiduciaweb: Connection reset by peer: socket write error
12/07/02 13:45:50 Started
12/07/02 13:45:52 fiduciaweb: JDevOJSP: init
12/07/02 13:45:52 fiduciaweb: Started
12/07/02 13:45:52 fiduciaweb: Connection reset by peer: socket write error
12/07/02 13:46:41 fiduciaweb: Connection reset by peer: socket write error
12/07/02 13:46:52 fiduciaweb: Connection reset by peer: socket write error
12/07/02 13:46:54 fiduciaweb: Connection reset by peer: socket write error
12/07/02 13:46:57 fiduciaweb: Connection reset by peer: socket write error
12/07/02 13:46:59 fiduciaweb: Connection reset by peer: socket write error
12/07/02 14:47:01 Started
12/07/02 14:47:02 fiduciaweb: JDevOJSP: init
12/07/02 14:47:02 fiduciaweb: Started
12/07/02 14:47:02 fiduciaweb: Connection reset by peer: socket write error
12/07/02 14:56:11 fiduciaweb: Connection reset by peer: socket write error
12/07/02 14:56:22 fiduciaweb: Connection reset by peer: socket write error
12/07/02 14:56:22 fiduciaweb: Connection reset by peer: socket write error
12/07/02 14:56:24 fiduciaweb: Connection reset by peer: socket write error
12/07/02 14:56:30 fiduciaweb: Connection reset by peer: socket write error
12/07/02 14:57:35 fiduciaweb: Connection reset by peer: socket write error
12/07/02 14:57:50 fiduciaweb: Connection reset by peer: socket write error
12/07/02 14:59:38 fiduciaweb: Connection reset by peer: socket write error
12/07/02 14:59:43 fiduciaweb: Connection reset by peer: socket write error
12/07/02 15:00:12 fiduciaweb: Connection reset by peer: socket write error
12/07/02 15:00:14 fiduciaweb: Connection reset by peer: socket write error
12/07/02 15:00:16 fiduciaweb: Connection reset by peer: socket write error
12/07/02 15:00:18 fiduciaweb: Connection reset by peer: socket write error
12/07/02 15:00:21 fiduciaweb: Connection reset by peer: socket write error
12/07/02 15:03:56 fiduciaweb: UploadFileDepositos: init
12/07/02 15:17:39 fiduciaweb: Connection reset by peer: socket write error
12/07/02 16:00:01 Started
12/07/02 16:00:03 fiduciaweb: JDevOJSP: init
12/07/02 16:00:03 fiduciaweb: Started
12/07/02 16:00:03 fiduciaweb: Connection reset by peer: socket write error
12/07/02 16:01:07 fiduciaweb: Connection reset by peer: socket write error
12/07/02 16:01:11 fiduciaweb: Connection reset by peer: socket write error
12/07/02 16:01:14 fiduciaweb: Connection reset by peer: socket write error
12/07/02 16:06:03 fiduciaweb: UploadFileDepositos: init
12/07/02 16:07:04 fiduciaweb: Connection reset by peer: socket write error
12/07/02 16:20:16 Started
12/07/02 16:20:17 fiduciaweb: JDevOJSP: init
12/07/02 16:20:17 fiduciaweb: Started
12/07/02 16:20:18 fiduciaweb: Connection reset by peer: socket write error
12/07/02 16:20:37 fiduciaweb: Connection reset by peer: socket write error
12/07/02 16:20:38 fiduciaweb: Connection reset by peer: socket write error
12/07/02 16:20:40 fiduciaweb: Connection reset by peer: socket write error
12/07/02 16:20:42 fiduciaweb: Connection reset by peer: socket write error
12/07/02 16:21:22 fiduciaweb: UploadFileDepositos: init
12/07/02 16:22:53 fiduciaweb: Connection reset by peer: socket write error
12/07/02 16:22:53 fiduciaweb: Connection reset by peer: socket write error
12/07/02 18:05:19 fiduciaweb: Connection reset by peer: socket write error
12/07/02 18:05:19 fiduciaweb: Connection reset by peer: socket write error
12/07/02 18:05:33 fiduciaweb: Connection reset by peer: socket write error
12/07/02 18:05:35 fiduciaweb: Connection reset by peer: socket write error
12/07/02 18:05:56 fiduciaweb: Connection reset by peer: socket write error
12/07/02 18:07:00 fiduciaweb: Connection reset by peer: socket write error
12/07/02 18:08:01 fiduciaweb: Connection reset by peer: socket write error
12/07/02 18:08:02 fiduciaweb: Connection reset by peer: socket write error
12/07/02 18:08:05 fiduciaweb: Connection reset by peer: socket write error
12/07/02 18:08:06 fiduciaweb: Connection reset by peer: socket write error
12/07/02 18:10:29 fiduciaweb: Connection reset by peer: socket write error
12/07/02 18:10:36 fiduciaweb: Connection reset by peer: socket write error
12/07/02 18:10:43 fiduciaweb: Connection reset by peer: socket write error
12/07/02 18:10:45 fiduciaweb: Connection reset by peer: socket write error
12/07/02 18:10:47 fiduciaweb: Connection reset by peer: socket write error
12/07/02 18:11:16 fiduciaweb: Connection reset by peer: socket write error
12/07/02 18:13:43 fiduciaweb: Connection reset by peer: socket write error
12/07/02 18:13:43 fiduciaweb: Connection reset by peer: socket write error
12/07/02 18:13:49 fiduciaweb: Connection reset by peer: socket write error
12/07/02 18:13:51 fiduciaweb: Connection reset by peer: socket write error
12/07/02 18:13:53 fiduciaweb: Connection reset by peer: socket write error
12/07/02 18:13:54 fiduciaweb: Connection reset by peer: socket write error
12/07/02 18:14:53 fiduciaweb: Connection reset by peer: socket write error
12/07/02 18:15:09 fiduciaweb: Connection reset by peer: socket write error
12/07/02 18:15:09 fiduciaweb: Connection reset by peer: socket write error
12/07/02 18:15:10 fiduciaweb: Connection reset by peer: socket write error
12/07/02 18:15:12 fiduciaweb: Connection reset by peer: socket write error
12/07/02 18:15:14 fiduciaweb: Connection reset by peer: socket write error
12/07/02 18:15:30 fiduciaweb: Connection reset by peer: socket write error
12/07/02 18:15:32 fiduciaweb: Connection reset by peer: socket write error
12/07/02 18:15:32 fiduciaweb: Connection reset by peer: socket write error
12/07/02 18:15:48 fiduciaweb: Connection reset by peer: socket write error
12/07/02 18:15:49 fiduciaweb: Connection reset by peer: socket write error
12/07/02 18:15:49 fiduciaweb: Connection reset by peer: socket write error
12/07/02 18:15:54 fiduciaweb: Connection reset by peer: socket write error
12/07/06 10:20:39 Started
12/07/06 10:20:42 fiduciaweb: JDevOJSP: init
12/07/06 10:20:42 fiduciaweb: Started
12/07/06 11:17:05 Started
12/07/06 11:17:08 fiduciaweb: JDevOJSP: init
12/07/06 11:17:08 fiduciaweb: Started
12/07/06 11:17:09 fiduciaweb: Connection reset by peer: socket write error
12/07/06 11:17:23 fiduciaweb: Connection reset by peer: socket write error
12/07/06 11:17:23 fiduciaweb: Connection reset by peer: socket write error
12/07/06 11:17:25 fiduciaweb: Connection reset by peer: socket write error
12/07/06 11:17:25 fiduciaweb: Connection reset by peer: socket write error
12/07/06 11:17:29 fiduciaweb: Connection reset by peer: socket write error
12/07/08 21:52:56 Started
12/07/08 21:53:03 fiduciaweb: JDevOJSP: init
12/07/08 21:53:03 fiduciaweb: Started
12/07/08 21:58:13 fiduciaweb: Connection reset by peer: socket write error
12/07/08 21:58:13 fiduciaweb: Connection reset by peer: socket write error
12/07/08 22:05:18 fiduciaweb: Connection reset by peer: socket write error
12/07/08 22:12:53 fiduciaweb: Connection reset by peer: socket write error
12/07/08 22:12:54 fiduciaweb: Connection reset by peer: socket write error
12/07/08 22:13:29 fiduciaweb: Connection reset by peer: socket write error
12/07/08 22:13:29 fiduciaweb: Connection reset by peer: socket write error
12/07/08 22:23:42 fiduciaweb: Connection reset by peer: socket write error
12/07/08 22:23:55 fiduciaweb: Connection reset by peer: socket write error
12/07/08 22:24:19 fiduciaweb: Connection reset by peer: socket write error
12/07/08 22:24:46 fiduciaweb: Connection reset by peer: socket write error
12/07/08 22:26:55 fiduciaweb: Connection reset by peer: socket write error
12/07/08 22:27:36 fiduciaweb: Connection reset by peer: socket write error
12/07/08 22:27:59 fiduciaweb: Connection reset by peer: socket write error
12/07/08 22:28:44 fiduciaweb: Connection reset by peer: socket write error
12/07/08 22:28:57 fiduciaweb: Connection reset by peer: socket write error
12/07/08 22:29:14 fiduciaweb: Connection reset by peer: socket write error
12/07/08 22:29:14 fiduciaweb: Connection reset by peer: socket write error
12/07/08 22:29:25 fiduciaweb: Connection reset by peer: socket write error
12/07/08 22:29:51 fiduciaweb: Connection reset by peer: socket write error
12/07/08 22:33:13 fiduciaweb: Connection reset by peer: socket write error
12/07/08 22:34:01 fiduciaweb: Connection reset by peer: socket write error
12/07/08 22:35:31 fiduciaweb: Connection reset by peer: socket write error
12/07/08 22:36:31 fiduciaweb: Connection reset by peer: socket write error
12/07/08 22:36:55 fiduciaweb: Connection reset by peer: socket write error
12/07/08 22:37:29 fiduciaweb: Connection reset by peer: socket write error
12/07/08 22:38:47 fiduciaweb: Connection reset by peer: socket write error
12/07/08 22:39:23 fiduciaweb: Connection reset by peer: socket write error
12/07/08 22:40:03 fiduciaweb: Connection reset by peer: socket write error
12/07/08 22:40:27 fiduciaweb: Connection reset by peer: socket write error
12/07/08 22:40:44 fiduciaweb: Connection reset by peer: socket write error
12/07/08 22:42:25 fiduciaweb: Connection reset by peer: socket write error
12/07/08 22:42:25 fiduciaweb: Connection reset by peer: socket write error
12/07/08 22:42:46 fiduciaweb: Connection reset by peer: socket write error
12/07/08 22:42:46 fiduciaweb: Connection reset by peer: socket write error
12/07/08 22:43:12 fiduciaweb: Connection reset by peer: socket write error
12/07/08 22:43:46 fiduciaweb: Connection reset by peer: socket write error
12/07/08 22:45:01 fiduciaweb: Connection reset by peer: socket write error
12/07/08 22:46:42 fiduciaweb: Connection reset by peer: socket write error
12/07/08 22:46:42 fiduciaweb: Connection reset by peer: socket write error
12/07/08 22:47:01 fiduciaweb: Connection reset by peer: socket write error
12/07/08 22:47:01 fiduciaweb: Connection reset by peer: socket write error
12/07/08 22:47:21 fiduciaweb: Connection reset by peer: socket write error
12/07/08 22:48:18 fiduciaweb: Connection reset by peer: socket write error
12/07/08 22:48:18 fiduciaweb: Connection reset by peer: socket write error
12/07/08 22:49:30 fiduciaweb: Connection reset by peer: socket write error
12/07/08 22:49:30 fiduciaweb: com.evermind.server.http.NotFoundServlet: init
12/07/08 22:49:44 fiduciaweb: Connection reset by peer: socket write error
12/07/08 22:49:57 fiduciaweb: Connection reset by peer: socket write error
12/07/08 22:50:25 fiduciaweb: Connection reset by peer: socket write error
12/07/08 22:50:44 fiduciaweb: Connection reset by peer: socket write error
12/07/08 22:51:25 fiduciaweb: Connection reset by peer: socket write error
12/07/08 22:52:18 fiduciaweb: Connection reset by peer: socket write error
12/07/08 22:52:25 fiduciaweb: Connection reset by peer: socket write error
12/07/08 22:52:35 fiduciaweb: Connection reset by peer: socket write error
12/07/08 22:53:23 fiduciaweb: Connection reset by peer: socket write error
12/07/08 22:55:06 fiduciaweb: Connection reset by peer: socket write error
12/07/08 22:55:23 fiduciaweb: Connection reset by peer: socket write error
12/07/08 22:56:26 fiduciaweb: Connection reset by peer: socket write error
12/07/08 22:57:58 fiduciaweb: Connection reset by peer: socket write error
12/07/08 22:58:09 fiduciaweb: Connection reset by peer: socket write error
12/07/08 22:58:53 fiduciaweb: Connection reset by peer: socket write error
12/07/08 23:00:34 fiduciaweb: Connection reset by peer: socket write error
12/07/08 23:00:58 fiduciaweb: Connection reset by peer: socket write error
12/07/08 23:02:16 fiduciaweb: Connection reset by peer: socket write error
12/07/08 23:03:30 fiduciaweb: Connection reset by peer: socket write error
12/07/08 23:03:32 fiduciaweb: Connection reset by peer: socket write error
12/07/08 23:04:23 fiduciaweb: Connection reset by peer: socket write error
12/07/08 23:04:40 fiduciaweb: Connection reset by peer: socket write error
12/07/08 23:04:49 fiduciaweb: Connection reset by peer: socket write error
12/07/08 23:05:05 fiduciaweb: Connection reset by peer: socket write error
12/07/08 23:05:25 fiduciaweb: Connection reset by peer: socket write error
12/07/08 23:09:32 fiduciaweb: Connection reset by peer: socket write error
12/07/08 23:09:40 fiduciaweb: Connection reset by peer: socket write error
12/07/08 23:10:33 fiduciaweb: Connection reset by peer: socket write error
12/07/08 23:11:36 fiduciaweb: Connection reset by peer: socket write error
12/07/08 23:11:52 fiduciaweb: Connection reset by peer: socket write error
12/07/08 23:14:19 fiduciaweb: Connection reset by peer: socket write error
12/07/08 23:14:34 fiduciaweb: Connection reset by peer: socket write error
12/07/08 23:15:05 fiduciaweb: Connection reset by peer: socket write error
12/07/08 23:15:23 fiduciaweb: Connection reset by peer: socket write error
12/07/08 23:16:28 fiduciaweb: Connection reset by peer: socket write error
12/07/08 23:16:48 fiduciaweb: Connection reset by peer: socket write error
12/07/08 23:17:01 fiduciaweb: Connection reset by peer: socket write error
12/07/08 23:17:29 fiduciaweb: Connection reset by peer: socket write error
12/07/08 23:17:43 fiduciaweb: Connection reset by peer: socket write error
12/07/08 23:20:22 fiduciaweb: Connection reset by peer: socket write error
12/07/08 23:20:53 fiduciaweb: Connection reset by peer: socket write error
12/07/08 23:21:42 fiduciaweb: Connection reset by peer: socket write error
12/07/08 23:22:34 fiduciaweb: Connection reset by peer: socket write error
12/07/08 23:24:05 fiduciaweb: Connection reset by peer: socket write error
12/07/08 23:24:29 fiduciaweb: Connection reset by peer: socket write error
12/07/08 23:24:42 fiduciaweb: Connection reset by peer: socket write error
12/07/08 23:26:14 fiduciaweb: Connection reset by peer: socket write error
12/07/08 23:26:40 fiduciaweb: Connection reset by peer: socket write error
12/07/08 23:26:49 fiduciaweb: Connection reset by peer: socket write error
12/07/08 23:26:58 fiduciaweb: Connection reset by peer: socket write error
12/07/08 23:27:54 fiduciaweb: Connection reset by peer: socket write error
12/07/08 23:28:01 fiduciaweb: Connection reset by peer: socket write error
12/07/08 23:28:17 fiduciaweb: Connection reset by peer: socket write error
12/07/08 23:28:25 fiduciaweb: Connection reset by peer: socket write error
12/07/08 23:28:51 fiduciaweb: Connection reset by peer: socket write error
12/07/08 23:29:01 fiduciaweb: Connection reset by peer: socket write error
12/07/08 23:29:19 fiduciaweb: Connection reset by peer: socket write error
12/07/08 23:31:00 fiduciaweb: Connection reset by peer: socket write error
12/07/08 23:32:55 fiduciaweb: Connection reset by peer: socket write error
12/07/08 23:33:50 fiduciaweb: Connection reset by peer: socket write error
12/07/08 23:34:07 fiduciaweb: Connection reset by peer: socket write error
12/07/08 23:34:09 fiduciaweb: Connection reset by peer: socket write error
12/07/08 23:34:27 fiduciaweb: Connection reset by peer: socket write error
12/07/08 23:34:44 fiduciaweb: Connection reset by peer: socket write error
12/07/08 23:35:24 fiduciaweb: Connection reset by peer: socket write error
12/07/08 23:35:53 fiduciaweb: Connection reset by peer: socket write error
12/07/08 23:35:53 fiduciaweb: Connection reset by peer: socket write error
12/07/08 23:36:21 fiduciaweb: Connection reset by peer: socket write error
12/07/08 23:37:12 fiduciaweb: Connection reset by peer: socket write error
12/07/08 23:38:05 fiduciaweb: Connection reset by peer: socket write error
12/07/08 23:38:17 fiduciaweb: Connection reset by peer: socket write error
12/07/08 23:38:58 fiduciaweb: Connection reset by peer: socket write error
12/07/08 23:39:28 fiduciaweb: Connection reset by peer: socket write error
12/07/08 23:39:40 fiduciaweb: Connection reset by peer: socket write error
12/07/08 23:39:49 fiduciaweb: Connection reset by peer: socket write error
12/07/08 23:39:58 fiduciaweb: Connection reset by peer: socket write error
12/07/08 23:40:06 fiduciaweb: Connection reset by peer: socket write error
12/07/08 23:40:54 fiduciaweb: Connection reset by peer: socket write error
12/07/08 23:40:58 fiduciaweb: Connection reset by peer: socket write error
12/07/08 23:42:28 fiduciaweb: Connection reset by peer: socket write error
12/07/08 23:42:58 fiduciaweb: Connection reset by peer: socket write error
12/07/08 23:43:18 fiduciaweb: Connection reset by peer: socket write error
12/07/08 23:43:44 fiduciaweb: Connection reset by peer: socket write error
12/07/08 23:44:37 fiduciaweb: Connection reset by peer: socket write error
12/07/08 23:44:46 fiduciaweb: Connection reset by peer: socket write error
12/07/08 23:45:33 fiduciaweb: Connection reset by peer: socket write error
12/07/08 23:45:47 fiduciaweb: Connection reset by peer: socket write error
12/07/08 23:46:48 fiduciaweb: Connection reset by peer: socket write error
12/07/08 23:47:20 fiduciaweb: Connection reset by peer: socket write error
12/07/08 23:47:22 fiduciaweb: Connection reset by peer: socket write error
12/07/08 23:47:22 fiduciaweb: Connection reset by peer: socket write error
12/07/08 23:50:34 fiduciaweb: Connection reset by peer: socket write error
12/07/08 23:53:21 fiduciaweb: Connection reset by peer: socket write error
12/07/08 23:53:21 fiduciaweb: Connection reset by peer: socket write error
12/07/08 23:53:21 fiduciaweb: Connection reset by peer: socket write error
12/07/08 23:53:21 fiduciaweb: Connection reset by peer: socket write error
12/07/09 01:38:48 Started
12/07/09 01:38:56 fiduciaweb: JDevOJSP: init
12/07/09 01:38:56 fiduciaweb: Started
12/07/09 01:56:45 fiduciaweb: Connection reset by peer: socket write error
12/07/09 02:04:23 fiduciaweb: Connection reset by peer: socket write error
12/07/09 02:05:11 fiduciaweb: Connection reset by peer: socket write error
12/07/09 02:06:14 fiduciaweb: Connection reset by peer: socket write error
12/07/09 02:10:49 fiduciaweb: Connection reset by peer: socket write error
12/07/09 02:12:11 fiduciaweb: Connection reset by peer: socket write error
12/07/09 02:12:13 fiduciaweb: Connection reset by peer: socket write error
12/07/09 02:16:01 fiduciaweb: Connection reset by peer: socket write error
12/07/09 02:18:03 fiduciaweb: Connection reset by peer: socket write error
12/07/09 02:18:17 fiduciaweb: Connection reset by peer: socket write error
12/07/09 02:18:25 fiduciaweb: Connection reset by peer: socket write error
12/07/09 02:20:08 fiduciaweb: Connection reset by peer: socket write error
12/07/09 02:20:29 fiduciaweb: Connection reset by peer: socket write error
12/07/09 02:20:37 fiduciaweb: Connection reset by peer: socket write error
12/07/09 02:24:17 fiduciaweb: Connection reset by peer: socket write error
12/07/09 02:25:26 fiduciaweb: Connection reset by peer: socket write error
12/07/09 02:26:47 fiduciaweb: Connection reset by peer: socket write error
12/07/09 02:26:57 fiduciaweb: Connection reset by peer: socket write error
12/07/09 02:26:57 fiduciaweb: Connection reset by peer: socket write error
12/07/09 02:38:50 fiduciaweb: Connection reset by peer: socket write error
12/07/09 02:39:12 Started
12/07/09 02:39:19 fiduciaweb: JDevOJSP: init
12/07/09 02:39:19 fiduciaweb: Started
12/07/09 02:40:02 fiduciaweb: Connection reset by peer: socket write error
12/07/09 02:41:56 fiduciaweb: Connection reset by peer: socket write error
12/07/09 02:42:35 fiduciaweb: Connection reset by peer: socket write error
12/07/09 02:43:06 fiduciaweb: Connection reset by peer: socket write error
12/07/09 02:43:06 fiduciaweb: Connection reset by peer: socket write error
12/07/09 02:43:06 fiduciaweb: Connection reset by peer: socket write error
12/07/09 02:43:06 fiduciaweb: Connection reset by peer: socket write error
12/07/09 02:43:06 fiduciaweb: Connection reset by peer: socket write error
12/07/09 02:43:06 fiduciaweb: Connection reset by peer: socket write error
12/07/09 02:43:06 fiduciaweb: Connection reset by peer: socket write error
12/07/09 02:43:06 fiduciaweb: Connection reset by peer: socket write error
12/07/09 02:43:19 fiduciaweb: Connection reset by peer: socket write error
12/07/09 02:48:36 fiduciaweb: Connection reset by peer: socket write error
12/07/09 04:04:46 fiduciaweb: Connection reset by peer: socket write error
12/07/09 04:25:37 fiduciaweb: Connection reset by peer: socket write error
12/07/09 04:25:37 fiduciaweb: Connection reset by peer: socket write error
12/07/09 04:25:57 fiduciaweb: Connection reset by peer: socket write error
12/07/09 04:26:06 fiduciaweb: Connection reset by peer: socket write error
12/07/09 04:32:53 fiduciaweb: Connection reset by peer: socket write error
12/07/09 04:50:55 fiduciaweb: Connection reset by peer: socket write error
12/07/09 04:51:13 fiduciaweb: Connection reset by peer: socket write error
12/07/09 04:51:21 fiduciaweb: Connection reset by peer: socket write error
12/07/09 04:53:07 fiduciaweb: Connection reset by peer: socket write error
12/07/09 04:57:22 fiduciaweb: Connection reset by peer: socket write error
12/07/09 04:57:26 fiduciaweb: Connection reset by peer: socket write error
12/07/09 04:57:30 fiduciaweb: Connection reset by peer: socket write error
12/07/09 04:57:34 fiduciaweb: Connection reset by peer: socket write error
12/07/09 04:57:37 fiduciaweb: Connection reset by peer: socket write error
12/07/09 04:58:25 fiduciaweb: Connection reset by peer: socket write error
12/07/09 04:58:27 fiduciaweb: Connection reset by peer: socket write error
12/07/09 04:58:44 fiduciaweb: Connection reset by peer: socket write error
12/07/09 05:06:58 fiduciaweb: Connection reset by peer: socket write error
12/07/09 05:14:23 fiduciaweb: Connection reset by peer: socket write error
12/07/09 05:14:26 fiduciaweb: Connection reset by peer: socket write error
12/07/09 05:14:28 fiduciaweb: Connection reset by peer: socket write error
12/07/09 05:14:30 fiduciaweb: Connection reset by peer: socket write error
12/07/09 05:14:37 fiduciaweb: Connection reset by peer: socket write error
12/07/09 05:14:39 fiduciaweb: Connection reset by peer: socket write error
12/07/09 05:14:41 fiduciaweb: Connection reset by peer: socket write error
12/07/09 05:14:43 fiduciaweb: Connection reset by peer: socket write error
12/07/09 05:14:58 fiduciaweb: Connection reset by peer: socket write error
12/07/09 05:15:09 fiduciaweb: Connection reset by peer: socket write error
12/07/09 05:15:44 fiduciaweb: Connection reset by peer: socket write error
12/07/09 05:17:21 fiduciaweb: Connection reset by peer: socket write error
12/07/09 05:21:29 fiduciaweb: Connection reset by peer: socket write error
12/07/09 05:24:12 fiduciaweb: Connection reset by peer: socket write error
12/07/09 05:25:03 fiduciaweb: Connection reset by peer: socket write error
12/07/09 05:44:45 fiduciaweb: Connection reset by peer: socket write error
12/07/09 05:46:43 fiduciaweb: Connection reset by peer: socket write error
12/07/09 05:47:23 fiduciaweb: Connection reset by peer: socket write error
12/07/09 05:48:05 fiduciaweb: Connection reset by peer: socket write error
12/07/09 05:48:50 fiduciaweb: Connection reset by peer: socket write error
12/07/09 05:48:54 fiduciaweb: Connection reset by peer: socket write error
12/07/09 05:49:11 fiduciaweb: Connection reset by peer: socket write error
12/07/09 05:55:24 fiduciaweb: Connection reset by peer: socket write error
12/07/09 05:55:25 fiduciaweb: Connection reset by peer: socket write error
12/07/09 05:58:47 fiduciaweb: Connection reset by peer: socket write error
12/07/09 05:58:52 fiduciaweb: Connection reset by peer: socket write error
12/07/09 05:59:04 fiduciaweb: Connection reset by peer: socket write error
12/07/09 05:59:25 fiduciaweb: Connection reset by peer: socket write error
12/07/09 05:59:29 fiduciaweb: Connection reset by peer: socket write error
12/07/09 05:59:32 fiduciaweb: Connection reset by peer: socket write error
12/07/09 05:59:36 fiduciaweb: Connection reset by peer: socket write error
12/07/09 05:59:50 fiduciaweb: Servlet error
java.lang.NumberFormatException: For input string: "Selecciona un Contrato"
	at java.lang.NumberFormatException.forInputString(NumberFormatException.java:48)
	at java.lang.Integer.parseInt(Integer.java:468)
	at java.lang.Integer.parseInt(Integer.java:518)
	at _FI__Instruccion2._jspService(FI_Instruccion2.jsp:159)
	at com.orionserver[Oracle Application Server Containers for J2EE 10g (10.1.2.2.0)].http.OrionHttpJspPage.service(OrionHttpJspPage.java:56)
	at oracle.jsp.runtimev2.JspPageTable.service(JspPageTable.java:356)
	at oracle.jsp.runtimev2.JspServlet.internalService(JspServlet.java:498)
	at oracle.jsp.runtimev2.JspServlet.service(JspServlet.java:402)
	at javax.servlet.http.HttpServlet.service(HttpServlet.java:853)
	at com.evermind[Oracle Application Server Containers for J2EE 10g (10.1.2.2.0)].server.http.ResourceFilterChain.doFilter(ResourceFilterChain.java:65)
	at oracle.security.jazn.oc4j.JAZNFilter.doFilter(Unknown Source)
	at com.evermind[Oracle Application Server Containers for J2EE 10g (10.1.2.2.0)].server.http.ServletRequestDispatcher.invoke(ServletRequestDispatcher.java:673)
	at com.evermind[Oracle Application Server Containers for J2EE 10g (10.1.2.2.0)].server.http.ServletRequestDispatcher.forwardInternal(ServletRequestDispatcher.java:340)
	at com.evermind[Oracle Application Server Containers for J2EE 10g (10.1.2.2.0)].server.http.HttpRequestHandler.processRequest(HttpRequestHandler.java:830)
	at com.evermind[Oracle Application Server Containers for J2EE 10g (10.1.2.2.0)].server.http.HttpRequestHandler.run(HttpRequestHandler.java:285)
	at com.evermind[Oracle Application Server Containers for J2EE 10g (10.1.2.2.0)].server.http.HttpRequestHandler.run(HttpRequestHandler.java:126)
	at com.evermind[Oracle Application Server Containers for J2EE 10g (10.1.2.2.0)].util.ReleasableResourcePooledExecutor$MyWorker.run(ReleasableResourcePooledExecutor.java:192)
	at java.lang.Thread.run(Thread.java:534)
12/07/09 05:59:53 fiduciaweb: Connection reset by peer: socket write error
12/07/09 06:00:00 fiduciaweb: Connection reset by peer: socket write error
12/07/09 06:00:23 fiduciaweb: Connection reset by peer: socket write error
12/07/09 06:00:32 fiduciaweb: Connection reset by peer: socket write error
12/07/09 06:00:36 fiduciaweb: Connection reset by peer: socket write error
12/07/09 06:00:43 fiduciaweb: Connection reset by peer: socket write error
12/07/09 06:01:24 fiduciaweb: Connection reset by peer: socket write error
12/07/09 06:06:23 fiduciaweb: Connection reset by peer: socket write error
12/07/09 06:06:31 fiduciaweb: Connection reset by peer: socket write error
12/07/09 06:07:20 fiduciaweb: Connection reset by peer: socket write error
12/07/09 06:07:21 fiduciaweb: Connection reset by peer: socket write error
12/07/09 06:07:23 fiduciaweb: Connection reset by peer: socket write error
12/07/09 06:07:26 fiduciaweb: Connection reset by peer: socket write error
12/07/09 06:07:30 fiduciaweb: Connection reset by peer: socket write error
12/07/09 06:07:31 fiduciaweb: Connection reset by peer: socket write error
12/07/09 06:08:33 fiduciaweb: Connection reset by peer: socket write error
12/07/09 06:08:42 fiduciaweb: Connection reset by peer: socket write error
12/07/09 06:08:43 fiduciaweb: Connection reset by peer: socket write error
12/07/09 06:08:53 fiduciaweb: Connection reset by peer: socket write error
12/07/09 06:09:03 fiduciaweb: Connection reset by peer: socket write error
12/07/09 06:09:04 fiduciaweb: Connection reset by peer: socket write error
12/07/09 06:09:21 fiduciaweb: Connection reset by peer: socket write error
12/07/09 06:09:41 fiduciaweb: Connection reset by peer: socket write error
12/07/09 06:12:06 fiduciaweb: Servlet error
java.lang.NullPointerException
	at java.lang.FloatingDecimal.readJavaFormatString(FloatingDecimal.java:980)
	at java.lang.Double.valueOf(Double.java:202)
	at _confirmarInst__1._jspService(confirmarInst_1.jsp:37)
	at com.orionserver[Oracle Application Server Containers for J2EE 10g (10.1.2.2.0)].http.OrionHttpJspPage.service(OrionHttpJspPage.java:56)
	at oracle.jsp.runtimev2.JspPageTable.compileAndServe(JspPageTable.java:575)
	at oracle.jsp.runtimev2.JspPageTable.service(JspPageTable.java:311)
	at oracle.jsp.runtimev2.JspServlet.internalService(JspServlet.java:498)
	at oracle.jsp.runtimev2.JspServlet.service(JspServlet.java:402)
	at javax.servlet.http.HttpServlet.service(HttpServlet.java:853)
	at com.evermind[Oracle Application Server Containers for J2EE 10g (10.1.2.2.0)].server.http.ResourceFilterChain.doFilter(ResourceFilterChain.java:65)
	at oracle.security.jazn.oc4j.JAZNFilter.doFilter(Unknown Source)
	at com.evermind[Oracle Application Server Containers for J2EE 10g (10.1.2.2.0)].server.http.ServletRequestDispatcher.invoke(ServletRequestDispatcher.java:673)
	at com.evermind[Oracle Application Server Containers for J2EE 10g (10.1.2.2.0)].server.http.ServletRequestDispatcher.forwardInternal(ServletRequestDispatcher.java:340)
	at com.evermind[Oracle Application Server Containers for J2EE 10g (10.1.2.2.0)].server.http.HttpRequestHandler.processRequest(HttpRequestHandler.java:830)
	at com.evermind[Oracle Application Server Containers for J2EE 10g (10.1.2.2.0)].server.http.HttpRequestHandler.run(HttpRequestHandler.java:285)
	at com.evermind[Oracle Application Server Containers for J2EE 10g (10.1.2.2.0)].server.http.HttpRequestHandler.run(HttpRequestHandler.java:126)
	at com.evermind[Oracle Application Server Containers for J2EE 10g (10.1.2.2.0)].util.ReleasableResourcePooledExecutor$MyWorker.run(ReleasableResourcePooledExecutor.java:192)
	at java.lang.Thread.run(Thread.java:534)
12/07/09 06:12:12 fiduciaweb: Servlet error
java.lang.ArrayIndexOutOfBoundsException: 0 >= 0
	at java.util.Vector.elementAt(Vector.java:431)
	at com.bancomext.negocio.nDatos.getVtrIntDato1(nDatos.java:654)
	at _confirmarInst__2._jspService(confirmarInst_2.jsp:88)
	at com.orionserver[Oracle Application Server Containers for J2EE 10g (10.1.2.2.0)].http.OrionHttpJspPage.service(OrionHttpJspPage.java:56)
	at oracle.jsp.runtimev2.JspPageTable.service(JspPageTable.java:356)
	at oracle.jsp.runtimev2.JspServlet.internalService(JspServlet.java:498)
	at oracle.jsp.runtimev2.JspServlet.service(JspServlet.java:402)
	at javax.servlet.http.HttpServlet.service(HttpServlet.java:853)
	at com.evermind[Oracle Application Server Containers for J2EE 10g (10.1.2.2.0)].server.http.ResourceFilterChain.doFilter(ResourceFilterChain.java:65)
	at oracle.security.jazn.oc4j.JAZNFilter.doFilter(Unknown Source)
	at com.evermind[Oracle Application Server Containers for J2EE 10g (10.1.2.2.0)].server.http.ServletRequestDispatcher.invoke(ServletRequestDispatcher.java:673)
	at com.evermind[Oracle Application Server Containers for J2EE 10g (10.1.2.2.0)].server.http.ServletRequestDispatcher.forwardInternal(ServletRequestDispatcher.java:340)
	at com.evermind[Oracle Application Server Containers for J2EE 10g (10.1.2.2.0)].server.http.HttpRequestHandler.processRequest(HttpRequestHandler.java:830)
	at com.evermind[Oracle Application Server Containers for J2EE 10g (10.1.2.2.0)].server.http.HttpRequestHandler.run(HttpRequestHandler.java:285)
	at com.evermind[Oracle Application Server Containers for J2EE 10g (10.1.2.2.0)].server.http.HttpRequestHandler.run(HttpRequestHandler.java:126)
	at com.evermind[Oracle Application Server Containers for J2EE 10g (10.1.2.2.0)].util.ReleasableResourcePooledExecutor$MyWorker.run(ReleasableResourcePooledExecutor.java:192)
	at java.lang.Thread.run(Thread.java:534)
12/07/09 06:12:14 fiduciaweb: Servlet error
java.lang.NullPointerException
	at java.lang.FloatingDecimal.readJavaFormatString(FloatingDecimal.java:980)
	at java.lang.Double.valueOf(Double.java:202)
	at _confirmarInst__1._jspService(confirmarInst_1.jsp:37)
	at com.orionserver[Oracle Application Server Containers for J2EE 10g (10.1.2.2.0)].http.OrionHttpJspPage.service(OrionHttpJspPage.java:56)
	at oracle.jsp.runtimev2.JspPageTable.service(JspPageTable.java:356)
	at oracle.jsp.runtimev2.JspServlet.internalService(JspServlet.java:498)
	at oracle.jsp.runtimev2.JspServlet.service(JspServlet.java:402)
	at javax.servlet.http.HttpServlet.service(HttpServlet.java:853)
	at com.evermind[Oracle Application Server Containers for J2EE 10g (10.1.2.2.0)].server.http.ResourceFilterChain.doFilter(ResourceFilterChain.java:65)
	at oracle.security.jazn.oc4j.JAZNFilter.doFilter(Unknown Source)
	at com.evermind[Oracle Application Server Containers for J2EE 10g (10.1.2.2.0)].server.http.ServletRequestDispatcher.invoke(ServletRequestDispatcher.java:673)
	at com.evermind[Oracle Application Server Containers for J2EE 10g (10.1.2.2.0)].server.http.ServletRequestDispatcher.forwardInternal(ServletRequestDispatcher.java:340)
	at com.evermind[Oracle Application Server Containers for J2EE 10g (10.1.2.2.0)].server.http.HttpRequestHandler.processRequest(HttpRequestHandler.java:830)
	at com.evermind[Oracle Application Server Containers for J2EE 10g (10.1.2.2.0)].server.http.HttpRequestHandler.run(HttpRequestHandler.java:285)
	at com.evermind[Oracle Application Server Containers for J2EE 10g (10.1.2.2.0)].server.http.HttpRequestHandler.run(HttpRequestHandler.java:126)
	at com.evermind[Oracle Application Server Containers for J2EE 10g (10.1.2.2.0)].util.ReleasableResourcePooledExecutor$MyWorker.run(ReleasableResourcePooledExecutor.java:192)
	at java.lang.Thread.run(Thread.java:534)
12/07/09 06:13:08 fiduciaweb: Connection reset by peer: socket write error
12/07/09 06:13:15 fiduciaweb: Connection reset by peer: socket write error
12/07/09 06:13:32 fiduciaweb: Connection reset by peer: socket write error
12/07/09 06:13:42 fiduciaweb: Connection reset by peer: socket write error
12/07/09 06:13:58 fiduciaweb: com.evermind.server.http.NotFoundServlet: init
12/07/09 06:28:55 fiduciaweb: Connection reset by peer: socket write error
12/07/09 06:28:55 fiduciaweb: Connection reset by peer: socket write error
12/07/09 06:28:55 fiduciaweb: Connection reset by peer: socket write error
12/07/09 06:28:55 fiduciaweb: Connection reset by peer: socket write error
12/07/09 06:28:55 fiduciaweb: Servlet error
java.lang.IllegalStateException: Session was invalidated
	at com.evermind[Oracle Application Server Containers for J2EE 10g (10.1.2.2.0)].server.http.EvermindHttpSession.setAttribute(EvermindHttpSession.java:107)
	at com.evermind[Oracle Application Server Containers for J2EE 10g (10.1.2.2.0)].server.http.EvermindHttpSession.putValue(EvermindHttpSession.java:98)
	at _FI__ValidUser._jspService(FI_ValidUser.jsp:88)
	at com.orionserver[Oracle Application Server Containers for J2EE 10g (10.1.2.2.0)].http.OrionHttpJspPage.service(OrionHttpJspPage.java:56)
	at oracle.jsp.runtimev2.JspPageTable.service(JspPageTable.java:356)
	at oracle.jsp.runtimev2.JspServlet.internalService(JspServlet.java:498)
	at oracle.jsp.runtimev2.JspServlet.service(JspServlet.java:402)
	at javax.servlet.http.HttpServlet.service(HttpServlet.java:853)
	at com.evermind[Oracle Application Server Containers for J2EE 10g (10.1.2.2.0)].server.http.ResourceFilterChain.doFilter(ResourceFilterChain.java:65)
	at oracle.security.jazn.oc4j.JAZNFilter.doFilter(Unknown Source)
	at com.evermind[Oracle Application Server Containers for J2EE 10g (10.1.2.2.0)].server.http.ServletRequestDispatcher.invoke(ServletRequestDispatcher.java:673)
	at com.evermind[Oracle Application Server Containers for J2EE 10g (10.1.2.2.0)].server.http.ServletRequestDispatcher.forwardInternal(ServletRequestDispatcher.java:340)
	at com.evermind[Oracle Application Server Containers for J2EE 10g (10.1.2.2.0)].server.http.HttpRequestHandler.processRequest(HttpRequestHandler.java:830)
	at com.evermind[Oracle Application Server Containers for J2EE 10g (10.1.2.2.0)].server.http.HttpRequestHandler.run(HttpRequestHandler.java:285)
	at com.evermind[Oracle Application Server Containers for J2EE 10g (10.1.2.2.0)].server.http.HttpRequestHandler.run(HttpRequestHandler.java:126)
	at com.evermind[Oracle Application Server Containers for J2EE 10g (10.1.2.2.0)].util.ReleasableResourcePooledExecutor$MyWorker.run(ReleasableResourcePooledExecutor.java:192)
	at java.lang.Thread.run(Thread.java:534)
12/07/09 07:00:37 fiduciaweb: Connection reset by peer: socket write error
12/07/09 07:02:32 fiduciaweb: Software caused connection abort: socket write error
12/07/09 07:04:20 fiduciaweb: Connection reset by peer: socket write error
12/07/09 07:04:28 fiduciaweb: Connection reset by peer: socket write error
12/07/09 07:04:43 fiduciaweb: Connection reset by peer: socket write error
12/07/09 07:04:48 fiduciaweb: Connection reset by peer: socket write error
12/07/09 07:05:14 fiduciaweb: Connection reset by peer: socket write error
12/07/09 07:05:27 fiduciaweb: Connection reset by peer: socket write error
12/07/09 07:05:41 fiduciaweb: Connection reset by peer: socket write error
12/07/09 07:06:16 fiduciaweb: Connection reset by peer: socket write error
12/07/09 07:06:46 fiduciaweb: Connection reset by peer: socket write error
12/07/09 07:08:59 fiduciaweb: Connection reset by peer: socket write error
12/07/09 07:09:11 fiduciaweb: Connection reset by peer: socket write error
12/07/09 07:09:17 fiduciaweb: Connection reset by peer: socket write error
12/07/09 07:13:46 fiduciaweb: Connection reset by peer: socket write error
12/07/09 07:14:44 fiduciaweb: Connection reset by peer: socket write error
12/07/09 07:14:59 fiduciaweb: Connection reset by peer: socket write error
12/07/09 07:15:29 fiduciaweb: Connection reset by peer: socket write error
12/07/09 07:18:57 fiduciaweb: Connection reset by peer: socket write error
12/07/09 07:19:03 fiduciaweb: Connection reset by peer: socket write error
12/07/09 07:19:12 fiduciaweb: Connection reset by peer: socket write error
12/07/10 07:18:22 Started
12/07/10 07:18:28 fiduciaweb: JDevOJSP: init
12/07/10 07:18:28 fiduciaweb: Started
12/07/10 07:21:19 Started
12/07/10 07:21:24 fiduciaweb: JDevOJSP: init
12/07/10 07:21:24 fiduciaweb: Started
12/07/10 07:21:44 fiduciaweb: Connection reset by peer: socket write error
12/07/10 07:21:50 fiduciaweb: Connection reset by peer: socket write error
12/07/10 07:21:50 fiduciaweb: Connection reset by peer: socket write error
12/07/10 07:21:50 fiduciaweb: Connection reset by peer: socket write error
12/07/10 07:21:50 fiduciaweb: Connection reset by peer: socket write error
12/07/10 07:28:45 fiduciaweb: Servlet error
java.lang.NullPointerException
	at _confirmarInst__2._jspService(confirmarInst_2.jsp:174)
	at com.orionserver[Oracle Application Server Containers for J2EE 10g (10.1.2.2.0)].http.OrionHttpJspPage.service(OrionHttpJspPage.java:56)
	at oracle.jsp.runtimev2.JspPageTable.service(JspPageTable.java:356)
	at oracle.jsp.runtimev2.JspServlet.internalService(JspServlet.java:498)
	at oracle.jsp.runtimev2.JspServlet.service(JspServlet.java:402)
	at javax.servlet.http.HttpServlet.service(HttpServlet.java:853)
	at com.evermind[Oracle Application Server Containers for J2EE 10g (10.1.2.2.0)].server.http.ResourceFilterChain.doFilter(ResourceFilterChain.java:65)
	at oracle.security.jazn.oc4j.JAZNFilter.doFilter(Unknown Source)
	at com.evermind[Oracle Application Server Containers for J2EE 10g (10.1.2.2.0)].server.http.ServletRequestDispatcher.invoke(ServletRequestDispatcher.java:673)
	at com.evermind[Oracle Application Server Containers for J2EE 10g (10.1.2.2.0)].server.http.ServletRequestDispatcher.forwardInternal(ServletRequestDispatcher.java:340)
	at com.evermind[Oracle Application Server Containers for J2EE 10g (10.1.2.2.0)].server.http.HttpRequestHandler.processRequest(HttpRequestHandler.java:830)
	at com.evermind[Oracle Application Server Containers for J2EE 10g (10.1.2.2.0)].server.http.HttpRequestHandler.run(HttpRequestHandler.java:285)
	at com.evermind[Oracle Application Server Containers for J2EE 10g (10.1.2.2.0)].server.http.HttpRequestHandler.run(HttpRequestHandler.java:126)
	at com.evermind[Oracle Application Server Containers for J2EE 10g (10.1.2.2.0)].util.ReleasableResourcePooledExecutor$MyWorker.run(ReleasableResourcePooledExecutor.java:186)
	at java.lang.Thread.run(Thread.java:534)
12/07/10 07:29:21 fiduciaweb: UploadFileDepositos: init
12/07/10 17:35:10 Started
12/07/10 17:35:12 fiduciaweb: JDevOJSP: init
12/07/10 17:35:12 fiduciaweb: Started
12/07/10 17:51:26 Started
12/07/10 17:51:28 fiduciaweb: JDevOJSP: init
12/07/10 17:51:28 fiduciaweb: Started
12/07/10 17:56:14 fiduciaweb: Connection reset by peer: socket write error
12/07/10 17:56:21 fiduciaweb: Connection reset by peer: socket write error
12/07/10 17:56:21 fiduciaweb: Connection reset by peer: socket write error
12/07/10 17:56:21 fiduciaweb: Connection reset by peer: socket write error
12/07/10 17:56:21 fiduciaweb: Connection reset by peer: socket write error
12/07/10 18:02:11 Started
12/07/10 18:02:15 fiduciaweb: JDevOJSP: init
12/07/10 18:02:15 fiduciaweb: Started
12/07/10 18:25:11 Started
12/07/10 18:25:15 fiduciaweb: JDevOJSP: init
12/07/10 18:25:15 fiduciaweb: Started
12/07/10 18:25:20 fiduciaweb: Connection reset by peer: socket write error
12/07/12 04:43:07 Started
12/07/12 04:43:09 fiduciaweb: JDevOJSP: init
12/07/12 04:43:09 fiduciaweb: Started
12/07/12 04:43:27 fiduciaweb: Connection reset by peer: socket write error
12/07/12 04:46:18 fiduciaweb: Connection reset by peer: socket write error
12/07/12 04:46:18 fiduciaweb: Connection reset by peer: socket write error
12/07/12 04:46:18 fiduciaweb: Connection reset by peer: socket write error
12/07/12 04:46:18 fiduciaweb: Connection reset by peer: socket write error
12/07/12 04:48:46 fiduciaweb: UploadFileDepositos: init
12/07/12 04:55:21 Started
12/07/12 04:55:23 fiduciaweb: JDevOJSP: init
12/07/12 04:55:23 fiduciaweb: Started
12/07/12 05:52:24 Started
12/07/12 05:52:29 fiduciaweb: JDevOJSP: init
12/07/12 05:52:29 fiduciaweb: Started
12/07/12 06:02:52 fiduciaweb: Connection reset by peer: socket write error
12/07/12 06:02:52 fiduciaweb: Connection reset by peer: socket write error
12/07/12 06:02:52 fiduciaweb: Connection reset by peer: socket write error
12/07/12 06:02:52 fiduciaweb: Connection reset by peer: socket write error
12/07/12 06:10:07 fiduciaweb: UploadFileDepositos: init
12/07/12 06:24:55 Started
12/07/12 06:24:57 fiduciaweb: JDevOJSP: init
12/07/12 06:24:57 fiduciaweb: Started
12/07/12 06:28:02 fiduciaweb: UploadFileDepositos: init
12/07/12 07:47:10 Started
12/07/12 07:47:11 fiduciaweb: JDevOJSP: init
12/07/12 07:47:11 fiduciaweb: Started
12/07/12 18:00:38 Started
12/07/12 18:00:40 fiduciaweb: JDevOJSP: init
12/07/12 18:00:40 fiduciaweb: Started
12/07/12 18:00:52 fiduciaweb: Connection reset by peer: socket write error
12/07/12 18:00:54 fiduciaweb: Connection reset by peer: socket write error
12/07/12 18:00:54 fiduciaweb: Connection reset by peer: socket write error
12/07/12 18:00:54 fiduciaweb: Connection reset by peer: socket write error
12/07/12 18:00:54 fiduciaweb: Connection reset by peer: socket write error
12/07/12 18:04:55 fiduciaweb: UploadFileDepositos: init
12/07/12 18:05:08 fiduciaweb: Servlet error
java.lang.NullPointerException
	at _confirmarInst__1._jspService(confirmarInst_1.jsp:170)
	at com.orionserver[Oracle Application Server Containers for J2EE 10g (10.1.2.2.0)].http.OrionHttpJspPage.service(OrionHttpJspPage.java:56)
	at oracle.jsp.runtimev2.JspPageTable.service(JspPageTable.java:356)
	at oracle.jsp.runtimev2.JspServlet.internalService(JspServlet.java:498)
	at oracle.jsp.runtimev2.JspServlet.service(JspServlet.java:402)
	at javax.servlet.http.HttpServlet.service(HttpServlet.java:853)
	at com.evermind[Oracle Application Server Containers for J2EE 10g (10.1.2.2.0)].server.http.ResourceFilterChain.doFilter(ResourceFilterChain.java:65)
	at oracle.security.jazn.oc4j.JAZNFilter.doFilter(Unknown Source)
	at com.evermind[Oracle Application Server Containers for J2EE 10g (10.1.2.2.0)].server.http.ServletRequestDispatcher.invoke(ServletRequestDispatcher.java:673)
	at com.evermind[Oracle Application Server Containers for J2EE 10g (10.1.2.2.0)].server.http.ServletRequestDispatcher.forwardInternal(ServletRequestDispatcher.java:340)
	at com.evermind[Oracle Application Server Containers for J2EE 10g (10.1.2.2.0)].server.http.HttpRequestHandler.processRequest(HttpRequestHandler.java:830)
	at com.evermind[Oracle Application Server Containers for J2EE 10g (10.1.2.2.0)].server.http.HttpRequestHandler.run(HttpRequestHandler.java:285)
	at com.evermind[Oracle Application Server Containers for J2EE 10g (10.1.2.2.0)].server.http.HttpRequestHandler.run(HttpRequestHandler.java:126)
	at com.evermind[Oracle Application Server Containers for J2EE 10g (10.1.2.2.0)].util.ReleasableResourcePooledExecutor$MyWorker.run(ReleasableResourcePooledExecutor.java:192)
	at java.lang.Thread.run(Thread.java:534)
12/07/12 18:05:42 fiduciaweb: Servlet error
java.lang.NullPointerException
	at _confirmarInst__1._jspService(confirmarInst_1.jsp:170)
	at com.orionserver[Oracle Application Server Containers for J2EE 10g (10.1.2.2.0)].http.OrionHttpJspPage.service(OrionHttpJspPage.java:56)
	at oracle.jsp.runtimev2.JspPageTable.service(JspPageTable.java:356)
	at oracle.jsp.runtimev2.JspServlet.internalService(JspServlet.java:498)
	at oracle.jsp.runtimev2.JspServlet.service(JspServlet.java:402)
	at javax.servlet.http.HttpServlet.service(HttpServlet.java:853)
	at com.evermind[Oracle Application Server Containers for J2EE 10g (10.1.2.2.0)].server.http.ResourceFilterChain.doFilter(ResourceFilterChain.java:65)
	at oracle.security.jazn.oc4j.JAZNFilter.doFilter(Unknown Source)
	at com.evermind[Oracle Application Server Containers for J2EE 10g (10.1.2.2.0)].server.http.ServletRequestDispatcher.invoke(ServletRequestDispatcher.java:673)
	at com.evermind[Oracle Application Server Containers for J2EE 10g (10.1.2.2.0)].server.http.ServletRequestDispatcher.forwardInternal(ServletRequestDispatcher.java:340)
	at com.evermind[Oracle Application Server Containers for J2EE 10g (10.1.2.2.0)].server.http.HttpRequestHandler.processRequest(HttpRequestHandler.java:830)
	at com.evermind[Oracle Application Server Containers for J2EE 10g (10.1.2.2.0)].server.http.HttpRequestHandler.run(HttpRequestHandler.java:285)
	at com.evermind[Oracle Application Server Containers for J2EE 10g (10.1.2.2.0)].server.http.HttpRequestHandler.run(HttpRequestHandler.java:126)
	at com.evermind[Oracle Application Server Containers for J2EE 10g (10.1.2.2.0)].util.ReleasableResourcePooledExecutor$MyWorker.run(ReleasableResourcePooledExecutor.java:192)
	at java.lang.Thread.run(Thread.java:534)
12/07/12 18:06:53 fiduciaweb: Servlet error
java.lang.NullPointerException
	at _confirmarInst__1._jspService(confirmarInst_1.jsp:170)
	at com.orionserver[Oracle Application Server Containers for J2EE 10g (10.1.2.2.0)].http.OrionHttpJspPage.service(OrionHttpJspPage.java:56)
	at oracle.jsp.runtimev2.JspPageTable.service(JspPageTable.java:356)
	at oracle.jsp.runtimev2.JspServlet.internalService(JspServlet.java:498)
	at oracle.jsp.runtimev2.JspServlet.service(JspServlet.java:402)
	at javax.servlet.http.HttpServlet.service(HttpServlet.java:853)
	at com.evermind[Oracle Application Server Containers for J2EE 10g (10.1.2.2.0)].server.http.ResourceFilterChain.doFilter(ResourceFilterChain.java:65)
	at oracle.security.jazn.oc4j.JAZNFilter.doFilter(Unknown Source)
	at com.evermind[Oracle Application Server Containers for J2EE 10g (10.1.2.2.0)].server.http.ServletRequestDispatcher.invoke(ServletRequestDispatcher.java:673)
	at com.evermind[Oracle Application Server Containers for J2EE 10g (10.1.2.2.0)].server.http.ServletRequestDispatcher.forwardInternal(ServletRequestDispatcher.java:340)
	at com.evermind[Oracle Application Server Containers for J2EE 10g (10.1.2.2.0)].server.http.HttpRequestHandler.processRequest(HttpRequestHandler.java:830)
	at com.evermind[Oracle Application Server Containers for J2EE 10g (10.1.2.2.0)].server.http.HttpRequestHandler.run(HttpRequestHandler.java:285)
	at com.evermind[Oracle Application Server Containers for J2EE 10g (10.1.2.2.0)].server.http.HttpRequestHandler.run(HttpRequestHandler.java:126)
	at com.evermind[Oracle Application Server Containers for J2EE 10g (10.1.2.2.0)].util.ReleasableResourcePooledExecutor$MyWorker.run(ReleasableResourcePooledExecutor.java:192)
	at java.lang.Thread.run(Thread.java:534)
12/07/12 18:08:51 fiduciaweb: Servlet error
java.lang.NullPointerException
	at _confirmarInst__1._jspService(confirmarInst_1.jsp:170)
	at com.orionserver[Oracle Application Server Containers for J2EE 10g (10.1.2.2.0)].http.OrionHttpJspPage.service(OrionHttpJspPage.java:56)
	at oracle.jsp.runtimev2.JspPageTable.service(JspPageTable.java:356)
	at oracle.jsp.runtimev2.JspServlet.internalService(JspServlet.java:498)
	at oracle.jsp.runtimev2.JspServlet.service(JspServlet.java:402)
	at javax.servlet.http.HttpServlet.service(HttpServlet.java:853)
	at com.evermind[Oracle Application Server Containers for J2EE 10g (10.1.2.2.0)].server.http.ResourceFilterChain.doFilter(ResourceFilterChain.java:65)
	at oracle.security.jazn.oc4j.JAZNFilter.doFilter(Unknown Source)
	at com.evermind[Oracle Application Server Containers for J2EE 10g (10.1.2.2.0)].server.http.ServletRequestDispatcher.invoke(ServletRequestDispatcher.java:673)
	at com.evermind[Oracle Application Server Containers for J2EE 10g (10.1.2.2.0)].server.http.ServletRequestDispatcher.forwardInternal(ServletRequestDispatcher.java:340)
	at com.evermind[Oracle Application Server Containers for J2EE 10g (10.1.2.2.0)].server.http.HttpRequestHandler.processRequest(HttpRequestHandler.java:830)
	at com.evermind[Oracle Application Server Containers for J2EE 10g (10.1.2.2.0)].server.http.HttpRequestHandler.run(HttpRequestHandler.java:285)
	at com.evermind[Oracle Application Server Containers for J2EE 10g (10.1.2.2.0)].server.http.HttpRequestHandler.run(HttpRequestHandler.java:126)
	at com.evermind[Oracle Application Server Containers for J2EE 10g (10.1.2.2.0)].util.ReleasableResourcePooledExecutor$MyWorker.run(ReleasableResourcePooledExecutor.java:192)
	at java.lang.Thread.run(Thread.java:534)
12/07/12 18:10:25 Started
12/07/12 18:10:27 fiduciaweb: JDevOJSP: init
12/07/12 18:10:27 fiduciaweb: Started
12/07/12 18:12:21 fiduciaweb: UploadFileDepositos: init
12/07/12 18:26:23 Started
12/07/12 18:26:24 fiduciaweb: JDevOJSP: init
12/07/12 18:26:24 fiduciaweb: Started
12/07/12 18:27:20 fiduciaweb: UploadFileDepositos: init
12/07/12 18:28:29 Started
12/07/12 18:28:33 fiduciaweb: JDevOJSP: init
12/07/12 18:28:33 fiduciaweb: Started
12/07/12 18:29:20 fiduciaweb: UploadFileDepositos: init
12/07/12 18:31:18 Started
12/07/12 18:31:20 fiduciaweb: JDevOJSP: init
12/07/12 18:31:20 fiduciaweb: Started
12/07/12 18:32:14 fiduciaweb: UploadFileDepositos: init
12/07/12 18:35:35 Started
12/07/12 18:35:37 fiduciaweb: JDevOJSP: init
12/07/12 18:35:37 fiduciaweb: Started
12/07/12 18:36:16 fiduciaweb: Connection reset by peer: socket write error
12/07/12 18:37:07 fiduciaweb: UploadFileDepositos: init
12/07/12 18:38:34 Started
12/07/12 18:38:35 fiduciaweb: JDevOJSP: init
12/07/12 18:38:35 fiduciaweb: Started
12/07/12 18:39:26 fiduciaweb: UploadFileDepositos: init
12/07/12 18:41:17 Started
12/07/12 18:41:18 fiduciaweb: JDevOJSP: init
12/07/12 18:41:18 fiduciaweb: Started
12/07/12 18:42:14 fiduciaweb: Connection reset by peer: socket write error
12/07/12 18:42:23 fiduciaweb: UploadFileDepositos: init
12/07/12 18:48:56 Started
12/07/12 18:48:57 fiduciaweb: JDevOJSP: init
12/07/12 18:48:57 fiduciaweb: Started
12/07/12 18:49:44 fiduciaweb: UploadFileDepositos: init
12/07/12 18:52:09 Started
12/07/12 18:52:12 fiduciaweb: JDevOJSP: init
12/07/12 18:52:12 fiduciaweb: Started
12/07/12 18:54:04 fiduciaweb: UploadFileDepositos: init
12/07/12 19:02:31 Started
12/07/12 19:02:32 fiduciaweb: JDevOJSP: init
12/07/12 19:02:32 fiduciaweb: Started
12/07/12 19:05:14 fiduciaweb: UploadFileDepositos: init
12/07/12 19:11:41 Started
12/07/12 19:11:43 fiduciaweb: JDevOJSP: init
12/07/12 19:11:43 fiduciaweb: Started
12/07/12 19:12:52 fiduciaweb: UploadFileDepositos: init
12/07/16 22:38:15 Started
12/07/16 22:38:17 fiduciaweb: JDevOJSP: init
12/07/16 22:38:17 fiduciaweb: Started
12/07/16 22:38:28 fiduciaweb: Connection reset by peer: socket write error
12/07/16 22:38:28 fiduciaweb: Connection reset by peer: socket write error
12/07/16 22:38:28 fiduciaweb: Connection reset by peer: socket write error
12/07/16 22:38:28 fiduciaweb: Connection reset by peer: socket write error
12/07/16 22:39:40 Started
12/07/16 22:39:42 fiduciaweb: JDevOJSP: init
12/07/16 22:39:42 fiduciaweb: Started
12/07/16 22:39:50 fiduciaweb: Connection reset by peer: socket write error
12/07/16 22:39:55 fiduciaweb: Connection reset by peer: socket write error
12/07/16 22:39:55 fiduciaweb: Connection reset by peer: socket write error
12/07/16 22:39:55 fiduciaweb: Connection reset by peer: socket write error
12/07/16 22:39:55 fiduciaweb: Connection reset by peer: socket write error
12/07/16 22:41:48 fiduciaweb: UploadFileDepositos: init
12/07/16 22:42:03 fiduciaweb: com.evermind.server.http.NotFoundServlet: init
12/07/16 22:50:35 Started
12/07/16 22:50:37 fiduciaweb: JDevOJSP: init
12/07/16 22:50:37 fiduciaweb: Started
12/07/16 22:52:20 fiduciaweb: Connection reset by peer: socket write error
12/07/16 22:52:20 fiduciaweb: Connection reset by peer: socket write error
12/07/16 22:52:20 fiduciaweb: Connection reset by peer: socket write error
12/07/16 22:52:20 fiduciaweb: Connection reset by peer: socket write error
12/07/16 22:52:56 fiduciaweb: UploadFileDepositos: init
12/07/16 22:53:18 fiduciaweb: com.evermind.server.http.NotFoundServlet: init
12/07/16 22:54:27 fiduciaweb: Connection reset by peer: socket write error
12/07/16 22:55:57 fiduciaweb: Connection reset by peer: socket write error
12/07/16 22:55:57 fiduciaweb: Connection reset by peer: socket write error
12/07/16 22:55:57 fiduciaweb: Connection reset by peer: socket write error
12/07/16 22:55:57 fiduciaweb: Connection reset by peer: socket write error
12/07/16 23:03:51 Started
12/07/16 23:03:52 fiduciaweb: JDevOJSP: init
12/07/16 23:03:52 fiduciaweb: Started
12/07/16 23:05:08 fiduciaweb: UploadFileDepositos: init
12/07/16 23:12:21 Started
12/07/16 23:12:22 fiduciaweb: JDevOJSP: init
12/07/16 23:12:22 fiduciaweb: Started
12/07/16 23:27:25 Started
12/07/16 23:27:29 fiduciaweb: JDevOJSP: init
12/07/16 23:27:29 fiduciaweb: Started
12/07/16 23:27:35 fiduciaweb: Connection reset by peer: socket write error
12/07/16 23:28:36 fiduciaweb: UploadFileDepositos: init
12/07/16 23:28:43 fiduciaweb: com.evermind.server.http.NotFoundServlet: init
12/07/16 23:33:11 Started
12/07/16 23:33:13 fiduciaweb: JDevOJSP: init
12/07/16 23:33:13 fiduciaweb: Started
12/07/16 23:33:59 fiduciaweb: UploadFileDepositos: init
12/07/16 23:42:47 Started
12/07/16 23:42:50 fiduciaweb: JDevOJSP: init
12/07/16 23:42:50 fiduciaweb: Started
12/07/16 23:44:23 fiduciaweb: Connection reset by peer: socket write error
12/07/16 23:44:23 fiduciaweb: Connection reset by peer: socket write error
12/07/16 23:44:23 fiduciaweb: Connection reset by peer: socket write error
12/07/16 23:44:23 fiduciaweb: Connection reset by peer: socket write error
12/07/16 23:45:33 fiduciaweb: UploadFileDepositos: init
12/07/16 23:45:42 fiduciaweb: com.evermind.server.http.NotFoundServlet: init
12/07/16 23:47:19 fiduciaweb: Connection reset by peer: socket write error
12/07/16 23:49:08 Started
12/07/16 23:49:12 fiduciaweb: JDevOJSP: init
12/07/16 23:49:12 fiduciaweb: Started
12/07/16 23:50:28 fiduciaweb: UploadFileDepositos: init
12/07/16 23:51:33 Started
12/07/16 23:51:35 fiduciaweb: JDevOJSP: init
12/07/16 23:51:35 fiduciaweb: Started
12/07/16 23:57:24 Started
12/07/16 23:57:26 fiduciaweb: JDevOJSP: init
12/07/16 23:57:26 fiduciaweb: Started
12/07/31 22:58:55 Started
12/07/31 22:58:57 fiduciaweb: JDevOJSP: init
12/07/31 22:58:57 fiduciaweb: Started
12/07/31 22:59:22 fiduciaweb: Connection reset by peer: socket write error
12/07/31 23:00:21 fiduciaweb: Connection reset by peer: socket write error
12/07/31 23:00:21 fiduciaweb: Connection reset by peer: socket write error
12/07/31 23:00:21 fiduciaweb: Connection reset by peer: socket write error
12/07/31 23:00:21 fiduciaweb: Connection reset by peer: socket write error
12/07/31 23:03:13 fiduciaweb: com.evermind.server.http.NotFoundServlet: init
12/07/31 23:09:59 Started
12/07/31 23:10:00 fiduciaweb: JDevOJSP: init
12/07/31 23:10:00 fiduciaweb: Started
12/08/20 23:45:25 Started
12/08/20 23:45:32 fiduciaweb: JDevOJSP: init
12/08/20 23:45:32 fiduciaweb: Started
12/08/20 23:46:27 fiduciaweb: Connection reset by peer: socket write error
12/08/21 00:09:01 Started
12/08/21 00:09:05 fiduciaweb: JDevOJSP: init
12/08/21 00:09:05 fiduciaweb: Started
12/08/21 00:14:22 fiduciaweb: Connection reset by peer: socket write error
12/08/21 00:14:22 fiduciaweb: Connection reset by peer: socket write error
12/08/21 00:14:22 fiduciaweb: Connection reset by peer: socket write error
12/08/21 00:14:22 fiduciaweb: Connection reset by peer: socket write error
12/08/21 00:17:10 fiduciaweb: com.evermind.server.http.NotFoundServlet: init
12/08/21 00:21:50 fiduciaweb: Connection reset by peer: socket write error
12/08/21 00:22:45 fiduciaweb: Servlet error
java.lang.NullPointerException
	at _confirmarInst__2._jspService(confirmarInst_2.jsp:197)
	at com.orionserver[Oracle Application Server Containers for J2EE 10g (10.1.2.2.0)].http.OrionHttpJspPage.service(OrionHttpJspPage.java:56)
	at oracle.jsp.runtimev2.JspPageTable.compileAndServe(JspPageTable.java:575)
	at oracle.jsp.runtimev2.JspPageTable.service(JspPageTable.java:311)
	at oracle.jsp.runtimev2.JspServlet.internalService(JspServlet.java:498)
	at oracle.jsp.runtimev2.JspServlet.service(JspServlet.java:402)
	at javax.servlet.http.HttpServlet.service(HttpServlet.java:853)
	at com.evermind[Oracle Application Server Containers for J2EE 10g (10.1.2.2.0)].server.http.ResourceFilterChain.doFilter(ResourceFilterChain.java:65)
	at oracle.security.jazn.oc4j.JAZNFilter.doFilter(Unknown Source)
	at com.evermind[Oracle Application Server Containers for J2EE 10g (10.1.2.2.0)].server.http.ServletRequestDispatcher.invoke(ServletRequestDispatcher.java:673)
	at com.evermind[Oracle Application Server Containers for J2EE 10g (10.1.2.2.0)].server.http.ServletRequestDispatcher.forwardInternal(ServletRequestDispatcher.java:340)
	at com.evermind[Oracle Application Server Containers for J2EE 10g (10.1.2.2.0)].server.http.HttpRequestHandler.processRequest(HttpRequestHandler.java:830)
	at com.evermind[Oracle Application Server Containers for J2EE 10g (10.1.2.2.0)].server.http.HttpRequestHandler.run(HttpRequestHandler.java:285)
	at com.evermind[Oracle Application Server Containers for J2EE 10g (10.1.2.2.0)].server.http.HttpRequestHandler.run(HttpRequestHandler.java:126)
	at com.evermind[Oracle Application Server Containers for J2EE 10g (10.1.2.2.0)].util.ReleasableResourcePooledExecutor$MyWorker.run(ReleasableResourcePooledExecutor.java:192)
	at java.lang.Thread.run(Thread.java:534)
12/08/21 00:23:36 fiduciaweb: Servlet error
java.lang.NullPointerException
	at _confirmarInst__2._jspService(confirmarInst_2.jsp:197)
	at com.orionserver[Oracle Application Server Containers for J2EE 10g (10.1.2.2.0)].http.OrionHttpJspPage.service(OrionHttpJspPage.java:56)
	at oracle.jsp.runtimev2.JspPageTable.service(JspPageTable.java:356)
	at oracle.jsp.runtimev2.JspServlet.internalService(JspServlet.java:498)
	at oracle.jsp.runtimev2.JspServlet.service(JspServlet.java:402)
	at javax.servlet.http.HttpServlet.service(HttpServlet.java:853)
	at com.evermind[Oracle Application Server Containers for J2EE 10g (10.1.2.2.0)].server.http.ResourceFilterChain.doFilter(ResourceFilterChain.java:65)
	at oracle.security.jazn.oc4j.JAZNFilter.doFilter(Unknown Source)
	at com.evermind[Oracle Application Server Containers for J2EE 10g (10.1.2.2.0)].server.http.ServletRequestDispatcher.invoke(ServletRequestDispatcher.java:673)
	at com.evermind[Oracle Application Server Containers for J2EE 10g (10.1.2.2.0)].server.http.ServletRequestDispatcher.forwardInternal(ServletRequestDispatcher.java:340)
	at com.evermind[Oracle Application Server Containers for J2EE 10g (10.1.2.2.0)].server.http.HttpRequestHandler.processRequest(HttpRequestHandler.java:830)
	at com.evermind[Oracle Application Server Containers for J2EE 10g (10.1.2.2.0)].server.http.HttpRequestHandler.run(HttpRequestHandler.java:285)
	at com.evermind[Oracle Application Server Containers for J2EE 10g (10.1.2.2.0)].server.http.HttpRequestHandler.run(HttpRequestHandler.java:126)
	at com.evermind[Oracle Application Server Containers for J2EE 10g (10.1.2.2.0)].util.ReleasableResourcePooledExecutor$MyWorker.run(ReleasableResourcePooledExecutor.java:192)
	at java.lang.Thread.run(Thread.java:534)
12/08/21 00:23:54 fiduciaweb: Servlet error
java.lang.NullPointerException
	at _confirmarInst__2._jspService(confirmarInst_2.jsp:197)
	at com.orionserver[Oracle Application Server Containers for J2EE 10g (10.1.2.2.0)].http.OrionHttpJspPage.service(OrionHttpJspPage.java:56)
	at oracle.jsp.runtimev2.JspPageTable.service(JspPageTable.java:356)
	at oracle.jsp.runtimev2.JspServlet.internalService(JspServlet.java:498)
	at oracle.jsp.runtimev2.JspServlet.service(JspServlet.java:402)
	at javax.servlet.http.HttpServlet.service(HttpServlet.java:853)
	at com.evermind[Oracle Application Server Containers for J2EE 10g (10.1.2.2.0)].server.http.ResourceFilterChain.doFilter(ResourceFilterChain.java:65)
	at oracle.security.jazn.oc4j.JAZNFilter.doFilter(Unknown Source)
	at com.evermind[Oracle Application Server Containers for J2EE 10g (10.1.2.2.0)].server.http.ServletRequestDispatcher.invoke(ServletRequestDispatcher.java:673)
	at com.evermind[Oracle Application Server Containers for J2EE 10g (10.1.2.2.0)].server.http.ServletRequestDispatcher.forwardInternal(ServletRequestDispatcher.java:340)
	at com.evermind[Oracle Application Server Containers for J2EE 10g (10.1.2.2.0)].server.http.HttpRequestHandler.processRequest(HttpRequestHandler.java:830)
	at com.evermind[Oracle Application Server Containers for J2EE 10g (10.1.2.2.0)].server.http.HttpRequestHandler.run(HttpRequestHandler.java:285)
	at com.evermind[Oracle Application Server Containers for J2EE 10g (10.1.2.2.0)].server.http.HttpRequestHandler.run(HttpRequestHandler.java:126)
	at com.evermind[Oracle Application Server Containers for J2EE 10g (10.1.2.2.0)].util.ReleasableResourcePooledExecutor$MyWorker.run(ReleasableResourcePooledExecutor.java:192)
	at java.lang.Thread.run(Thread.java:534)
12/08/21 00:35:05 fiduciaweb: Connection reset by peer: socket write error
12/08/21 02:35:38 fiduciaweb: Servlet error
java.lang.StringIndexOutOfBoundsException: String index out of range: -1
	at java.lang.String.substring(String.java:1444)
	at _confirmarOpc__2._jspService(confirmarOpc_2.jsp:37)
	at com.orionserver[Oracle Application Server Containers for J2EE 10g (10.1.2.2.0)].http.OrionHttpJspPage.service(OrionHttpJspPage.java:56)
	at oracle.jsp.runtimev2.JspPageTable.compileAndServe(JspPageTable.java:575)
	at oracle.jsp.runtimev2.JspPageTable.service(JspPageTable.java:311)
	at oracle.jsp.runtimev2.JspServlet.internalService(JspServlet.java:498)
	at oracle.jsp.runtimev2.JspServlet.service(JspServlet.java:402)
	at javax.servlet.http.HttpServlet.service(HttpServlet.java:853)
	at com.evermind[Oracle Application Server Containers for J2EE 10g (10.1.2.2.0)].server.http.ResourceFilterChain.doFilter(ResourceFilterChain.java:65)
	at oracle.security.jazn.oc4j.JAZNFilter.doFilter(Unknown Source)
	at com.evermind[Oracle Application Server Containers for J2EE 10g (10.1.2.2.0)].server.http.ServletRequestDispatcher.invoke(ServletRequestDispatcher.java:673)
	at com.evermind[Oracle Application Server Containers for J2EE 10g (10.1.2.2.0)].server.http.ServletRequestDispatcher.forwardInternal(ServletRequestDispatcher.java:340)
	at com.evermind[Oracle Application Server Containers for J2EE 10g (10.1.2.2.0)].server.http.HttpRequestHandler.processRequest(HttpRequestHandler.java:830)
	at com.evermind[Oracle Application Server Containers for J2EE 10g (10.1.2.2.0)].server.http.HttpRequestHandler.run(HttpRequestHandler.java:285)
	at com.evermind[Oracle Application Server Containers for J2EE 10g (10.1.2.2.0)].server.http.HttpRequestHandler.run(HttpRequestHandler.java:126)
	at com.evermind[Oracle Application Server Containers for J2EE 10g (10.1.2.2.0)].util.ReleasableResourcePooledExecutor$MyWorker.run(ReleasableResourcePooledExecutor.java:192)
	at java.lang.Thread.run(Thread.java:534)
12/08/21 02:36:53 fiduciaweb: Servlet error
java.lang.StringIndexOutOfBoundsException: String index out of range: -1
	at java.lang.String.substring(String.java:1444)
	at _confirmarOpc__2._jspService(confirmarOpc_2.jsp:37)
	at com.orionserver[Oracle Application Server Containers for J2EE 10g (10.1.2.2.0)].http.OrionHttpJspPage.service(OrionHttpJspPage.java:56)
	at oracle.jsp.runtimev2.JspPageTable.service(JspPageTable.java:356)
	at oracle.jsp.runtimev2.JspServlet.internalService(JspServlet.java:498)
	at oracle.jsp.runtimev2.JspServlet.service(JspServlet.java:402)
	at javax.servlet.http.HttpServlet.service(HttpServlet.java:853)
	at com.evermind[Oracle Application Server Containers for J2EE 10g (10.1.2.2.0)].server.http.ResourceFilterChain.doFilter(ResourceFilterChain.java:65)
	at oracle.security.jazn.oc4j.JAZNFilter.doFilter(Unknown Source)
	at com.evermind[Oracle Application Server Containers for J2EE 10g (10.1.2.2.0)].server.http.ServletRequestDispatcher.invoke(ServletRequestDispatcher.java:673)
	at com.evermind[Oracle Application Server Containers for J2EE 10g (10.1.2.2.0)].server.http.ServletRequestDispatcher.forwardInternal(ServletRequestDispatcher.java:340)
	at com.evermind[Oracle Application Server Containers for J2EE 10g (10.1.2.2.0)].server.http.HttpRequestHandler.processRequest(HttpRequestHandler.java:830)
	at com.evermind[Oracle Application Server Containers for J2EE 10g (10.1.2.2.0)].server.http.HttpRequestHandler.run(HttpRequestHandler.java:285)
	at com.evermind[Oracle Application Server Containers for J2EE 10g (10.1.2.2.0)].server.http.HttpRequestHandler.run(HttpRequestHandler.java:126)
	at com.evermind[Oracle Application Server Containers for J2EE 10g (10.1.2.2.0)].util.ReleasableResourcePooledExecutor$MyWorker.run(ReleasableResourcePooledExecutor.java:186)
	at java.lang.Thread.run(Thread.java:534)
12/08/22 03:42:22 Started
12/08/22 03:42:27 fiduciaweb: JDevOJSP: init
12/08/22 03:42:27 fiduciaweb: Started
12/08/22 03:42:54 fiduciaweb: Connection reset by peer: socket write error
12/08/22 03:42:54 fiduciaweb: Connection reset by peer: socket write error
12/08/22 03:42:54 fiduciaweb: Connection reset by peer: socket write error
12/08/22 03:42:54 fiduciaweb: Connection reset by peer: socket write error
12/08/22 03:43:12 fiduciaweb: Connection reset by peer: socket write error
12/08/22 03:45:55 fiduciaweb: Connection reset by peer: socket write error
12/08/22 03:45:55 fiduciaweb: Connection reset by peer: socket write error
12/08/22 03:45:55 fiduciaweb: Connection reset by peer: socket write error
12/08/22 03:45:55 fiduciaweb: Connection reset by peer: socket write error
12/08/22 03:47:25 fiduciaweb: Connection reset by peer: socket write error
12/08/22 04:58:47 Started
12/08/22 04:58:50 fiduciaweb: JDevOJSP: init
12/08/22 04:58:50 fiduciaweb: Started
12/08/22 05:09:26 Started
12/08/22 05:09:30 fiduciaweb: JDevOJSP: init
12/08/22 05:09:30 fiduciaweb: Started
12/08/22 05:12:22 fiduciaweb: Connection reset by peer: socket write error
12/08/22 05:12:22 fiduciaweb: Connection reset by peer: socket write error
12/08/22 05:12:22 fiduciaweb: Connection reset by peer: socket write error
12/08/22 05:12:22 fiduciaweb: Connection reset by peer: socket write error
12/08/22 05:23:46 fiduciaweb: Connection reset by peer: socket write error
12/08/22 05:23:46 fiduciaweb: Connection reset by peer: socket write error
12/08/22 05:23:56 fiduciaweb: Connection reset by peer: socket write error
12/08/22 05:25:42 fiduciaweb: Connection reset by peer: socket write error
12/08/22 05:25:42 fiduciaweb: Connection reset by peer: socket write error
12/08/22 05:25:42 fiduciaweb: Connection reset by peer: socket write error
12/08/22 05:25:42 fiduciaweb: Connection reset by peer: socket write error
12/08/22 05:52:00 Started
12/08/22 05:52:04 fiduciaweb: JDevOJSP: init
12/08/22 05:52:04 fiduciaweb: Started
12/08/22 05:55:20 fiduciaweb: Connection reset by peer: socket write error
12/08/22 05:57:28 fiduciaweb: com.evermind.server.http.NotFoundServlet: init
12/08/22 05:57:45 fiduciaweb: Connection reset by peer: socket write error
12/08/22 05:57:45 fiduciaweb: Connection reset by peer: socket write error
12/08/22 05:57:45 fiduciaweb: Connection reset by peer: socket write error
12/08/22 05:57:45 fiduciaweb: Connection reset by peer: socket write error
12/08/22 06:26:20 Started
12/08/22 06:26:24 fiduciaweb: JDevOJSP: init
12/08/22 06:26:24 fiduciaweb: Started
12/08/22 08:01:53 Started
12/08/22 08:01:56 fiduciaweb: JDevOJSP: init
12/08/22 08:01:56 fiduciaweb: Started
12/08/22 08:02:31 fiduciaweb: Connection reset by peer: socket write error
12/08/22 08:02:39 fiduciaweb: Connection reset by peer: socket write error
12/08/22 08:02:39 fiduciaweb: Connection reset by peer: socket write error
12/08/22 08:02:39 fiduciaweb: Connection reset by peer: socket write error
12/08/22 08:02:39 fiduciaweb: Connection reset by peer: socket write error
12/08/22 08:03:06 fiduciaweb: Connection reset by peer: socket write error
12/08/22 08:03:06 fiduciaweb: Connection reset by peer: socket write error
12/08/22 08:03:06 fiduciaweb: Connection reset by peer: socket write error
12/08/22 08:03:06 fiduciaweb: Connection reset by peer: socket write error
12/08/22 08:03:34 fiduciaweb: Connection reset by peer: socket write error
12/08/22 17:53:46 Started
12/08/22 17:53:51 fiduciaweb: JDevOJSP: init
12/08/22 17:53:51 fiduciaweb: Started
12/08/22 17:54:02 fiduciaweb: Connection reset by peer: socket write error
12/08/22 17:54:12 fiduciaweb: Connection reset by peer: socket write error
12/08/22 17:54:12 fiduciaweb: Connection reset by peer: socket write error
12/08/22 17:54:12 fiduciaweb: Connection reset by peer: socket write error
12/08/22 17:54:12 fiduciaweb: Connection reset by peer: socket write error
12/08/22 17:54:12 fiduciaweb: Connection reset by peer: socket write error
12/08/22 17:54:12 fiduciaweb: Connection reset by peer: socket write error
12/08/22 17:57:53 fiduciaweb: Connection reset by peer: socket write error
12/08/22 17:57:53 fiduciaweb: Connection reset by peer: socket write error
12/08/22 17:57:53 fiduciaweb: Connection reset by peer: socket write error
12/08/22 17:57:53 fiduciaweb: Connection reset by peer: socket write error
12/08/22 17:57:53 fiduciaweb: Connection reset by peer: socket write error
12/08/22 17:58:00 fiduciaweb: Connection reset by peer: socket write error
12/08/22 17:58:00 fiduciaweb: Connection reset by peer: socket write error
12/08/22 17:58:00 fiduciaweb: Connection reset by peer: socket write error
12/08/22 17:58:00 fiduciaweb: Connection reset by peer: socket write error
12/08/22 17:58:00 fiduciaweb: Connection reset by peer: socket write error
12/08/22 17:58:58 fiduciaweb: Connection reset by peer: socket write error
12/08/22 17:58:58 fiduciaweb: Connection reset by peer: socket write error
12/08/22 17:58:58 fiduciaweb: Connection reset by peer: socket write error
12/08/22 17:58:58 fiduciaweb: Connection reset by peer: socket write error
12/08/22 17:59:01 fiduciaweb: Connection reset by peer: socket write error
12/08/22 17:59:01 fiduciaweb: Connection reset by peer: socket write error
12/08/22 17:59:01 fiduciaweb: Connection reset by peer: socket write error
12/08/22 17:59:01 fiduciaweb: Connection reset by peer: socket write error
12/08/22 17:59:39 fiduciaweb: Connection reset by peer: socket write error
12/08/22 17:59:39 fiduciaweb: Connection reset by peer: socket write error
12/08/22 18:00:49 Started
12/08/22 18:00:56 fiduciaweb: JDevOJSP: init
12/08/22 18:00:56 fiduciaweb: Started
12/08/22 18:01:08 fiduciaweb: Connection reset by peer: socket write error
12/08/22 18:01:08 fiduciaweb: Connection reset by peer: socket write error
12/08/22 18:01:08 fiduciaweb: Connection reset by peer: socket write error
12/08/22 18:01:08 fiduciaweb: Connection reset by peer: socket write error
12/08/22 19:27:41 Started
12/08/22 19:27:43 fiduciaweb: JDevOJSP: init
12/08/22 19:27:43 fiduciaweb: Started
12/08/22 19:41:40 fiduciaweb: Connection reset by peer: socket write error
12/08/22 20:06:35 fiduciaweb: Connection reset by peer: socket write error
12/08/22 20:06:35 fiduciaweb: Connection reset by peer: socket write error
12/08/22 20:06:35 fiduciaweb: Connection reset by peer: socket write error
12/08/22 20:06:35 fiduciaweb: Connection reset by peer: socket write error
12/08/22 20:07:01 fiduciaweb: Connection reset by peer: socket write error
12/08/23 17:41:52 Started
12/08/23 17:41:54 fiduciaweb: JDevOJSP: init
12/08/23 17:41:54 fiduciaweb: Started
12/08/23 17:48:35 fiduciaweb: Connection reset by peer: socket write error
12/08/23 17:48:35 fiduciaweb: Connection reset by peer: socket write error
12/08/23 17:48:35 fiduciaweb: Connection reset by peer: socket write error
12/08/23 17:48:35 fiduciaweb: Connection reset by peer: socket write error
12/08/23 19:37:01 Started
12/08/23 19:37:03 fiduciaweb: JDevOJSP: init
12/08/23 19:37:03 fiduciaweb: Started
12/08/23 19:39:23 fiduciaweb: Connection reset by peer: socket write error
12/08/23 19:39:42 fiduciaweb: Connection reset by peer: socket write error
12/08/23 19:48:59 fiduciaweb: UploadFileDepositos: init
12/08/23 19:56:42 fiduciaweb: com.evermind.server.http.NotFoundServlet: init
12/08/23 19:58:20 fiduciaweb: Connection reset by peer: socket write error
12/08/23 20:16:18 Started
12/08/23 20:16:21 fiduciaweb: JDevOJSP: init
12/08/23 20:16:21 fiduciaweb: Started
12/08/30 02:54:17 Started
12/08/30 02:54:24 fiduciaweb: JDevOJSP: init
12/08/30 02:54:24 fiduciaweb: Started
12/08/30 02:54:40 fiduciaweb: Connection reset by peer: socket write error
12/08/31 04:25:40 Started
12/08/31 04:25:46 fiduciaweb: JDevOJSP: init
12/08/31 04:25:46 fiduciaweb: Started
12/08/31 04:26:31 fiduciaweb: Connection reset by peer: socket write error
12/08/31 04:46:43 Started
12/08/31 04:47:02 fiduciaweb: JDevOJSP: init
12/08/31 04:47:02 fiduciaweb: Started
12/08/31 04:47:15 fiduciaweb: Connection reset by peer: socket write error
12/08/31 19:28:44 Started
12/08/31 19:28:48 fiduciaweb: JDevOJSP: init
12/08/31 19:28:48 fiduciaweb: Started
12/08/31 19:29:15 fiduciaweb: Connection reset by peer: socket write error
12/08/31 19:29:15 fiduciaweb: Connection reset by peer: socket write error
12/08/31 19:29:15 fiduciaweb: Connection reset by peer: socket write error
12/08/31 19:29:15 fiduciaweb: Connection reset by peer: socket write error
12/08/31 19:31:19 fiduciaweb: Connection reset by peer: socket write error
12/09/07 01:43:38 Started
12/09/07 01:43:40 fiduciaweb: JDevOJSP: init
12/09/07 01:43:40 fiduciaweb: Started
12/09/07 01:44:06 fiduciaweb: Connection reset by peer: socket write error
12/09/07 02:28:07 Started
12/09/07 02:28:09 fiduciaweb: JDevOJSP: init
12/09/07 02:28:09 fiduciaweb: Started
12/09/07 02:29:01 fiduciaweb: Connection reset by peer: socket write error
12/09/07 02:29:01 fiduciaweb: Connection reset by peer: socket write error
12/09/07 02:29:01 fiduciaweb: Connection reset by peer: socket write error
12/09/07 02:29:01 fiduciaweb: Connection reset by peer: socket write error
12/09/07 18:17:16 Started
12/09/07 18:17:18 fiduciaweb: JDevOJSP: init
12/09/07 18:17:18 fiduciaweb: Started
12/09/07 18:22:01 fiduciaweb: Connection reset by peer: socket write error
12/09/07 18:22:04 fiduciaweb: Connection reset by peer: socket write error
12/09/07 18:22:04 fiduciaweb: Connection reset by peer: socket write error
12/09/07 18:22:04 fiduciaweb: Connection reset by peer: socket write error
12/09/07 18:22:04 fiduciaweb: Connection reset by peer: socket write error
12/09/07 18:23:46 fiduciaweb: com.evermind.server.http.NotFoundServlet: init
12/10/02 01:47:49 Started
12/10/02 01:47:51 fiduciaweb: JDevOJSP: init
12/10/02 01:47:51 fiduciaweb: Started
12/10/25 16:39:59 Started
12/10/25 16:40:01 fiduciaweb: JDevOJSP: init
12/10/25 16:40:01 fiduciaweb: Started
12/10/25 16:41:46 Started
12/10/25 16:41:48 fiduciaweb: JDevOJSP: init
12/10/25 16:41:48 fiduciaweb: Started
13/03/12 06:15:54 Started
13/03/12 06:15:55 fiduciaweb: JDevOJSP: init
13/03/12 06:15:55 fiduciaweb: Started
13/03/26 19:02:15 Started
13/03/26 19:02:16 fiduciaweb: JDevOJSP: init
13/03/26 19:02:16 fiduciaweb: Started
13/03/26 19:04:51 Started
13/03/26 19:04:52 fiduciaweb: JDevOJSP: init
13/03/26 19:04:52 fiduciaweb: Started
13/03/26 19:05:01 fiduciaweb: Connection reset by peer: socket write error
13/03/26 19:05:01 fiduciaweb: Connection reset by peer: socket write error
13/03/26 19:05:01 fiduciaweb: Connection reset by peer: socket write error
13/03/26 19:05:01 fiduciaweb: Connection reset by peer: socket write error
